run_id,seed,fold,n_test_classes,train_rows,test_rows,balanced_accuracy,accuracy,macro_f1,weighted_f1,train_balanced_accuracy,best_epoch
deep_balanced_loss/dreamer_strict_loso_valence_eegnet_none_bs128_seed20260530_class_weighting_balanced,20260530,1,2.0,63376,,0.6574911724566205,0.658530042918455,0.6574326578127072,0.6585872525685176,,5.0
deep_balanced_loss/dreamer_strict_loso_valence_eegnet_none_bs128_seed20260530_class_weighting_balanced,20260530,2,2.0,63376,,0.5734225332716102,0.6003218884120172,0.5655986188546115,0.6103369490813257,,5.0
deep_balanced_loss/dreamer_strict_loso_valence_eegnet_none_bs128_seed20260530_class_weighting_balanced,20260530,3,2.0,63376,,0.5854840832364043,0.5812768240343348,0.5702561925034569,0.5685947907651336,,5.0
deep_balanced_loss/dreamer_strict_loso_valence_eegnet_none_bs128_seed20260530_class_weighting_balanced,20260530,4,2.0,63376,,0.3761589708580863,0.5732296137339056,0.3684017057019834,0.5609766018073611,,5.0
deep_balanced_loss/dreamer_strict_loso_valence_eegnet_none_bs128_seed20260530_class_weighting_balanced,20260530,5,2.0,63376,,0.5020283000256466,0.5496244635193133,0.5003240666787847,0.5407411298443761,,5.0
deep_balanced_loss/dreamer_strict_loso_valence_eegnet_none_bs128_seed20260530_class_weighting_balanced,20260530,6,2.0,63376,,0.5229191486005084,0.5083154506437768,0.5008140397475809,0.495495752810234,,5.0
deep_balanced_loss/dreamer_strict_loso_valence_eegnet_none_bs128_seed20260530_class_weighting_balanced,20260530,7,2.0,63376,,0.6231893479358184,0.5590128755364807,0.5589457240094682,0.5572523376761083,,5.0
deep_balanced_loss/dreamer_strict_loso_valence_eegnet_none_bs128_seed20260530_class_weighting_balanced,20260530,8,2.0,63376,,0.5333639856978465,0.5311158798283262,0.5180423205759815,0.543593250710857,,5.0
deep_balanced_loss/dreamer_strict_loso_valence_eegnet_none_bs128_seed20260530_class_weighting_balanced,20260530,9,2.0,63376,,0.5778120310777215,0.5686695278969958,0.5686147743774926,0.5680489880092938,,5.0
deep_balanced_loss/dreamer_strict_loso_valence_eegnet_none_bs128_seed20260530_class_weighting_balanced,20260530,10,2.0,63376,,0.4935112856799604,0.4071888412017167,0.3746810363854565,0.3394961182313865,,5.0
deep_balanced_loss/dreamer_strict_loso_valence_eegnet_none_bs128_seed20260530_class_weighting_balanced,20260530,11,2.0,63376,,0.5833746639170951,0.5641094420600858,0.5593609788616194,0.5726861236511142,,5.0
deep_balanced_loss/dreamer_strict_loso_valence_eegnet_none_bs128_seed20260530_class_weighting_balanced,20260530,12,2.0,63376,,0.5445678793716336,0.5399678111587983,0.5213628274024108,0.5192871693506778,,5.0
deep_balanced_loss/dreamer_strict_loso_valence_eegnet_none_bs128_seed20260530_class_weighting_balanced,20260530,13,2.0,63376,,0.6016126502844477,0.5710836909871244,0.5594819641413339,0.5503539939287779,,5.0
deep_balanced_loss/dreamer_strict_loso_valence_eegnet_none_bs128_seed20260530_class_weighting_balanced,20260530,14,2.0,63376,,0.5755600320817713,0.5772532188841202,0.5745712206944811,0.5783405154474874,,5.0
deep_balanced_loss/dreamer_strict_loso_valence_eegnet_none_bs128_seed20260530_class_weighting_balanced,20260530,15,2.0,63376,,0.4873292595255212,0.5989806866952789,0.4576636671264502,0.5438054131589469,,5.0
deep_balanced_loss/dreamer_strict_loso_valence_eegnet_none_bs128_seed20260530_class_weighting_balanced,20260530,16,2.0,63376,,0.6144032540799447,0.6392167381974249,0.6141049008576003,0.639665635394877,,5.0
deep_balanced_loss/dreamer_strict_loso_valence_eegnet_none_bs128_seed20260530_class_weighting_balanced,20260530,17,2.0,63376,,0.5102388261327607,0.6126609442060086,0.4846520426352359,0.5601621374261762,,5.0
deep_balanced_loss/dreamer_strict_loso_valence_eegnet_none_bs128_seed20260530_class_weighting_balanced,20260530,18,2.0,63376,,0.6211391748759352,0.6046137339055794,0.600808049812691,0.6109286602575151,,5.0
deep_balanced_loss/dreamer_strict_loso_valence_eegnet_none_bs128_seed20260530_class_weighting_balanced,20260530,19,2.0,63376,,0.5161669140546676,0.5308476394849786,0.4750926982241404,0.4834444672031301,,5.0
deep_balanced_loss/dreamer_strict_loso_valence_eegnet_none_bs128_seed20260530_class_weighting_balanced,20260530,20,2.0,63376,,0.6412645621537071,0.6118562231759657,0.6050611240481729,0.6226533438759553,,5.0
deep_balanced_loss/dreamer_strict_loso_valence_eegnet_none_bs128_seed20260530_class_weighting_balanced,20260530,21,2.0,63376,,0.5844167303326052,0.6330472103004292,0.5850416918900975,0.6207050975230095,,5.0
deep_balanced_loss/dreamer_strict_loso_valence_eegnet_none_bs128_seed20260530_class_weighting_balanced,20260530,22,2.0,63376,,0.5076184158235179,0.5482832618025751,0.5073994225591133,0.5447811079753885,,5.0
deep_balanced_loss/dreamer_strict_loso_valence_eegnet_none_bs128_seed20260530_class_weighting_balanced,20260530,23,2.0,63376,,0.4654918598114049,0.4522532188841202,0.4440074940833493,0.438413478139214,,5.0
deep_balanced_loss/seed_iv_strict_loso_emotion_shallow_convnet_none_bs128_seed20260530_class_weighting_balanced,20260530,1,4.0,27555,,0.3996407543416622,0.4115768463073852,0.3847861658022897,0.3885157069401523,,5.0
deep_balanced_loss/seed_iv_strict_loso_emotion_shallow_convnet_none_bs128_seed20260530_class_weighting_balanced,20260530,2,4.0,27555,,0.4549142172177498,0.4347305389221557,0.3871684939113997,0.3747790839735643,,5.0
deep_balanced_loss/seed_iv_strict_loso_emotion_shallow_convnet_none_bs128_seed20260530_class_weighting_balanced,20260530,3,4.0,27555,,0.3443858113815429,0.3409181636726547,0.2936402546994511,0.2866250367927188,,5.0
deep_balanced_loss/seed_iv_strict_loso_emotion_shallow_convnet_none_bs128_seed20260530_class_weighting_balanced,20260530,4,4.0,27555,,0.3393820877988266,0.3273453093812375,0.2656825063362668,0.2563058500356791,,5.0
deep_balanced_loss/seed_iv_strict_loso_emotion_shallow_convnet_none_bs128_seed20260530_class_weighting_balanced,20260530,5,4.0,27555,,0.3404893295725532,0.3632734530938123,0.2857775777757141,0.3011670383738611,,5.0
deep_balanced_loss/seed_iv_strict_loso_emotion_shallow_convnet_none_bs128_seed20260530_class_weighting_balanced,20260530,6,4.0,27555,,0.3204806331364382,0.3105788423153692,0.2938990946613586,0.2831626706665071,,5.0
deep_balanced_loss/seed_iv_strict_loso_emotion_shallow_convnet_none_bs128_seed20260530_class_weighting_balanced,20260530,7,4.0,27555,,0.4876270432118224,0.4710578842315369,0.4295431647168745,0.4189479166546617,,5.0
deep_balanced_loss/seed_iv_strict_loso_emotion_shallow_convnet_none_bs128_seed20260530_class_weighting_balanced,20260530,8,4.0,27555,,0.3895459262766864,0.4035928143712575,0.3849133937438958,0.3915729910885941,,5.0
deep_balanced_loss/seed_iv_strict_loso_emotion_shallow_convnet_none_bs128_seed20260530_class_weighting_balanced,20260530,9,4.0,27555,,0.3585558069815701,0.3632734530938123,0.323608685605183,0.3273317413801251,,5.0
deep_balanced_loss/seed_iv_strict_loso_emotion_shallow_convnet_none_bs128_seed20260530_class_weighting_balanced,20260530,10,4.0,27555,,0.439747314462811,0.4483033932135729,0.4420550905014335,0.4472159049178769,,5.0
deep_balanced_loss/seed_iv_strict_loso_emotion_shallow_convnet_none_bs128_seed20260530_class_weighting_balanced,20260530,11,4.0,27555,,0.322125588703522,0.3245508982035928,0.3211316828144966,0.3207026821411965,,5.0
deep_balanced_loss/seed_iv_strict_loso_emotion_shallow_convnet_none_bs128_seed20260530_class_weighting_balanced,20260530,12,4.0,27555,,0.3849128174942221,0.3900199600798403,0.3828655547701592,0.3853499501619598,,5.0
deep_balanced_loss/seed_iv_strict_loso_emotion_shallow_convnet_none_bs128_seed20260530_class_weighting_balanced,20260530,13,4.0,27555,,0.2853638465071225,0.2542914171656686,0.1744600978958519,0.1674429957226514,,5.0
deep_balanced_loss/seed_iv_strict_loso_emotion_shallow_convnet_none_bs128_seed20260530_class_weighting_balanced,20260530,14,4.0,27555,,0.4697536630871992,0.4650698602794411,0.4579130637714987,0.4558469424809532,,5.0
deep_balanced_loss/seed_iv_strict_loso_emotion_shallow_convnet_none_bs128_seed20260530_class_weighting_balanced,20260530,15,4.0,27555,,0.3987461748056821,0.3940119760479041,0.4004326625249009,0.3977246366501601,,5.0
deep_early_stopping/dreamer_strict_loso_valence_deep_convnet_none_earlystop_pat7_max50_seed20260530,20260530,1,,74560,,0.5077322781199679,0.5241416309012875,0.4750539434263949,0.4846131246715056,,13.0
deep_early_stopping/dreamer_strict_loso_valence_deep_convnet_none_earlystop_pat7_max50_seed20260530,20260530,2,,74560,,0.5271686486109798,0.4914163090128755,0.486893672846631,0.5044415011716598,,6.0
deep_early_stopping/dreamer_strict_loso_valence_deep_convnet_none_earlystop_pat7_max50_seed20260530,20260530,3,,74560,,0.6077068750178187,0.6064914163090128,0.6059899303292906,0.605650578914441,,23.0
deep_early_stopping/dreamer_strict_loso_valence_deep_convnet_none_earlystop_pat7_max50_seed20260530,20260530,4,,74560,,0.703388189269927,0.7875536480686696,0.7028969144739463,0.7878088945016184,,19.0
deep_early_stopping/dreamer_strict_loso_valence_deep_convnet_none_earlystop_pat7_max50_seed20260530,20260530,5,,74560,,0.4736777210045572,0.5869098712446352,0.3965068135174602,0.4837976136216093,,14.0
deep_early_stopping/dreamer_strict_loso_valence_deep_convnet_none_earlystop_pat7_max50_seed20260530,20260530,6,,74560,,0.5228098178439394,0.5450643776824035,0.4995738688529157,0.5126867913268962,,11.0
deep_early_stopping/dreamer_strict_loso_valence_deep_convnet_none_earlystop_pat7_max50_seed20260530,20260530,7,,74560,,0.6648738598181827,0.6381437768240343,0.6327692489796878,0.6465928682689162,,25.0
deep_early_stopping/dreamer_strict_loso_valence_deep_convnet_none_earlystop_pat7_max50_seed20260530,20260530,8,,74560,,0.515288508959395,0.6174892703862661,0.5008696076719263,0.5785297604228741,,6.0
deep_early_stopping/dreamer_strict_loso_valence_deep_convnet_none_earlystop_pat7_max50_seed20260530,20260530,9,,74560,,0.595762627549048,0.6046137339055794,0.596075923500208,0.602912472791594,,13.0
deep_early_stopping/dreamer_strict_loso_valence_deep_convnet_none_earlystop_pat7_max50_seed20260530,20260530,10,,74560,,0.5243654716546283,0.4519849785407725,0.4368581309567565,0.4140812082443266,,8.0
deep_early_stopping/dreamer_strict_loso_valence_deep_convnet_none_earlystop_pat7_max50_seed20260530,20260530,11,,74560,,0.5813744418798691,0.6735515021459227,0.5727195681628907,0.6331853220588447,,9.0
deep_early_stopping/dreamer_strict_loso_valence_deep_convnet_none_earlystop_pat7_max50_seed20260530,20260530,12,,74560,,0.5149924484891939,0.5050965665236051,0.3872331691041206,0.3813219773069355,,8.0
deep_early_stopping/dreamer_strict_loso_valence_deep_convnet_none_earlystop_pat7_max50_seed20260530,20260530,13,,74560,,0.594492681368298,0.5702789699570815,0.5646475108119078,0.5583254010168542,,9.0
deep_early_stopping/dreamer_strict_loso_valence_deep_convnet_none_earlystop_pat7_max50_seed20260530,20260530,14,,74560,,0.575513401600358,0.5740343347639485,0.5729250078849311,0.5753538498937271,,12.0
deep_early_stopping/dreamer_strict_loso_valence_deep_convnet_none_earlystop_pat7_max50_seed20260530,20260530,15,,74560,,0.4249423854464618,0.4922210300429184,0.422050200223855,0.4847123731184767,,3.0
deep_early_stopping/dreamer_strict_loso_valence_deep_convnet_none_earlystop_pat7_max50_seed20260530,20260530,16,,74560,,0.5963545910179493,0.6368025751072961,0.5980167268985794,0.6304387485445534,,8.0
deep_early_stopping/dreamer_strict_loso_valence_deep_convnet_none_earlystop_pat7_max50_seed20260530,20260530,17,,74560,,0.5193403549627749,0.5828862660944206,0.5172094046659219,0.5695598338482015,,10.0
deep_early_stopping/dreamer_strict_loso_valence_deep_convnet_none_earlystop_pat7_max50_seed20260530,20260530,18,,74560,,0.6336110905365034,0.6244635193133047,0.6180791853448717,0.630900835306372,,14.0
deep_early_stopping/dreamer_strict_loso_valence_deep_convnet_none_earlystop_pat7_max50_seed20260530,20260530,19,,74560,,0.5541430638318743,0.5708154506437768,0.5033516767709333,0.5122879262941192,,21.0
deep_early_stopping/dreamer_strict_loso_valence_deep_convnet_none_earlystop_pat7_max50_seed20260530,20260530,20,,74560,,0.4949702437400917,0.6545064377682404,0.4174929334837621,0.5436742187756668,,8.0
deep_early_stopping/dreamer_strict_loso_valence_deep_convnet_none_earlystop_pat7_max50_seed20260530,20260530,21,,74560,,0.5319005550849998,0.5783261802575107,0.5308434899308228,0.5685573974247013,,4.0
deep_early_stopping/dreamer_strict_loso_valence_deep_convnet_none_earlystop_pat7_max50_seed20260530,20260530,22,,74560,,0.4909164149977655,0.5759120171673819,0.4670316985839007,0.530485985141158,,8.0
deep_early_stopping/dreamer_strict_loso_valence_deep_convnet_none_earlystop_pat7_max50_seed20260530,20260530,23,,74560,,0.5234868638394797,0.5531115879828327,0.4670620680660169,0.4847544927218108,,7.0
deep_early_stopping/dreamer_strict_loso_valence_eegconformer_none_earlystop_pat7_max50_seed20260530,20260530,1,,74560,,0.512142222735708,0.5278969957081545,0.4828745055164004,0.4919608626278272,,2.0
deep_early_stopping/dreamer_strict_loso_valence_eegconformer_none_earlystop_pat7_max50_seed20260530,20260530,2,,74560,,0.5402323910594318,0.6620171673819742,0.5292166921370944,0.6202990382898959,,9.0
deep_early_stopping/dreamer_strict_loso_valence_eegconformer_none_earlystop_pat7_max50_seed20260530,20260530,3,,74560,,0.5,0.5120708154506438,0.3386553131098102,0.3468310046816672,,1.0
deep_early_stopping/dreamer_strict_loso_valence_eegconformer_none_earlystop_pat7_max50_seed20260530,20260530,4,,74560,,0.5,0.7677038626609443,0.4342943854324734,0.6668189544569415,,1.0
deep_early_stopping/dreamer_strict_loso_valence_eegconformer_none_earlystop_pat7_max50_seed20260530,20260530,5,,74560,,0.4399265619759711,0.447156652360515,0.4358836894022909,0.456418878092794,,16.0
deep_early_stopping/dreamer_strict_loso_valence_eegconformer_none_earlystop_pat7_max50_seed20260530,20260530,6,,74560,,0.5,0.5434549356223176,0.3521028849496003,0.3827041013454346,,1.0
deep_early_stopping/dreamer_strict_loso_valence_eegconformer_none_earlystop_pat7_max50_seed20260530,20260530,7,,74560,,0.6827420193646083,0.6799892703862661,0.6661509995981805,0.6873003989581005,,14.0
deep_early_stopping/dreamer_strict_loso_valence_eegconformer_none_earlystop_pat7_max50_seed20260530,20260530,8,,74560,,0.5,0.6609442060085837,0.3979328165374677,0.5260227789422319,,1.0
deep_early_stopping/dreamer_strict_loso_valence_eegconformer_none_earlystop_pat7_max50_seed20260530,20260530,9,,74560,,0.5943942461458473,0.6158798283261803,0.5894433529071754,0.601571714780165,,25.0
deep_early_stopping/dreamer_strict_loso_valence_eegconformer_none_earlystop_pat7_max50_seed20260530,20260530,10,,74560,,0.5035385743217068,0.3827789699570815,0.2878658484800712,0.2237070889217688,,9.0
deep_early_stopping/dreamer_strict_loso_valence_eegconformer_none_earlystop_pat7_max50_seed20260530,20260530,11,,74560,,0.5826013076294319,0.6241952789699571,0.5835237723649741,0.6214372969770011,,37.0
deep_early_stopping/dreamer_strict_loso_valence_eegconformer_none_earlystop_pat7_max50_seed20260530,20260530,12,,74560,,0.5304499375866552,0.5228004291845494,0.4620274619310958,0.4580503004667835,,11.0
deep_early_stopping/dreamer_strict_loso_valence_eegconformer_none_earlystop_pat7_max50_seed20260530,20260530,13,,74560,,0.5,0.4361587982832618,0.3036981695928278,0.264921257380868,,1.0
deep_early_stopping/dreamer_strict_loso_valence_eegconformer_none_earlystop_pat7_max50_seed20260530,20260530,14,,74560,,0.5594305485609834,0.592274678111588,0.5328122057692073,0.5514109941108842,,7.0
deep_early_stopping/dreamer_strict_loso_valence_eegconformer_none_earlystop_pat7_max50_seed20260530,20260530,15,,74560,,0.5,0.6555793991416309,0.3959818535320804,0.5191950912191011,,1.0
deep_early_stopping/dreamer_strict_loso_valence_eegconformer_none_earlystop_pat7_max50_seed20260530,20260530,16,,74560,,0.5944553489864948,0.6628218884120172,0.5915805969024036,0.6358719072307953,,32.0
deep_early_stopping/dreamer_strict_loso_valence_eegconformer_none_earlystop_pat7_max50_seed20260530,20260530,17,,74560,,0.5503895164501706,0.6000536480686696,0.5509302822536829,0.5945954963114488,,18.0
deep_early_stopping/dreamer_strict_loso_valence_eegconformer_none_earlystop_pat7_max50_seed20260530,20260530,18,,74560,,0.5503579981729748,0.6437768240343348,0.5233263509295301,0.5855440979761954,,11.0
deep_early_stopping/dreamer_strict_loso_valence_eegconformer_none_earlystop_pat7_max50_seed20260530,20260530,19,,74560,,0.5656446585107964,0.5675965665236051,0.5656117179684382,0.5670452197027254,,20.0
deep_early_stopping/dreamer_strict_loso_valence_eegconformer_none_earlystop_pat7_max50_seed20260530,20260530,20,,74560,,0.6400536858690217,0.6300965665236051,0.6165382334932026,0.6410244668976102,,16.0
deep_early_stopping/dreamer_strict_loso_valence_eegconformer_none_earlystop_pat7_max50_seed20260530,20260530,21,,74560,,0.5010259311239587,0.6252682403433476,0.3933557516116268,0.4881330029718355,,1.0
deep_early_stopping/dreamer_strict_loso_valence_eegconformer_none_earlystop_pat7_max50_seed20260530,20260530,22,,74560,,0.5,0.631706008583691,0.3871445010685517,0.4891230150302786,,1.0
deep_early_stopping/dreamer_strict_loso_valence_eegconformer_none_earlystop_pat7_max50_seed20260530,20260530,23,,74560,,0.481005164049867,0.4890021459227467,0.4792953656170148,0.485169016568224,,24.0
deep_early_stopping/dreamer_strict_loso_valence_eegnet_none_earlystop_pat7_max50_seed20260530,20260530,1,,74560,,0.53922750871923,0.5568669527896996,0.5033265031200483,0.513037270952289,,5.0
deep_early_stopping/dreamer_strict_loso_valence_eegnet_none_earlystop_pat7_max50_seed20260530,20260530,2,,74560,,0.5905510452288154,0.6824034334763949,0.5936867027142465,0.6628470473612026,,9.0
deep_early_stopping/dreamer_strict_loso_valence_eegnet_none_earlystop_pat7_max50_seed20260530,20260530,3,,74560,,0.6106233860556358,0.6078326180257511,0.603802332668053,0.6028376367047743,,14.0
deep_early_stopping/dreamer_strict_loso_valence_eegnet_none_earlystop_pat7_max50_seed20260530,20260530,4,,74560,,0.4729678368943696,0.7175429184549357,0.4303627360287316,0.6469141693958276,,11.0
deep_early_stopping/dreamer_strict_loso_valence_eegnet_none_earlystop_pat7_max50_seed20260530,20260530,5,,74560,,0.5459456193651483,0.6424356223175965,0.5131711290145138,0.577769730561083,,11.0
deep_early_stopping/dreamer_strict_loso_valence_eegnet_none_earlystop_pat7_max50_seed20260530,20260530,6,,74560,,0.4872903720493746,0.4973175965665236,0.4844931907935514,0.4915597000970259,,2.0
deep_early_stopping/dreamer_strict_loso_valence_eegnet_none_earlystop_pat7_max50_seed20260530,20260530,7,,74560,,0.6367918636013685,0.5705472103004292,0.5704537163441792,0.5684818438123614,,21.0
deep_early_stopping/dreamer_strict_loso_valence_eegnet_none_earlystop_pat7_max50_seed20260530,20260530,8,,74560,,0.5545886075949367,0.637607296137339,0.5523426441812644,0.6152299105287073,,3.0
deep_early_stopping/dreamer_strict_loso_valence_eegnet_none_earlystop_pat7_max50_seed20260530,20260530,9,,74560,,0.5972433387689294,0.6158798283261803,0.5945009163518986,0.605340224525775,,3.0
deep_early_stopping/dreamer_strict_loso_valence_eegnet_none_earlystop_pat7_max50_seed20260530,20260530,10,,74560,,0.5090870196291883,0.4584227467811159,0.454963458854326,0.4442478194851453,,18.0
deep_early_stopping/dreamer_strict_loso_valence_eegnet_none_earlystop_pat7_max50_seed20260530,20260530,11,,74560,,0.5764663498809773,0.6156115879828327,0.5769492126730945,0.6142050596885121,,7.0
deep_early_stopping/dreamer_strict_loso_valence_eegnet_none_earlystop_pat7_max50_seed20260530,20260530,12,,74560,,0.5280959394612152,0.5211909871244635,0.4730316431412936,0.4695275914938934,,7.0
deep_early_stopping/dreamer_strict_loso_valence_eegnet_none_earlystop_pat7_max50_seed20260530,20260530,13,,74560,,0.5846511200602016,0.5378218884120172,0.4947048327246333,0.475858442910864,,2.0
deep_early_stopping/dreamer_strict_loso_valence_eegnet_none_earlystop_pat7_max50_seed20260530,20260530,14,,74560,,0.5440727995075821,0.5273605150214592,0.5235820756961247,0.5188476456981151,,2.0
deep_early_stopping/dreamer_strict_loso_valence_eegnet_none_earlystop_pat7_max50_seed20260530,20260530,15,,74560,,0.5492355874390076,0.6590665236051502,0.5301077225543014,0.6067038358256709,,14.0
deep_early_stopping/dreamer_strict_loso_valence_eegnet_none_earlystop_pat7_max50_seed20260530,20260530,16,,74560,,0.5968977606597042,0.630901287553648,0.5980349842512256,0.6278798075127123,,5.0
deep_early_stopping/dreamer_strict_loso_valence_eegnet_none_earlystop_pat7_max50_seed20260530,20260530,17,,74560,,0.5315412552233765,0.6091738197424893,0.525304926941196,0.5839649821487374,,23.0
deep_early_stopping/dreamer_strict_loso_valence_eegnet_none_earlystop_pat7_max50_seed20260530,20260530,18,,74560,,0.611368293706639,0.5772532188841202,0.5769365144971261,0.5799421012285984,,8.0
deep_early_stopping/dreamer_strict_loso_valence_eegnet_none_earlystop_pat7_max50_seed20260530,20260530,19,,74560,,0.5311354027375682,0.5421137339055794,0.5113779362778442,0.5173607332492323,,14.0
deep_early_stopping/dreamer_strict_loso_valence_eegnet_none_earlystop_pat7_max50_seed20260530,20260530,20,,74560,,0.5153415617831568,0.6649678111587983,0.4605151061428979,0.5732981669490548,,2.0
deep_early_stopping/dreamer_strict_loso_valence_eegnet_none_earlystop_pat7_max50_seed20260530,20260530,21,,74560,,0.5532580307471896,0.6542381974248928,0.5123341982733066,0.5788053903174608,,3.0
deep_early_stopping/dreamer_strict_loso_valence_eegnet_none_earlystop_pat7_max50_seed20260530,20260530,22,,74560,,0.5073375981740668,0.5847639484978541,0.4918667961357904,0.5490970368004997,,4.0
deep_early_stopping/dreamer_strict_loso_valence_eegnet_none_earlystop_pat7_max50_seed20260530,20260530,23,,74560,,0.503376917682379,0.516362660944206,0.4964691855203382,0.5047379985170336,,24.0
deep_early_stopping/dreamer_strict_loso_valence_shallow_convnet_none_earlystop_pat7_max50_seed20260530,20260530,1,,74560,,0.5758878450684902,0.589324034334764,0.5595680322505794,0.5663851968147579,,2.0
deep_early_stopping/dreamer_strict_loso_valence_shallow_convnet_none_earlystop_pat7_max50_seed20260530,20260530,2,,74560,,0.5436309817136808,0.6386802575107297,0.5422603403338583,0.6187876620908375,,6.0
deep_early_stopping/dreamer_strict_loso_valence_shallow_convnet_none_earlystop_pat7_max50_seed20260530,20260530,3,,74560,,0.6293866817030294,0.6292918454935622,0.6292447874314022,0.6293456261360308,,3.0
deep_early_stopping/dreamer_strict_loso_valence_shallow_convnet_none_earlystop_pat7_max50_seed20260530,20260530,4,,74560,,0.7294871236219443,0.828862660944206,0.7438126341005247,0.8228442232904631,,3.0
deep_early_stopping/dreamer_strict_loso_valence_shallow_convnet_none_earlystop_pat7_max50_seed20260530,20260530,5,,74560,,0.5013526110201424,0.6258047210300429,0.401263773048143,0.4956830941443427,,6.0
deep_early_stopping/dreamer_strict_loso_valence_shallow_convnet_none_earlystop_pat7_max50_seed20260530,20260530,6,,74560,,0.5299899775306445,0.5523068669527897,0.5071010904163817,0.5200742273497707,,8.0
deep_early_stopping/dreamer_strict_loso_valence_shallow_convnet_none_earlystop_pat7_max50_seed20260530,20260530,7,,74560,,0.6576357128653808,0.6201716738197425,0.6174578176945238,0.6274835282208093,,7.0
deep_early_stopping/dreamer_strict_loso_valence_shallow_convnet_none_earlystop_pat7_max50_seed20260530,20260530,8,,74560,,0.5383394295577839,0.6258047210300429,0.5334022447933522,0.6002394789609404,,3.0
deep_early_stopping/dreamer_strict_loso_valence_shallow_convnet_none_earlystop_pat7_max50_seed20260530,20260530,9,,74560,,0.5945872491945077,0.6027360515021459,0.5948843841377078,0.6014501329549836,,8.0
deep_early_stopping/dreamer_strict_loso_valence_shallow_convnet_none_earlystop_pat7_max50_seed20260530,20260530,10,,74560,,0.5112856799603788,0.4388412017167382,0.4226661992116434,0.398818439107978,,1.0
deep_early_stopping/dreamer_strict_loso_valence_shallow_convnet_none_earlystop_pat7_max50_seed20260530,20260530,11,,74560,,0.5527242489496476,0.657725321888412,0.5298943120797941,0.6013060799049789,,11.0
deep_early_stopping/dreamer_strict_loso_valence_shallow_convnet_none_earlystop_pat7_max50_seed20260530,20260530,12,,74560,,0.5367736260065682,0.5281652360515021,0.4487487515508678,0.444146524180513,,7.0
deep_early_stopping/dreamer_strict_loso_valence_shallow_convnet_none_earlystop_pat7_max50_seed20260530,20260530,13,,74560,,0.6110551305322758,0.6282188841201717,0.6106459935858792,0.6212074783009338,,14.0
deep_early_stopping/dreamer_strict_loso_valence_shallow_convnet_none_earlystop_pat7_max50_seed20260530,20260530,14,,74560,,0.5638569470091209,0.5641094420600858,0.5622495517176719,0.565433561521969,,17.0
deep_early_stopping/dreamer_strict_loso_valence_shallow_convnet_none_earlystop_pat7_max50_seed20260530,20260530,15,,74560,,0.5247168983995391,0.6373390557939914,0.4991905979797739,0.581035445305868,,10.0
deep_early_stopping/dreamer_strict_loso_valence_shallow_convnet_none_earlystop_pat7_max50_seed20260530,20260530,16,,74560,,0.5584055502061576,0.6550429184549357,0.5290931950337892,0.5923293632244893,,1.0
deep_early_stopping/dreamer_strict_loso_valence_shallow_convnet_none_earlystop_pat7_max50_seed20260530,20260530,17,,74560,,0.5135927505330491,0.6225858369098712,0.4814318080775216,0.5609715590288097,,10.0
deep_early_stopping/dreamer_strict_loso_valence_shallow_convnet_none_earlystop_pat7_max50_seed20260530,20260530,18,,74560,,0.6519973829099079,0.6421673819742489,0.6358768312866034,0.64830387835934,,10.0
deep_early_stopping/dreamer_strict_loso_valence_shallow_convnet_none_earlystop_pat7_max50_seed20260530,20260530,19,,74560,,0.5592447381365553,0.568401287553648,0.5475121682890424,0.5522585099946082,,6.0
deep_early_stopping/dreamer_strict_loso_valence_shallow_convnet_none_earlystop_pat7_max50_seed20260530,20260530,20,,74560,,0.6271424978861717,0.6271459227467812,0.6094289615534083,0.6376779198289876,,8.0
deep_early_stopping/dreamer_strict_loso_valence_shallow_convnet_none_earlystop_pat7_max50_seed20260530,20260530,21,,74560,,0.5476212509473031,0.6469957081545065,0.5079021751995554,0.5740102014576604,,3.0
deep_early_stopping/dreamer_strict_loso_valence_shallow_convnet_none_earlystop_pat7_max50_seed20260530,20260530,22,,74560,,0.5097786705387338,0.6030042918454935,0.4787779304382262,0.5458055606041254,,8.0
deep_early_stopping/dreamer_strict_loso_valence_shallow_convnet_none_earlystop_pat7_max50_seed20260530,20260530,23,,74560,,0.5007253432557277,0.5142167381974249,0.4929782367808504,0.50155157680222,,10.0
deep_early_stopping/dreamer_strict_loso_valence_tsception_none_earlystop_pat7_max50_seed20260530,20260530,1,,74560,,0.6654719937611473,0.6638948497854077,0.6638367746067222,0.6640998907223996,,2.0
deep_early_stopping/dreamer_strict_loso_valence_tsception_none_earlystop_pat7_max50_seed20260530,20260530,2,,74560,,0.5316342868899652,0.651824034334764,0.5203115086917904,0.6118043415929986,,4.0
deep_early_stopping/dreamer_strict_loso_valence_tsception_none_earlystop_pat7_max50_seed20260530,20260530,3,,74560,,0.6240543117566713,0.6274141630901288,0.6183345631231546,0.619755717900594,,3.0
deep_early_stopping/dreamer_strict_loso_valence_tsception_none_earlystop_pat7_max50_seed20260530,20260530,4,,74560,,0.5096147173361867,0.7398068669527897,0.4858723518479341,0.6793278068667479,,3.0
deep_early_stopping/dreamer_strict_loso_valence_tsception_none_earlystop_pat7_max50_seed20260530,20260530,5,,74560,,0.5570648957367477,0.6279506437768241,0.5488511170191278,0.5974965658899725,,4.0
deep_early_stopping/dreamer_strict_loso_valence_tsception_none_earlystop_pat7_max50_seed20260530,20260530,6,,74560,,0.5247615313497969,0.5488197424892703,0.4964743141912346,0.5105840635827186,,5.0
deep_early_stopping/dreamer_strict_loso_valence_tsception_none_earlystop_pat7_max50_seed20260530,20260530,7,,74560,,0.7018287522115321,0.6982296137339056,0.6847456350537597,0.7050328143909441,,6.0
deep_early_stopping/dreamer_strict_loso_valence_tsception_none_earlystop_pat7_max50_seed20260530,20260530,8,,74560,,0.5364771699819169,0.6325107296137339,0.5277280911610098,0.5993335388507985,,3.0
deep_early_stopping/dreamer_strict_loso_valence_tsception_none_earlystop_pat7_max50_seed20260530,20260530,9,,74560,,0.6148055950168743,0.6271459227467812,0.6150059362216507,0.6229647793514189,,3.0
deep_early_stopping/dreamer_strict_loso_valence_tsception_none_earlystop_pat7_max50_seed20260530,20260530,10,,74560,,0.4989451088848679,0.3870708154506437,0.3120617497601275,0.2560029841750139,,3.0
deep_early_stopping/dreamer_strict_loso_valence_tsception_none_earlystop_pat7_max50_seed20260530,20260530,11,,74560,,0.5444638980364802,0.628755364806867,0.5355555867612487,0.596163346616064,,26.0
deep_early_stopping/dreamer_strict_loso_valence_tsception_none_earlystop_pat7_max50_seed20260530,20260530,12,,74560,,0.4878920990608483,0.4790772532188841,0.3856197302956889,0.380349085949264,,6.0
deep_early_stopping/dreamer_strict_loso_valence_tsception_none_earlystop_pat7_max50_seed20260530,20260530,13,,74560,,0.593556420816349,0.5493562231759657,0.5138116057233704,0.4970266474818671,,5.0
deep_early_stopping/dreamer_strict_loso_valence_tsception_none_earlystop_pat7_max50_seed20260530,20260530,14,,74560,,0.6091083319344188,0.6131974248927039,0.6089174039297873,0.613482759623565,,2.0
deep_early_stopping/dreamer_strict_loso_valence_tsception_none_earlystop_pat7_max50_seed20260530,20260530,15,,74560,,0.5471005348466076,0.5598175965665236,0.5392856860448172,0.5695487307782091,,4.0
deep_early_stopping/dreamer_strict_loso_valence_tsception_none_earlystop_pat7_max50_seed20260530,20260530,16,,74560,,0.5383829592869664,0.6461909871244635,0.4887056273936873,0.562386549684355,,5.0
deep_early_stopping/dreamer_strict_loso_valence_tsception_none_earlystop_pat7_max50_seed20260530,20260530,17,,74560,,0.4974551003846018,0.595225321888412,0.4748246296429933,0.5487513291953625,,17.0
deep_early_stopping/dreamer_strict_loso_valence_tsception_none_earlystop_pat7_max50_seed20260530,20260530,18,,74560,,0.6047669308446287,0.5689377682403434,0.5687813589964343,0.5709138117866299,,7.0
deep_early_stopping/dreamer_strict_loso_valence_tsception_none_earlystop_pat7_max50_seed20260530,20260530,19,,74560,,0.562189448721444,0.5630364806866953,0.5621578655373305,0.5631153982150813,,2.0
deep_early_stopping/dreamer_strict_loso_valence_tsception_none_earlystop_pat7_max50_seed20260530,20260530,20,,74560,,0.6411630593592896,0.6263412017167382,0.6146629355091642,0.6374436520250174,,2.0
deep_early_stopping/dreamer_strict_loso_valence_tsception_none_earlystop_pat7_max50_seed20260530,20260530,21,,74560,,0.536092207750284,0.6421673819742489,0.4826684131752099,0.5552520018750625,,10.0
deep_early_stopping/dreamer_strict_loso_valence_tsception_none_earlystop_pat7_max50_seed20260530,20260530,22,,74560,,0.4934193414702412,0.5930793991416309,0.4513050842639424,0.5247733571979213,,4.0
deep_early_stopping/dreamer_strict_loso_valence_tsception_none_earlystop_pat7_max50_seed20260530,20260530,23,,74560,,0.52888535345632,0.5555257510729614,0.4867121144677678,0.5022392940094526,,10.0
deep_early_stopping/seed_iv_strict_loso_emotion_deep_convnet_none_earlystop_pat7_max50_seed20260530,20260530,1,,32565,,0.3577046932077689,0.3736526946107784,0.3202034506424095,0.3330257205767642,,32.0
deep_early_stopping/seed_iv_strict_loso_emotion_deep_convnet_none_earlystop_pat7_max50_seed20260530,20260530,2,,32565,,0.3280926244605324,0.32375249500998,0.3096117463340299,0.3074528617302484,,19.0
deep_early_stopping/seed_iv_strict_loso_emotion_deep_convnet_none_earlystop_pat7_max50_seed20260530,20260530,3,,32565,,0.3113469025395302,0.3145708582834331,0.259366562767773,0.2560517252355978,,36.0
deep_early_stopping/seed_iv_strict_loso_emotion_deep_convnet_none_earlystop_pat7_max50_seed20260530,20260530,4,,32565,,0.3219931831305216,0.3317365269461078,0.2452578774767441,0.2487841774839848,,32.0
deep_early_stopping/seed_iv_strict_loso_emotion_deep_convnet_none_earlystop_pat7_max50_seed20260530,20260530,5,,32565,,0.3120070996786912,0.3233532934131736,0.2753819212689933,0.2868723964311714,,17.0
deep_early_stopping/seed_iv_strict_loso_emotion_deep_convnet_none_earlystop_pat7_max50_seed20260530,20260530,6,,32565,,0.2814764312072858,0.279441117764471,0.2529874315968544,0.2430630094882495,,10.0
deep_early_stopping/seed_iv_strict_loso_emotion_deep_convnet_none_earlystop_pat7_max50_seed20260530,20260530,7,,32565,,0.3523668974899804,0.3397205588822355,0.2866685039098832,0.2728238297596134,,18.0
deep_early_stopping/seed_iv_strict_loso_emotion_deep_convnet_none_earlystop_pat7_max50_seed20260530,20260530,8,,32565,,0.2990151714976855,0.2998003992015968,0.2870408454891938,0.2858718695370764,,17.0
deep_early_stopping/seed_iv_strict_loso_emotion_deep_convnet_none_earlystop_pat7_max50_seed20260530,20260530,9,,32565,,0.298392855182727,0.2954091816367265,0.2652861482014922,0.2559063755672826,,5.0
deep_early_stopping/seed_iv_strict_loso_emotion_deep_convnet_none_earlystop_pat7_max50_seed20260530,20260530,10,,32565,,0.3591504951981524,0.3644710578842315,0.3311484825910744,0.3343751303578881,,20.0
deep_early_stopping/seed_iv_strict_loso_emotion_deep_convnet_none_earlystop_pat7_max50_seed20260530,20260530,11,,32565,,0.3072430825385731,0.3121756487025948,0.2184325326546082,0.2229112786158075,,8.0
deep_early_stopping/seed_iv_strict_loso_emotion_deep_convnet_none_earlystop_pat7_max50_seed20260530,20260530,12,,32565,,0.2959838791705388,0.3097804391217565,0.2761439937905026,0.2858555217992436,,23.0
deep_early_stopping/seed_iv_strict_loso_emotion_deep_convnet_none_earlystop_pat7_max50_seed20260530,20260530,13,,32565,,0.3036795083035379,0.2902195608782435,0.2816327950637826,0.2792090805921831,,22.0
deep_early_stopping/seed_iv_strict_loso_emotion_deep_convnet_none_earlystop_pat7_max50_seed20260530,20260530,14,,32565,,0.2815894153211267,0.2994011976047904,0.1746772791611296,0.1767964870274352,,7.0
deep_early_stopping/seed_iv_strict_loso_emotion_deep_convnet_none_earlystop_pat7_max50_seed20260530,20260530,15,,32565,,0.2793269190417329,0.288622754491018,0.1999403557621122,0.2054019479695089,,4.0
deep_early_stopping/seed_iv_strict_loso_emotion_eegconformer_none_earlystop_pat7_max50_seed20260530,20260530,1,,32565,,0.3164401550040127,0.330938123752495,0.2863727716865268,0.2946103949358691,,4.0
deep_early_stopping/seed_iv_strict_loso_emotion_eegconformer_none_earlystop_pat7_max50_seed20260530,20260530,2,,32565,,0.2584229006076619,0.224750499001996,0.1305060703532854,0.1201168537128892,,10.0
deep_early_stopping/seed_iv_strict_loso_emotion_eegconformer_none_earlystop_pat7_max50_seed20260530,20260530,3,,32565,,0.2687630892265336,0.2926147704590818,0.1590269858864147,0.1725677476528799,,2.0
deep_early_stopping/seed_iv_strict_loso_emotion_eegconformer_none_earlystop_pat7_max50_seed20260530,20260530,4,,32565,,0.2980653640018068,0.2982035928143712,0.1981909506603917,0.2020557693940434,,22.0
deep_early_stopping/seed_iv_strict_loso_emotion_eegconformer_none_earlystop_pat7_max50_seed20260530,20260530,5,,32565,,0.2811871449172489,0.3013972055888224,0.1897125567916012,0.1999371152781438,,26.0
deep_early_stopping/seed_iv_strict_loso_emotion_eegconformer_none_earlystop_pat7_max50_seed20260530,20260530,6,,32565,,0.2635951399994675,0.2590818363273453,0.1775700259334321,0.1740174369056589,,20.0
deep_early_stopping/seed_iv_strict_loso_emotion_eegconformer_none_earlystop_pat7_max50_seed20260530,20260530,7,,32565,,0.2933408051412949,0.318562874251497,0.2055195260254653,0.2232888119459304,,3.0
deep_early_stopping/seed_iv_strict_loso_emotion_eegconformer_none_earlystop_pat7_max50_seed20260530,20260530,8,,32565,,0.3622220350379035,0.3592814371257485,0.3481180428658926,0.3401013883214678,,18.0
deep_early_stopping/seed_iv_strict_loso_emotion_eegconformer_none_earlystop_pat7_max50_seed20260530,20260530,9,,32565,,0.3051795264913174,0.3177644710578842,0.2331154178111645,0.232555720438186,,31.0
deep_early_stopping/seed_iv_strict_loso_emotion_eegconformer_none_earlystop_pat7_max50_seed20260530,20260530,10,,32565,,0.3650999444036069,0.3748502994011976,0.3422257923984119,0.3510815720908964,,29.0
deep_early_stopping/seed_iv_strict_loso_emotion_eegconformer_none_earlystop_pat7_max50_seed20260530,20260530,11,,32565,,0.262960131642027,0.2854291417165668,0.1818445618887681,0.1975322199619333,,4.0
deep_early_stopping/seed_iv_strict_loso_emotion_eegconformer_none_earlystop_pat7_max50_seed20260530,20260530,12,,32565,,0.2945038861988152,0.316566866267465,0.2113037933529347,0.2241125364183768,,22.0
deep_early_stopping/seed_iv_strict_loso_emotion_eegconformer_none_earlystop_pat7_max50_seed20260530,20260530,13,,32565,,0.3111819061316334,0.33812375249501,0.2194619101064835,0.238505837514176,,2.0
deep_early_stopping/seed_iv_strict_loso_emotion_eegconformer_none_earlystop_pat7_max50_seed20260530,20260530,14,,32565,,0.3391350057626569,0.3544910179640718,0.235652450533125,0.2433747725405105,,15.0
deep_early_stopping/seed_iv_strict_loso_emotion_eegconformer_none_earlystop_pat7_max50_seed20260530,20260530,15,,32565,,0.3261094061494541,0.3161676646706587,0.3049661475455418,0.2997629328173719,,14.0
deep_early_stopping/seed_iv_strict_loso_emotion_eegnet_none_earlystop_pat7_max50_seed20260530,20260530,1,,32565,,0.3442367776522345,0.3516966067864271,0.3334871596467068,0.3349781074497518,,8.0
deep_early_stopping/seed_iv_strict_loso_emotion_eegnet_none_earlystop_pat7_max50_seed20260530,20260530,2,,32565,,0.3323314562930786,0.304191616766467,0.2712293291247242,0.2638269778520477,,12.0
deep_early_stopping/seed_iv_strict_loso_emotion_eegnet_none_earlystop_pat7_max50_seed20260530,20260530,3,,32565,,0.3816819751393769,0.3760479041916167,0.3470795236362211,0.3396709913174863,,16.0
deep_early_stopping/seed_iv_strict_loso_emotion_eegnet_none_earlystop_pat7_max50_seed20260530,20260530,4,,32565,,0.3644821574452249,0.3744510978043912,0.3261164473334154,0.3311934102336956,,10.0
deep_early_stopping/seed_iv_strict_loso_emotion_eegnet_none_earlystop_pat7_max50_seed20260530,20260530,5,,32565,,0.3634977842920424,0.3728542914171657,0.3622531115114656,0.3667191841885351,,13.0
deep_early_stopping/seed_iv_strict_loso_emotion_eegnet_none_earlystop_pat7_max50_seed20260530,20260530,6,,32565,,0.3164937716212965,0.3077844311377245,0.2818592464167253,0.2761181227620104,,28.0
deep_early_stopping/seed_iv_strict_loso_emotion_eegnet_none_earlystop_pat7_max50_seed20260530,20260530,7,,32565,,0.3606420741461327,0.3401197604790419,0.3016277348952454,0.3006874268343978,,5.0
deep_early_stopping/seed_iv_strict_loso_emotion_eegnet_none_earlystop_pat7_max50_seed20260530,20260530,8,,32565,,0.2886760300717973,0.3013972055888224,0.2253299136694574,0.2281730017543342,,4.0
deep_early_stopping/seed_iv_strict_loso_emotion_eegnet_none_earlystop_pat7_max50_seed20260530,20260530,9,,32565,,0.3018093892740312,0.3101796407185628,0.2399969866549272,0.2372607952431047,,2.0
deep_early_stopping/seed_iv_strict_loso_emotion_eegnet_none_earlystop_pat7_max50_seed20260530,20260530,10,,32565,,0.3640412540425275,0.3724550898203593,0.303705417156606,0.3002475044050667,,18.0
deep_early_stopping/seed_iv_strict_loso_emotion_eegnet_none_earlystop_pat7_max50_seed20260530,20260530,11,,32565,,0.309209593244834,0.3177644710578842,0.2888820458672906,0.2914116702147505,,2.0
deep_early_stopping/seed_iv_strict_loso_emotion_eegnet_none_earlystop_pat7_max50_seed20260530,20260530,12,,32565,,0.2986363571771698,0.3001996007984032,0.2774963938708308,0.2801862726814166,,2.0
deep_early_stopping/seed_iv_strict_loso_emotion_eegnet_none_earlystop_pat7_max50_seed20260530,20260530,13,,32565,,0.2684113945817261,0.2550898203592814,0.2166146325568133,0.2159624210451272,,11.0
deep_early_stopping/seed_iv_strict_loso_emotion_eegnet_none_earlystop_pat7_max50_seed20260530,20260530,14,,32565,,0.4133838780348519,0.4275449101796407,0.3624729566305144,0.3660335688982549,,15.0
deep_early_stopping/seed_iv_strict_loso_emotion_eegnet_none_earlystop_pat7_max50_seed20260530,20260530,15,,32565,,0.3656535311418988,0.3532934131736527,0.3264321326245064,0.3206870224801131,,16.0
deep_early_stopping/seed_iv_strict_loso_emotion_shallow_convnet_none_earlystop_pat7_max50_seed20260530,20260530,1,,32565,,0.3710657317103568,0.3876247504990019,0.3543958365123224,0.3623539948483874,,9.0
deep_early_stopping/seed_iv_strict_loso_emotion_shallow_convnet_none_earlystop_pat7_max50_seed20260530,20260530,2,,32565,,0.4064184286280531,0.3904191616766467,0.3669613490342825,0.3580611710949148,,22.0
deep_early_stopping/seed_iv_strict_loso_emotion_shallow_convnet_none_earlystop_pat7_max50_seed20260530,20260530,3,,32565,,0.3596128254192395,0.3604790419161676,0.3223714530766197,0.3176299433689453,,5.0
deep_early_stopping/seed_iv_strict_loso_emotion_shallow_convnet_none_earlystop_pat7_max50_seed20260530,20260530,4,,32565,,0.3499722969335745,0.3421157684630738,0.2963669374080021,0.2912494968499762,,12.0
deep_early_stopping/seed_iv_strict_loso_emotion_shallow_convnet_none_earlystop_pat7_max50_seed20260530,20260530,5,,32565,,0.3773254645821201,0.3968063872255489,0.3437673189837998,0.3588978556454656,,4.0
deep_early_stopping/seed_iv_strict_loso_emotion_shallow_convnet_none_earlystop_pat7_max50_seed20260530,20260530,6,,32565,,0.3731330235500796,0.3676646706586826,0.3431046304980673,0.331551713956396,,1.0
deep_early_stopping/seed_iv_strict_loso_emotion_shallow_convnet_none_earlystop_pat7_max50_seed20260530,20260530,7,,32565,,0.494923340400737,0.4746506986027944,0.4547837526397397,0.4445947997811223,,7.0
deep_early_stopping/seed_iv_strict_loso_emotion_shallow_convnet_none_earlystop_pat7_max50_seed20260530,20260530,8,,32565,,0.4085374945756093,0.4007984031936127,0.3976517641811971,0.3890239251288481,,8.0
deep_early_stopping/seed_iv_strict_loso_emotion_shallow_convnet_none_earlystop_pat7_max50_seed20260530,20260530,9,,32565,,0.3309977307301365,0.3469061876247505,0.289114670083764,0.2969873239769587,,7.0
deep_early_stopping/seed_iv_strict_loso_emotion_shallow_convnet_none_earlystop_pat7_max50_seed20260530,20260530,10,,32565,,0.4227044066783804,0.4347305389221557,0.3627555096968767,0.3711160570512756,,6.0
deep_early_stopping/seed_iv_strict_loso_emotion_shallow_convnet_none_earlystop_pat7_max50_seed20260530,20260530,11,,32565,,0.313620808170476,0.3189620758483034,0.3156836182843353,0.3176396616082825,,10.0
deep_early_stopping/seed_iv_strict_loso_emotion_shallow_convnet_none_earlystop_pat7_max50_seed20260530,20260530,12,,32565,,0.3188756462032045,0.3389221556886228,0.2595302126593005,0.270795152369246,,4.0
deep_early_stopping/seed_iv_strict_loso_emotion_shallow_convnet_none_earlystop_pat7_max50_seed20260530,20260530,13,,32565,,0.3012580807350595,0.274251497005988,0.2301624815718148,0.2251664370186992,,6.0
deep_early_stopping/seed_iv_strict_loso_emotion_shallow_convnet_none_earlystop_pat7_max50_seed20260530,20260530,14,,32565,,0.4676829677408448,0.4734530938123752,0.4578417520679059,0.4566784508622916,,11.0
deep_early_stopping/seed_iv_strict_loso_emotion_shallow_convnet_none_earlystop_pat7_max50_seed20260530,20260530,15,,32565,,0.4040598533333265,0.4155688622754491,0.3627596034330647,0.3656866376055357,,2.0
deep_early_stopping/seed_iv_strict_loso_emotion_tsception_none_earlystop_pat7_max50_seed20260530,20260530,1,,32565,,0.3377486293057199,0.3508982035928144,0.32232354169669,0.3276286949208011,,12.0
deep_early_stopping/seed_iv_strict_loso_emotion_tsception_none_earlystop_pat7_max50_seed20260530,20260530,2,,32565,,0.3705893343637977,0.3457085828343313,0.320767519605232,0.3122234126565898,,5.0
deep_early_stopping/seed_iv_strict_loso_emotion_tsception_none_earlystop_pat7_max50_seed20260530,20260530,3,,32565,,0.3368071719084031,0.3445109780439122,0.3182661539138192,0.3168762055762355,,5.0
deep_early_stopping/seed_iv_strict_loso_emotion_tsception_none_earlystop_pat7_max50_seed20260530,20260530,4,,32565,,0.3543196712607451,0.3640718562874251,0.3219461739269521,0.3300205596970384,,15.0
deep_early_stopping/seed_iv_strict_loso_emotion_tsception_none_earlystop_pat7_max50_seed20260530,20260530,5,,32565,,0.2917930864449068,0.3033932135728543,0.2657090052411985,0.2710503461358558,,3.0
deep_early_stopping/seed_iv_strict_loso_emotion_tsception_none_earlystop_pat7_max50_seed20260530,20260530,6,,32565,,0.3564752550965383,0.3564870259481038,0.3310301053234486,0.3251482764017588,,5.0
deep_early_stopping/seed_iv_strict_loso_emotion_tsception_none_earlystop_pat7_max50_seed20260530,20260530,7,,32565,,0.3972672973191061,0.3780439121756487,0.3599366974593702,0.357789863985475,,4.0
deep_early_stopping/seed_iv_strict_loso_emotion_tsception_none_earlystop_pat7_max50_seed20260530,20260530,8,,32565,,0.3165592054015854,0.3269461077844311,0.3076979606269434,0.3141447466549126,,5.0
deep_early_stopping/seed_iv_strict_loso_emotion_tsception_none_earlystop_pat7_max50_seed20260530,20260530,9,,32565,,0.3607915000301765,0.3632734530938123,0.3523992948757585,0.3551174917335875,,32.0
deep_early_stopping/seed_iv_strict_loso_emotion_tsception_none_earlystop_pat7_max50_seed20260530,20260530,10,,32565,,0.3844158132086167,0.3900199600798403,0.3808503783967782,0.3812071615360446,,19.0
deep_early_stopping/seed_iv_strict_loso_emotion_tsception_none_earlystop_pat7_max50_seed20260530,20260530,11,,32565,,0.3138747794711949,0.3253493013972056,0.2844568563274148,0.2946247506829524,,9.0
deep_early_stopping/seed_iv_strict_loso_emotion_tsception_none_earlystop_pat7_max50_seed20260530,20260530,12,,32565,,0.3064643143015182,0.3157684630738523,0.272646663743574,0.2767297762589465,,7.0
deep_early_stopping/seed_iv_strict_loso_emotion_tsception_none_earlystop_pat7_max50_seed20260530,20260530,13,,32565,,0.3203393592300012,0.3069860279441118,0.2593643612625177,0.2587413069336272,,9.0
deep_early_stopping/seed_iv_strict_loso_emotion_tsception_none_earlystop_pat7_max50_seed20260530,20260530,14,,32565,,0.3693301341659377,0.3800399201596806,0.3452639531228737,0.3466690874510558,,3.0
deep_early_stopping/seed_iv_strict_loso_emotion_tsception_none_earlystop_pat7_max50_seed20260530,20260530,15,,32565,,0.3960504591271254,0.3808383233532934,0.3740292710360178,0.3653216183097725,,6.0
deep_epoch_budget/dreamer_strict_loso_valence_eegconformer_none_epochs15_seed20260530,20260530,1,,63376,,0.5,0.529774678111588,0.3463089601963878,0.3669314358304001,,
deep_epoch_budget/dreamer_strict_loso_valence_eegconformer_none_epochs15_seed20260530,20260530,2,,63376,,0.5174933755440184,0.680793991416309,0.4630522864140725,0.5876071454675843,,
deep_epoch_budget/dreamer_strict_loso_valence_eegconformer_none_epochs15_seed20260530,20260530,3,,63376,,0.5,0.5120708154506438,0.3386553131098102,0.3468310046816672,,
deep_epoch_budget/dreamer_strict_loso_valence_eegconformer_none_epochs15_seed20260530,20260530,4,,63376,,0.5,0.7677038626609443,0.4342943854324734,0.6668189544569415,,
deep_epoch_budget/dreamer_strict_loso_valence_eegconformer_none_epochs15_seed20260530,20260530,5,,63376,,0.4991812819349365,0.6266094420600858,0.3892701995808407,0.4873105062848318,,
deep_epoch_budget/dreamer_strict_loso_valence_eegconformer_none_epochs15_seed20260530,20260530,6,,63376,,0.5303890202920205,0.5517703862660944,0.5099545998159386,0.5223956602473899,,
deep_epoch_budget/dreamer_strict_loso_valence_eegconformer_none_epochs15_seed20260530,20260530,7,,63376,,0.6571934064477314,0.6593347639484979,0.6434024451233106,0.6668561124294238,,
deep_epoch_budget/dreamer_strict_loso_valence_eegconformer_none_epochs15_seed20260530,20260530,8,,63376,,0.5370063085648529,0.6765021459227468,0.4885356544150972,0.5883408711448226,,
deep_epoch_budget/dreamer_strict_loso_valence_eegconformer_none_epochs15_seed20260530,20260530,9,,63376,,0.5974170852775874,0.6188304721030042,0.592656309027964,0.604677035773538,,
deep_epoch_budget/dreamer_strict_loso_valence_eegconformer_none_epochs15_seed20260530,20260530,10,,63376,,0.4994360837734332,0.3766094420600858,0.2749393095820562,0.2079360704131542,,
deep_epoch_budget/dreamer_strict_loso_valence_eegconformer_none_epochs15_seed20260530,20260530,11,,63376,,0.5665361595170785,0.6786480686695279,0.5393583239372062,0.6131479155368654,,
deep_epoch_budget/dreamer_strict_loso_valence_eegconformer_none_epochs15_seed20260530,20260530,12,,63376,,0.5,0.4890021459227467,0.3284092956224104,0.3211857006006728,,
deep_epoch_budget/dreamer_strict_loso_valence_eegconformer_none_epochs15_seed20260530,20260530,13,,63376,,0.5,0.4361587982832618,0.3036981695928278,0.264921257380868,,
deep_epoch_budget/dreamer_strict_loso_valence_eegconformer_none_epochs15_seed20260530,20260530,14,,63376,,0.5475992296644471,0.5807403433476395,0.5190673568201547,0.53828530618003,,
deep_epoch_budget/dreamer_strict_loso_valence_eegconformer_none_epochs15_seed20260530,20260530,15,,63376,,0.5,0.6555793991416309,0.3959818535320804,0.5191950912191011,,
deep_epoch_budget/dreamer_strict_loso_valence_eegconformer_none_epochs15_seed20260530,20260530,16,,63376,,0.5810791793200504,0.6738197424892703,0.5603376205101706,0.6183369310042406,,
deep_epoch_budget/dreamer_strict_loso_valence_eegconformer_none_epochs15_seed20260530,20260530,17,,63376,,0.4934685740497109,0.6351931330472103,0.398691136111882,0.5095577694057741,,
deep_epoch_budget/dreamer_strict_loso_valence_eegconformer_none_epochs15_seed20260530,20260530,18,,63376,,0.6262270695997827,0.6638948497854077,0.6287518056010888,0.6584104514340624,,
deep_epoch_budget/dreamer_strict_loso_valence_eegconformer_none_epochs15_seed20260530,20260530,19,,63376,,0.5554883352590649,0.5466738197424893,0.5357443923718572,0.5322668472993834,,
deep_epoch_budget/dreamer_strict_loso_valence_eegconformer_none_epochs15_seed20260530,20260530,20,,63376,,0.6303396732455877,0.6220493562231759,0.6079490167847987,0.6331979980139156,,
deep_epoch_budget/dreamer_strict_loso_valence_eegconformer_none_epochs15_seed20260530,20260530,21,,63376,,0.5266491527690456,0.6448497854077253,0.4441825939058491,0.5285703146177989,,
deep_epoch_budget/dreamer_strict_loso_valence_eegconformer_none_epochs15_seed20260530,20260530,22,,63376,,0.4905046212750297,0.592274678111588,0.4446672350767843,0.5200837330269286,,
deep_epoch_budget/dreamer_strict_loso_valence_eegconformer_none_epochs15_seed20260530,20260530,23,,63376,,0.5018349474611536,0.5160944206008584,0.4928571967200505,0.5018259497968535,,
deep_epoch_budget/dreamer_strict_loso_valence_eegconformer_none_epochs30_seed20260530,20260530,1,,63376,,0.5,0.529774678111588,0.3463089601963878,0.3669314358304001,,
deep_epoch_budget/dreamer_strict_loso_valence_eegconformer_none_epochs30_seed20260530,20260530,2,,63376,,0.5386969442052395,0.6131974248927039,0.5391908141541519,0.6064605446648302,,
deep_epoch_budget/dreamer_strict_loso_valence_eegconformer_none_epochs30_seed20260530,20260530,3,,63376,,0.5,0.5120708154506438,0.3386553131098102,0.3468310046816672,,
deep_epoch_budget/dreamer_strict_loso_valence_eegconformer_none_epochs30_seed20260530,20260530,4,,63376,,0.5,0.7677038626609443,0.4342943854324734,0.6668189544569415,,
deep_epoch_budget/dreamer_strict_loso_valence_eegconformer_none_epochs30_seed20260530,20260530,5,,63376,,0.5156148276746434,0.630901287553648,0.4433338021297246,0.5265430378076205,,
deep_epoch_budget/dreamer_strict_loso_valence_eegconformer_none_epochs30_seed20260530,20260530,6,,63376,,0.5244010588553273,0.5555257510729614,0.4689832569684119,0.4876143321111852,,
deep_epoch_budget/dreamer_strict_loso_valence_eegconformer_none_epochs30_seed20260530,20260530,7,,63376,,0.6650746184947816,0.6609442060085837,0.647731353771857,0.6689597590275398,,
deep_epoch_budget/dreamer_strict_loso_valence_eegconformer_none_epochs30_seed20260530,20260530,8,,63376,,0.5201406583922407,0.6687231759656652,0.4518273038361063,0.5628187949045373,,
deep_epoch_budget/dreamer_strict_loso_valence_eegconformer_none_epochs30_seed20260530,20260530,9,,63376,,0.5,0.5582081545064378,0.3582372181098295,0.3999418727932164,,
deep_epoch_budget/dreamer_strict_loso_valence_eegconformer_none_epochs30_seed20260530,20260530,10,,63376,,0.5018100484967956,0.3800965665236051,0.282160299387053,0.2167272087802064,,
deep_epoch_budget/dreamer_strict_loso_valence_eegconformer_none_epochs30_seed20260530,20260530,11,,63376,,0.5223405302538301,0.6590665236051502,0.4444820003997892,0.5450598131753706,,
deep_epoch_budget/dreamer_strict_loso_valence_eegconformer_none_epochs30_seed20260530,20260530,12,,63376,,0.5,0.4890021459227467,0.3284092956224104,0.3211857006006728,,
deep_epoch_budget/dreamer_strict_loso_valence_eegconformer_none_epochs30_seed20260530,20260530,13,,63376,,0.5,0.4361587982832618,0.3036981695928278,0.264921257380868,,
deep_epoch_budget/dreamer_strict_loso_valence_eegconformer_none_epochs30_seed20260530,20260530,14,,63376,,0.5759342416951112,0.5887875536480687,0.5751045153003739,0.5836129517019301,,
deep_epoch_budget/dreamer_strict_loso_valence_eegconformer_none_epochs30_seed20260530,20260530,15,,63376,,0.5,0.6555793991416309,0.3959818535320804,0.5191950912191011,,
deep_epoch_budget/dreamer_strict_loso_valence_eegconformer_none_epochs30_seed20260530,20260530,16,,63376,,0.5092517838184826,0.635461373390558,0.4098571699643527,0.5046011478023426,,
deep_epoch_budget/dreamer_strict_loso_valence_eegconformer_none_epochs30_seed20260530,20260530,17,,63376,,0.4780202331806015,0.6051502145922747,0.4121768460309734,0.5111931437571842,,
deep_epoch_budget/dreamer_strict_loso_valence_eegconformer_none_epochs30_seed20260530,20260530,18,,63376,,0.627769547934721,0.6861587982832618,0.630580597994354,0.6677864748129313,,
deep_epoch_budget/dreamer_strict_loso_valence_eegconformer_none_epochs30_seed20260530,20260530,19,,63376,,0.5452546942414132,0.5402360515021459,0.537552267703278,0.5358323780856937,,
deep_epoch_budget/dreamer_strict_loso_valence_eegconformer_none_epochs30_seed20260530,20260530,20,,63376,,0.6431426891798997,0.6300965665236051,0.6177119089798191,0.641078490873162,,
deep_epoch_budget/dreamer_strict_loso_valence_eegconformer_none_epochs30_seed20260530,20260530,21,,63376,,0.5396754343759176,0.6453862660944206,0.4877630605236681,0.5595624123842333,,
deep_epoch_budget/dreamer_strict_loso_valence_eegconformer_none_epochs30_seed20260530,20260530,22,,63376,,0.495015332086973,0.6062231759656652,0.4331379402352341,0.5156475040640125,,
deep_epoch_budget/dreamer_strict_loso_valence_eegconformer_none_epochs30_seed20260530,20260530,23,,63376,,0.5137513837451243,0.539431330472103,0.4737551994718623,0.4891145376252975,,
deep_epoch_budget/dreamer_strict_loso_valence_eegconformer_none_epochs5_seed20260530,20260530,1,,63376,,0.5,0.529774678111588,0.3463089601963878,0.3669314358304001,,
deep_epoch_budget/dreamer_strict_loso_valence_eegconformer_none_epochs5_seed20260530,20260530,2,,63376,,0.5333937291248749,0.6732832618025751,0.5090944001328483,0.6125120597559879,,
deep_epoch_budget/dreamer_strict_loso_valence_eegconformer_none_epochs5_seed20260530,20260530,3,,63376,,0.5,0.5120708154506438,0.3386553131098102,0.3468310046816672,,
deep_epoch_budget/dreamer_strict_loso_valence_eegconformer_none_epochs5_seed20260530,20260530,4,,63376,,0.5,0.7677038626609443,0.4342943854324734,0.6668189544569415,,
deep_epoch_budget/dreamer_strict_loso_valence_eegconformer_none_epochs5_seed20260530,20260530,5,,63376,,0.5306834323028665,0.6247317596566524,0.4983841544902385,0.5632124286536577,,
deep_epoch_budget/dreamer_strict_loso_valence_eegconformer_none_epochs5_seed20260530,20260530,6,,63376,,0.5206098626202493,0.5600858369098712,0.4138668231242822,0.439309873858187,,
deep_epoch_budget/dreamer_strict_loso_valence_eegconformer_none_epochs5_seed20260530,20260530,7,,63376,,0.6569276401996624,0.7084227467811158,0.662202389511537,0.7010824579906607,,
deep_epoch_budget/dreamer_strict_loso_valence_eegconformer_none_epochs5_seed20260530,20260530,8,,63376,,0.5259611828045373,0.6496781115879828,0.494830402677433,0.5848581404161248,,
deep_epoch_budget/dreamer_strict_loso_valence_eegconformer_none_epochs5_seed20260530,20260530,9,,63376,,0.5,0.5582081545064378,0.3582372181098295,0.3999418727932164,,
deep_epoch_budget/dreamer_strict_loso_valence_eegconformer_none_epochs5_seed20260530,20260530,10,,63376,,0.501298233225944,0.3787553648068669,0.2784446180491136,0.212051893576356,,
deep_epoch_budget/dreamer_strict_loso_valence_eegconformer_none_epochs5_seed20260530,20260530,11,,63376,,0.5086316185413035,0.6512875536480687,0.412065849013114,0.5213151220297502,,
deep_epoch_budget/dreamer_strict_loso_valence_eegconformer_none_epochs5_seed20260530,20260530,12,,63376,,0.5,0.4890021459227467,0.3284092956224104,0.3211857006006728,,
deep_epoch_budget/dreamer_strict_loso_valence_eegconformer_none_epochs5_seed20260530,20260530,13,,63376,,0.5,0.4361587982832618,0.3036981695928278,0.264921257380868,,
deep_epoch_budget/dreamer_strict_loso_valence_eegconformer_none_epochs5_seed20260530,20260530,14,,63376,,0.527432712215321,0.5761802575107297,0.4381086113739736,0.4691896745735897,,
deep_epoch_budget/dreamer_strict_loso_valence_eegconformer_none_epochs5_seed20260530,20260530,15,,63376,,0.5,0.6555793991416309,0.3959818535320804,0.5191950912191011,,
deep_epoch_budget/dreamer_strict_loso_valence_eegconformer_none_epochs5_seed20260530,20260530,16,,63376,,0.5295638594672,0.6499463519313304,0.451882247924521,0.5374360420693634,,
deep_epoch_budget/dreamer_strict_loso_valence_eegconformer_none_epochs5_seed20260530,20260530,17,,63376,,0.4992691053345229,0.634656652360515,0.4211845301932632,0.5245261582388939,,
deep_epoch_budget/dreamer_strict_loso_valence_eegconformer_none_epochs5_seed20260530,20260530,18,,63376,,0.6330697726094363,0.6032725321888412,0.602293144305235,0.6074177252313475,,
deep_epoch_budget/dreamer_strict_loso_valence_eegconformer_none_epochs5_seed20260530,20260530,19,,63376,,0.5,0.4755901287553648,0.3223050354481003,0.3065701866145289,,
deep_epoch_budget/dreamer_strict_loso_valence_eegconformer_none_epochs5_seed20260530,20260530,20,,63376,,0.5553209749343404,0.6054184549356223,0.5551671706018223,0.6059398170236826,,
deep_epoch_budget/dreamer_strict_loso_valence_eegconformer_none_epochs5_seed20260530,20260530,21,,63376,,0.5007178750897344,0.6268776824034334,0.3866836505089535,0.4836672673304709,,
deep_epoch_budget/dreamer_strict_loso_valence_eegconformer_none_epochs5_seed20260530,20260530,22,,63376,,0.4876263950034252,0.585568669527897,0.447227138362797,0.5200697032979864,,
deep_epoch_budget/dreamer_strict_loso_valence_eegconformer_none_epochs5_seed20260530,20260530,23,,63376,,0.5038272506505775,0.5426502145922747,0.3805640299239816,0.4067426061577698,,
deep_epoch_budget/dreamer_strict_loso_valence_tsception_none_epochs15_seed20260530,20260530,1,,63376,,0.5867981832229741,0.6040772532188842,0.5572845529501876,0.5658554930984142,,
deep_epoch_budget/dreamer_strict_loso_valence_tsception_none_epochs15_seed20260530,20260530,2,,63376,,0.5322143519647713,0.5874463519313304,0.5315266556854132,0.590485465857739,,
deep_epoch_budget/dreamer_strict_loso_valence_tsception_none_epochs15_seed20260530,20260530,3,,63376,,0.5848670874429189,0.5906652360515021,0.562365915650713,0.5650525599925601,,
deep_epoch_budget/dreamer_strict_loso_valence_tsception_none_epochs15_seed20260530,20260530,4,,63376,,0.5641063194878175,0.720225321888412,0.5679957425131505,0.7052981557228305,,
deep_epoch_budget/dreamer_strict_loso_valence_tsception_none_epochs15_seed20260530,20260530,5,,63376,,0.5625542524019018,0.6504828326180258,0.5422130682126074,0.599542893821654,,
deep_epoch_budget/dreamer_strict_loso_valence_tsception_none_epochs15_seed20260530,20260530,6,,63376,,0.5225476560297797,0.5380901287553648,0.5136318509278823,0.5231108964016913,,
deep_epoch_budget/dreamer_strict_loso_valence_tsception_none_epochs15_seed20260530,20260530,7,,63376,,0.668665968153938,0.697156652360515,0.6672874427039053,0.6983064965997577,,
deep_epoch_budget/dreamer_strict_loso_valence_tsception_none_epochs15_seed20260530,20260530,8,,63376,,0.5390869020220286,0.6201716738197425,0.536234817600356,0.5997431577411276,,
deep_epoch_budget/dreamer_strict_loso_valence_tsception_none_epochs15_seed20260530,20260530,9,,63376,,0.5892998701350614,0.608637339055794,0.5858206434959629,0.5971377244936391,,
deep_epoch_budget/dreamer_strict_loso_valence_tsception_none_epochs15_seed20260530,20260530,10,,63376,,0.4999080571369728,0.4007510729613734,0.3503899211733671,0.3057538328834193,,
deep_epoch_budget/dreamer_strict_loso_valence_tsception_none_epochs15_seed20260530,20260530,11,,63376,,0.5474571548351121,0.6504828326180258,0.5255531251663466,0.5964750604996051,,
deep_epoch_budget/dreamer_strict_loso_valence_tsception_none_epochs15_seed20260530,20260530,12,,63376,,0.5008292984221734,0.4927575107296137,0.4191632154587748,0.4146155649597478,,
deep_epoch_budget/dreamer_strict_loso_valence_tsception_none_epochs15_seed20260530,20260530,13,,63376,,0.5696648070191453,0.5241416309012875,0.4824580432002829,0.4637043685824397,,
deep_epoch_budget/dreamer_strict_loso_valence_tsception_none_epochs15_seed20260530,20260530,14,,63376,,0.5952753996232257,0.6158798283261803,0.5900367135702596,0.6015225423506687,,
deep_epoch_budget/dreamer_strict_loso_valence_tsception_none_epochs15_seed20260530,20260530,15,,63376,,0.503853929261565,0.6225858369098712,0.4685582022576643,0.5575826448070216,,
deep_epoch_budget/dreamer_strict_loso_valence_tsception_none_epochs15_seed20260530,20260530,16,,63376,,0.5460064686566427,0.6298283261802575,0.5279349908608426,0.5848823052887835,,
deep_epoch_budget/dreamer_strict_loso_valence_tsception_none_epochs15_seed20260530,20260530,17,,63376,,0.5091034190748386,0.5477467811158798,0.5089402235055877,0.549524180701084,,
deep_epoch_budget/dreamer_strict_loso_valence_tsception_none_epochs15_seed20260530,20260530,18,,63376,,0.6099943214082908,0.621244635193133,0.6051795314900154,0.6258590798738157,,
deep_epoch_budget/dreamer_strict_loso_valence_tsception_none_epochs15_seed20260530,20260530,19,,63376,,0.5462549207132276,0.5370171673819742,0.5244514198328134,0.5206775484566628,,
deep_epoch_budget/dreamer_strict_loso_valence_tsception_none_epochs15_seed20260530,20260530,20,,63376,,0.6191680219350142,0.6244635193133047,0.6042768909289697,0.6346287573595731,,
deep_epoch_budget/dreamer_strict_loso_valence_tsception_none_epochs15_seed20260530,20260530,21,,63376,,0.5572415457526236,0.6478004291845494,0.5309034896479168,0.5900743209448044,,
deep_epoch_budget/dreamer_strict_loso_valence_tsception_none_epochs15_seed20260530,20260530,22,,63376,,0.4882070504404786,0.5820815450643777,0.4535555154142582,0.5233633478901527,,
deep_epoch_budget/dreamer_strict_loso_valence_tsception_none_epochs15_seed20260530,20260530,23,,63376,,0.5370368438440005,0.5563304721030042,0.5191998433022308,0.53023867889165,,
deep_epoch_budget/dreamer_strict_loso_valence_tsception_none_epochs30_seed20260530,20260530,1,,63376,,0.5704916706983327,0.5901287553648069,0.5276335638839171,0.5378650775334434,,
deep_epoch_budget/dreamer_strict_loso_valence_tsception_none_epochs30_seed20260530,20260530,2,,63376,,0.563841172342046,0.630901287553648,0.5648967571638924,0.6266282669912259,,
deep_epoch_budget/dreamer_strict_loso_valence_tsception_none_epochs30_seed20260530,20260530,3,,63376,,0.5734381943002548,0.5780579399141631,0.559509490106446,0.5616916606720598,,
deep_epoch_budget/dreamer_strict_loso_valence_tsception_none_epochs30_seed20260530,20260530,4,,63376,,0.7248165416713066,0.7623390557939914,0.6991993239059006,0.7729855679624752,,
deep_epoch_budget/dreamer_strict_loso_valence_tsception_none_epochs30_seed20260530,20260530,5,,63376,,0.5466114442975794,0.6263412017167382,0.5312635871490629,0.5856260112020517,,
deep_epoch_budget/dreamer_strict_loso_valence_tsception_none_epochs30_seed20260530,20260530,6,,63376,,0.523653723683768,0.5418454935622318,0.5100279450923105,0.5208794037283678,,
deep_epoch_budget/dreamer_strict_loso_valence_tsception_none_epochs30_seed20260530,20260530,7,,63376,,0.6369824250118543,0.6534334763948498,0.630116923137413,0.6590135062342364,,
deep_epoch_budget/dreamer_strict_loso_valence_tsception_none_epochs30_seed20260530,20260530,8,,63376,,0.5525131514055565,0.6035407725321889,0.5529594494910862,0.601362629434725,,
deep_epoch_budget/dreamer_strict_loso_valence_tsception_none_epochs30_seed20260530,20260530,9,,63376,,0.5872980652720847,0.5989806866952789,0.5872301570179339,0.5953378356824295,,
deep_epoch_budget/dreamer_strict_loso_valence_tsception_none_epochs30_seed20260530,20260530,10,,63376,,0.5151368600163782,0.4369635193133047,0.4159581165587598,0.3886243534269617,,
deep_epoch_budget/dreamer_strict_loso_valence_tsception_none_epochs30_seed20260530,20260530,11,,63376,,0.5471385660106295,0.6494098712446352,0.525863821360716,0.5963688188246866,,
deep_epoch_budget/dreamer_strict_loso_valence_tsception_none_epochs30_seed20260530,20260530,12,,63376,,0.5021125513452344,0.4935622317596566,0.4093028252229025,0.4043956722853927,,
deep_epoch_budget/dreamer_strict_loso_valence_tsception_none_epochs30_seed20260530,20260530,13,,63376,,0.5509255520718861,0.5021459227467812,0.4485725716344139,0.4266268615401911,,
deep_epoch_budget/dreamer_strict_loso_valence_tsception_none_epochs30_seed20260530,20260530,14,,63376,,0.5827609441739876,0.5802038626609443,0.5794580034288799,0.5814342928590629,,
deep_epoch_budget/dreamer_strict_loso_valence_tsception_none_epochs30_seed20260530,20260530,15,,63376,,0.5139708919038806,0.5968347639484979,0.5073285006862267,0.5726697627279098,,
deep_epoch_budget/dreamer_strict_loso_valence_tsception_none_epochs30_seed20260530,20260530,16,,63376,,0.533029652124534,0.6185622317596566,0.5116988539898133,0.5710129306418823,,
deep_epoch_budget/dreamer_strict_loso_valence_tsception_none_epochs30_seed20260530,20260530,17,,63376,,0.4995116867536683,0.5630364806866953,0.4967495416360227,0.5504453917465454,,
deep_epoch_budget/dreamer_strict_loso_valence_tsception_none_epochs30_seed20260530,20260530,18,,63376,,0.5956034120929314,0.6134656652360515,0.5931528817385818,0.6167576529577302,,
deep_epoch_budget/dreamer_strict_loso_valence_tsception_none_epochs30_seed20260530,20260530,19,,63376,,0.5364675878443778,0.5305793991416309,0.5263567512312982,0.5241734503231148,,
deep_epoch_budget/dreamer_strict_loso_valence_tsception_none_epochs30_seed20260530,20260530,20,,63376,,0.655401916906299,0.634656652360515,0.6248748853022922,0.6454458439330398,,
deep_epoch_budget/dreamer_strict_loso_valence_tsception_none_epochs30_seed20260530,20260530,21,,63376,,0.5544639686655978,0.6437768240343348,0.5290522111825443,0.5877862249360152,,
deep_epoch_budget/dreamer_strict_loso_valence_tsception_none_epochs30_seed20260530,20260530,22,,63376,,0.4882772548528413,0.572961373390558,0.4644635138915207,0.5279586855411361,,
deep_epoch_budget/dreamer_strict_loso_valence_tsception_none_epochs30_seed20260530,20260530,23,,63376,,0.5264102608685572,0.5402360515021459,0.5188477753477587,0.5272289319069842,,
deep_epoch_budget/dreamer_strict_loso_valence_tsception_none_epochs5_seed20260530,20260530,1,,63376,,0.6279337410731693,0.637607296137339,0.6225329029340494,0.6270248697677814,,
deep_epoch_budget/dreamer_strict_loso_valence_tsception_none_epochs5_seed20260530,20260530,2,,63376,,0.548138764308742,0.6660407725321889,0.5400761208623068,0.6277542330958792,,
deep_epoch_budget/dreamer_strict_loso_valence_tsception_none_epochs5_seed20260530,20260530,3,,63376,,0.6019769495555183,0.6075643776824035,0.5822911604763541,0.5847716289044286,,
deep_epoch_budget/dreamer_strict_loso_valence_tsception_none_epochs5_seed20260530,20260530,4,,63376,,0.7103525046681611,0.7518776824034334,0.6860562984704759,0.7630214316457444,,
deep_epoch_budget/dreamer_strict_loso_valence_tsception_none_epochs5_seed20260530,20260530,5,,63376,,0.5598897196630432,0.6298283261802575,0.552464254658612,0.6003800666978247,,
deep_epoch_budget/dreamer_strict_loso_valence_tsception_none_epochs5_seed20260530,20260530,6,,63376,,0.5169897675691916,0.533530042918455,0.5062027876764577,0.5162986037521785,,
deep_epoch_budget/dreamer_strict_loso_valence_tsception_none_epochs5_seed20260530,20260530,7,,63376,,0.6872390137204216,0.7084227467811158,0.6832475038072416,0.7110336901532874,,
deep_epoch_budget/dreamer_strict_loso_valence_tsception_none_epochs5_seed20260530,20260530,8,,63376,,0.5408335730724971,0.6456545064377682,0.527708213554626,0.6036800608223505,,
deep_epoch_budget/dreamer_strict_loso_valence_tsception_none_epochs5_seed20260530,20260530,9,,63376,,0.5970551498552696,0.625,0.5852592034484702,0.6002050489453192,,
deep_epoch_budget/dreamer_strict_loso_valence_tsception_none_epochs5_seed20260530,20260530,10,,63376,,0.5284906414424487,0.4546673819742489,0.438688233590274,0.4153165062242056,,
deep_epoch_budget/dreamer_strict_loso_valence_tsception_none_epochs5_seed20260530,20260530,11,,63376,,0.5469789570980679,0.6668454935622318,0.5058299180327869,0.5880023405069302,,
deep_epoch_budget/dreamer_strict_loso_valence_tsception_none_epochs5_seed20260530,20260530,12,,63376,,0.4953611119509677,0.4879291845493562,0.4266243302965198,0.4225004598709803,,
deep_epoch_budget/dreamer_strict_loso_valence_tsception_none_epochs5_seed20260530,20260530,13,,63376,,0.5578421768994093,0.5042918454935622,0.4359090752776918,0.4108318806530737,,
deep_epoch_budget/dreamer_strict_loso_valence_tsception_none_epochs5_seed20260530,20260530,14,,63376,,0.6120239027847724,0.6258047210300429,0.6115146317342384,0.6198288655063429,,
deep_epoch_budget/dreamer_strict_loso_valence_tsception_none_epochs5_seed20260530,20260530,15,,63376,,0.5111736543432706,0.6266094420600858,0.4807200906837787,0.566363637038291,,
deep_epoch_budget/dreamer_strict_loso_valence_tsception_none_epochs5_seed20260530,20260530,16,,63376,,0.5576173369873836,0.6542381974248928,0.5281733156400487,0.5915001477976662,,
deep_epoch_budget/dreamer_strict_loso_valence_tsception_none_epochs5_seed20260530,20260530,17,,63376,,0.4943097329966177,0.5882510729613734,0.4747461952812813,0.5465300071320494,,
deep_epoch_budget/dreamer_strict_loso_valence_tsception_none_epochs5_seed20260530,20260530,18,,63376,,0.6032621040416759,0.6016630901287554,0.5924337178776558,0.6083589092128865,,
deep_epoch_budget/dreamer_strict_loso_valence_tsception_none_epochs5_seed20260530,20260530,19,,63376,,0.5335765380970309,0.5182403433476395,0.4746373889050876,0.4672484338691989,,
deep_epoch_budget/dreamer_strict_loso_valence_tsception_none_epochs5_seed20260530,20260530,20,,63376,,0.6563063328309162,0.6405579399141631,0.6290001797249466,0.65123745084888,,
deep_epoch_budget/dreamer_strict_loso_valence_tsception_none_epochs5_seed20260530,20260530,21,,63376,,0.5454324236662049,0.654774678111588,0.4881576469872853,0.5619485465261161,,
deep_epoch_budget/dreamer_strict_loso_valence_tsception_none_epochs5_seed20260530,20260530,22,,63376,,0.4867587365061398,0.572961373390558,0.4611807044716281,0.5258265330219162,,
deep_epoch_budget/dreamer_strict_loso_valence_tsception_none_epochs5_seed20260530,20260530,23,,63376,,0.5251238850346878,0.5437231759656652,0.5082710639429349,0.519179406103775,,
deep_epoch_budget/seed_iv_strict_loso_emotion_eegconformer_none_epochs15_seed20260530,20260530,1,,27555,,0.3712560628136157,0.3764471057884231,0.3101899479994618,0.3146138738952537,,
deep_epoch_budget/seed_iv_strict_loso_emotion_eegconformer_none_epochs15_seed20260530,20260530,2,,27555,,0.3991495737129326,0.3940119760479041,0.3383582493415583,0.3362925709196743,,
deep_epoch_budget/seed_iv_strict_loso_emotion_eegconformer_none_epochs15_seed20260530,20260530,3,,27555,,0.3194159051267435,0.3305389221556886,0.2497162597501251,0.2504775960546117,,
deep_epoch_budget/seed_iv_strict_loso_emotion_eegconformer_none_epochs15_seed20260530,20260530,4,,27555,,0.2716379155330702,0.2910179640718562,0.2272375970756791,0.2416749203931273,,
deep_epoch_budget/seed_iv_strict_loso_emotion_eegconformer_none_epochs15_seed20260530,20260530,5,,27555,,0.3310799904392085,0.3365269461077844,0.2912156630658611,0.2911728102206385,,
deep_epoch_budget/seed_iv_strict_loso_emotion_eegconformer_none_epochs15_seed20260530,20260530,6,,27555,,0.2960744671583333,0.3181636726546906,0.2215338726775879,0.234739912889019,,
deep_epoch_budget/seed_iv_strict_loso_emotion_eegconformer_none_epochs15_seed20260530,20260530,7,,27555,,0.3394988261347594,0.350499001996008,0.3309849448788665,0.3318606578964855,,
deep_epoch_budget/seed_iv_strict_loso_emotion_eegconformer_none_epochs15_seed20260530,20260530,8,,27555,,0.2686856835430918,0.27624750499002,0.2343954884326203,0.2416284025107217,,
deep_epoch_budget/seed_iv_strict_loso_emotion_eegconformer_none_epochs15_seed20260530,20260530,9,,27555,,0.2600219728261413,0.2714570858283433,0.2401558038521213,0.2474139286654393,,
deep_epoch_budget/seed_iv_strict_loso_emotion_eegconformer_none_epochs15_seed20260530,20260530,10,,27555,,0.3265953832169478,0.3313373253493014,0.2442025570218208,0.2533967337994987,,
deep_epoch_budget/seed_iv_strict_loso_emotion_eegconformer_none_epochs15_seed20260530,20260530,11,,27555,,0.2869106602253003,0.3045908183632734,0.2480019111491108,0.2612212210986575,,
deep_epoch_budget/seed_iv_strict_loso_emotion_eegconformer_none_epochs15_seed20260530,20260530,12,,27555,,0.3036975514089718,0.3221556886227545,0.2470874326500891,0.2568224118945429,,
deep_epoch_budget/seed_iv_strict_loso_emotion_eegconformer_none_epochs15_seed20260530,20260530,13,,27555,,0.3327265930183456,0.3089820359281437,0.2717907163262409,0.2697698974893796,,
deep_epoch_budget/seed_iv_strict_loso_emotion_eegconformer_none_epochs15_seed20260530,20260530,14,,27555,,0.2951064635194481,0.3193612774451098,0.1945469463215113,0.2100490183304056,,
deep_epoch_budget/seed_iv_strict_loso_emotion_eegconformer_none_epochs15_seed20260530,20260530,15,,27555,,0.3314798513214885,0.325748502994012,0.2882632142820227,0.278419564036902,,
deep_epoch_budget/seed_iv_strict_loso_emotion_eegconformer_none_epochs30_seed20260530,20260530,1,,27555,,0.3909028367108008,0.3980039920159681,0.3384897538309431,0.3417921502597905,,
deep_epoch_budget/seed_iv_strict_loso_emotion_eegconformer_none_epochs30_seed20260530,20260530,2,,27555,,0.4353060650485387,0.4211576846307385,0.3672321988897438,0.3584211981767682,,
deep_epoch_budget/seed_iv_strict_loso_emotion_eegconformer_none_epochs30_seed20260530,20260530,3,,27555,,0.315843458321748,0.3065868263473054,0.2531627955094508,0.2448498320677126,,
deep_epoch_budget/seed_iv_strict_loso_emotion_eegconformer_none_epochs30_seed20260530,20260530,4,,27555,,0.2993131651880205,0.2930139720558882,0.2091304271799109,0.2038626153512285,,
deep_epoch_budget/seed_iv_strict_loso_emotion_eegconformer_none_epochs30_seed20260530,20260530,5,,27555,,0.3029619369298084,0.3069860279441118,0.28954480560581,0.2910694613055294,,
deep_epoch_budget/seed_iv_strict_loso_emotion_eegconformer_none_epochs30_seed20260530,20260530,6,,27555,,0.2761414146789004,0.2770459081836327,0.2012167920546287,0.2046007742896907,,
deep_epoch_budget/seed_iv_strict_loso_emotion_eegconformer_none_epochs30_seed20260530,20260530,7,,27555,,0.471678854664388,0.4590818363273453,0.4463381593946731,0.4381786404768649,,
deep_epoch_budget/seed_iv_strict_loso_emotion_eegconformer_none_epochs30_seed20260530,20260530,8,,27555,,0.3082340287652765,0.2998003992015968,0.2660326039019307,0.2563446820563048,,
deep_epoch_budget/seed_iv_strict_loso_emotion_eegconformer_none_epochs30_seed20260530,20260530,9,,27555,,0.3683628696187268,0.3812375249500998,0.3217312678339032,0.3245861086792472,,
deep_epoch_budget/seed_iv_strict_loso_emotion_eegconformer_none_epochs30_seed20260530,20260530,10,,27555,,0.3857066566987945,0.3924151696606786,0.3247994695025247,0.3255482796202099,,
deep_epoch_budget/seed_iv_strict_loso_emotion_eegconformer_none_epochs30_seed20260530,20260530,11,,27555,,0.2778281431460707,0.2830339321357285,0.2401238290512053,0.2396670995805101,,
deep_epoch_budget/seed_iv_strict_loso_emotion_eegconformer_none_epochs30_seed20260530,20260530,12,,27555,,0.3560704546666066,0.3712574850299401,0.3082191925130594,0.3148626746774864,,
deep_epoch_budget/seed_iv_strict_loso_emotion_eegconformer_none_epochs30_seed20260530,20260530,13,,27555,,0.3477810963893205,0.3305389221556886,0.2920896068967039,0.2910808508556575,,
deep_epoch_budget/seed_iv_strict_loso_emotion_eegconformer_none_epochs30_seed20260530,20260530,14,,27555,,0.4132880469233611,0.412375249500998,0.3580799873949327,0.3491048870032295,,
deep_epoch_budget/seed_iv_strict_loso_emotion_eegconformer_none_epochs30_seed20260530,20260530,15,,27555,,0.356379233615288,0.3528942115768463,0.3177433709189561,0.3157085566646087,,
deep_epoch_budget/seed_iv_strict_loso_emotion_eegconformer_none_epochs5_seed20260530,20260530,1,,27555,,0.2913220133283233,0.3141716566866267,0.2092020621232557,0.2242424917916968,,
deep_epoch_budget/seed_iv_strict_loso_emotion_eegconformer_none_epochs5_seed20260530,20260530,2,,27555,,0.2886201773366675,0.313373253493014,0.2013133804132571,0.2187093585500225,,
deep_epoch_budget/seed_iv_strict_loso_emotion_eegconformer_none_epochs5_seed20260530,20260530,3,,27555,,0.2832066843646382,0.2890219560878243,0.2663397810452357,0.2682462452709119,,
deep_epoch_budget/seed_iv_strict_loso_emotion_eegconformer_none_epochs5_seed20260530,20260530,4,,27555,,0.3252584900037575,0.3532934131736527,0.229178876683016,0.2490409379507693,,
deep_epoch_budget/seed_iv_strict_loso_emotion_eegconformer_none_epochs5_seed20260530,20260530,5,,27555,,0.2751656688203725,0.2786427145708582,0.2619484411120429,0.2637880134459314,,
deep_epoch_budget/seed_iv_strict_loso_emotion_eegconformer_none_epochs5_seed20260530,20260530,6,,27555,,0.2584107402314775,0.2806387225548902,0.1513479702208484,0.162978944949355,,
deep_epoch_budget/seed_iv_strict_loso_emotion_eegconformer_none_epochs5_seed20260530,20260530,7,,27555,,0.3122489551688661,0.3357285429141716,0.2581397881564919,0.2751780915352967,,
deep_epoch_budget/seed_iv_strict_loso_emotion_eegconformer_none_epochs5_seed20260530,20260530,8,,27555,,0.270674549657976,0.293812375249501,0.1728165572498269,0.1860589997302624,,
deep_epoch_budget/seed_iv_strict_loso_emotion_eegconformer_none_epochs5_seed20260530,20260530,9,,27555,,0.2790408546254646,0.2750499001996008,0.2341764131444803,0.2353078573232958,,
deep_epoch_budget/seed_iv_strict_loso_emotion_eegconformer_none_epochs5_seed20260530,20260530,10,,27555,,0.3302301575990015,0.3584830339321357,0.2299225650485956,0.2497974800166433,,
deep_epoch_budget/seed_iv_strict_loso_emotion_eegconformer_none_epochs5_seed20260530,20260530,11,,27555,,0.2715301336761537,0.2934131736526946,0.1875183882755189,0.2017225683225235,,
deep_epoch_budget/seed_iv_strict_loso_emotion_eegconformer_none_epochs5_seed20260530,20260530,12,,27555,,0.2757426458838112,0.299001996007984,0.1776463194197214,0.1928654467882501,,
deep_epoch_budget/seed_iv_strict_loso_emotion_eegconformer_none_epochs5_seed20260530,20260530,13,,27555,,0.3225443028280682,0.3497005988023952,0.236997196850446,0.2564470812105534,,
deep_epoch_budget/seed_iv_strict_loso_emotion_eegconformer_none_epochs5_seed20260530,20260530,14,,27555,,0.3070853686451841,0.3337325349301397,0.2162192543002178,0.2349617397144796,,
deep_epoch_budget/seed_iv_strict_loso_emotion_eegconformer_none_epochs5_seed20260530,20260530,15,,27555,,0.2773184699869388,0.2966067864271457,0.1814587124325201,0.1915524363438562,,
deep_epoch_budget/seed_iv_strict_loso_emotion_shallow_convnet_none_epochs15_seed20260530,20260530,1,,27555,,0.3796462060178198,0.4,0.3514073367447348,0.3633537640910407,,
deep_epoch_budget/seed_iv_strict_loso_emotion_shallow_convnet_none_epochs15_seed20260530,20260530,2,,27555,,0.4146874063888195,0.4031936127744511,0.3660000312564402,0.3580777987017639,,
deep_epoch_budget/seed_iv_strict_loso_emotion_shallow_convnet_none_epochs15_seed20260530,20260530,3,,27555,,0.3476576055474072,0.3465069860279441,0.3066627229126126,0.2996298254948594,,
deep_epoch_budget/seed_iv_strict_loso_emotion_shallow_convnet_none_epochs15_seed20260530,20260530,4,,27555,,0.3463546390182103,0.3461077844311377,0.2942772698360882,0.2889822734739212,,
deep_epoch_budget/seed_iv_strict_loso_emotion_shallow_convnet_none_epochs15_seed20260530,20260530,5,,27555,,0.3429618150324271,0.3600798403193613,0.3021620923481704,0.3109171828742629,,
deep_epoch_budget/seed_iv_strict_loso_emotion_shallow_convnet_none_epochs15_seed20260530,20260530,6,,27555,,0.3357036065013115,0.3277445109780439,0.2539465708434858,0.2460298815648301,,
deep_epoch_budget/seed_iv_strict_loso_emotion_shallow_convnet_none_epochs15_seed20260530,20260530,7,,27555,,0.5182296015821016,0.4994011976047904,0.4787802574676348,0.4708885844146175,,
deep_epoch_budget/seed_iv_strict_loso_emotion_shallow_convnet_none_epochs15_seed20260530,20260530,8,,27555,,0.4328705930804762,0.4291417165668663,0.4405936717407201,0.4350328804070878,,
deep_epoch_budget/seed_iv_strict_loso_emotion_shallow_convnet_none_epochs15_seed20260530,20260530,9,,27555,,0.3579599685164499,0.3652694610778443,0.3449094891670632,0.3499053647152814,,
deep_epoch_budget/seed_iv_strict_loso_emotion_shallow_convnet_none_epochs15_seed20260530,20260530,10,,27555,,0.4028167923690635,0.4099800399201597,0.3902066273411737,0.3958823864715062,,
deep_epoch_budget/seed_iv_strict_loso_emotion_shallow_convnet_none_epochs15_seed20260530,20260530,11,,27555,,0.3000110477187047,0.3097804391217565,0.2735380461785712,0.2826649838397471,,
deep_epoch_budget/seed_iv_strict_loso_emotion_shallow_convnet_none_epochs15_seed20260530,20260530,12,,27555,,0.3721438564492549,0.3832335329341317,0.3626018682353131,0.3676403395487643,,
deep_epoch_budget/seed_iv_strict_loso_emotion_shallow_convnet_none_epochs15_seed20260530,20260530,13,,27555,,0.3125557586230711,0.2838323353293413,0.2257720489477103,0.2197441608460533,,
deep_epoch_budget/seed_iv_strict_loso_emotion_shallow_convnet_none_epochs15_seed20260530,20260530,14,,27555,,0.4626174281848645,0.4666666666666667,0.4532601593393478,0.4528468094937644,,
deep_epoch_budget/seed_iv_strict_loso_emotion_shallow_convnet_none_epochs15_seed20260530,20260530,15,,27555,,0.3832676802743622,0.3784431137724551,0.3799420726683672,0.3780801183441853,,
deep_epoch_budget/seed_iv_strict_loso_emotion_shallow_convnet_none_epochs30_seed20260530,20260530,1,,27555,,0.3733841812265725,0.3888223552894211,0.3646475017456895,0.3723699172227632,,
deep_epoch_budget/seed_iv_strict_loso_emotion_shallow_convnet_none_epochs30_seed20260530,20260530,2,,27555,,0.3906150673401771,0.380439121756487,0.358621356311008,0.3528043908084882,,
deep_epoch_budget/seed_iv_strict_loso_emotion_shallow_convnet_none_epochs30_seed20260530,20260530,3,,27555,,0.3446759393209796,0.3401197604790419,0.2869925210113037,0.2803266340654679,,
deep_epoch_budget/seed_iv_strict_loso_emotion_shallow_convnet_none_epochs30_seed20260530,20260530,4,,27555,,0.3123902625144683,0.3197604790419162,0.2537241516327708,0.2535092213127725,,
deep_epoch_budget/seed_iv_strict_loso_emotion_shallow_convnet_none_epochs30_seed20260530,20260530,5,,27555,,0.3522923026479012,0.3660678642714571,0.3328791473684035,0.3403858011551338,,
deep_epoch_budget/seed_iv_strict_loso_emotion_shallow_convnet_none_epochs30_seed20260530,20260530,6,,27555,,0.3287838830744332,0.3109780439121756,0.2855938989652328,0.2807543634874875,,
deep_epoch_budget/seed_iv_strict_loso_emotion_shallow_convnet_none_epochs30_seed20260530,20260530,7,,27555,,0.5166625207876684,0.5029940119760479,0.4936940776129754,0.4880011534150997,,
deep_epoch_budget/seed_iv_strict_loso_emotion_shallow_convnet_none_epochs30_seed20260530,20260530,8,,27555,,0.4148992012095439,0.4223552894211577,0.421460886486156,0.4228410676763954,,
deep_epoch_budget/seed_iv_strict_loso_emotion_shallow_convnet_none_epochs30_seed20260530,20260530,9,,27555,,0.3314458500079694,0.3405189620758483,0.298596768649319,0.3019853568498751,,
deep_epoch_budget/seed_iv_strict_loso_emotion_shallow_convnet_none_epochs30_seed20260530,20260530,10,,27555,,0.4145132278161666,0.4267465069860279,0.3862247613051467,0.3952260151560097,,
deep_epoch_budget/seed_iv_strict_loso_emotion_shallow_convnet_none_epochs30_seed20260530,20260530,11,,27555,,0.3181004322800808,0.3233532934131736,0.2657217827424876,0.2704037106951564,,
deep_epoch_budget/seed_iv_strict_loso_emotion_shallow_convnet_none_epochs30_seed20260530,20260530,12,,27555,,0.3600891753525771,0.3700598802395209,0.3552746906594833,0.3590889480817119,,
deep_epoch_budget/seed_iv_strict_loso_emotion_shallow_convnet_none_epochs30_seed20260530,20260530,13,,27555,,0.3371442606723576,0.3145708582834331,0.2620912797286933,0.2604967508462845,,
deep_epoch_budget/seed_iv_strict_loso_emotion_shallow_convnet_none_epochs30_seed20260530,20260530,14,,27555,,0.4393501449330083,0.4483033932135729,0.4335055798287326,0.4357583299636343,,
deep_epoch_budget/seed_iv_strict_loso_emotion_shallow_convnet_none_epochs30_seed20260530,20260530,15,,27555,,0.3746710899868887,0.3716566866267465,0.3771483270881315,0.3762465787162452,,
deep_epoch_budget/seed_iv_strict_loso_emotion_shallow_convnet_none_epochs5_seed20260530,20260530,1,,27555,,0.4008669768766593,0.4103792415169661,0.3806803589219817,0.3823684897781805,,
deep_epoch_budget/seed_iv_strict_loso_emotion_shallow_convnet_none_epochs5_seed20260530,20260530,2,,27555,,0.4660221533522313,0.4491017964071856,0.4046507349782284,0.3935211012519862,,
deep_epoch_budget/seed_iv_strict_loso_emotion_shallow_convnet_none_epochs5_seed20260530,20260530,3,,27555,,0.3632080893044169,0.3584830339321357,0.3271723372888502,0.3205475895271999,,
deep_epoch_budget/seed_iv_strict_loso_emotion_shallow_convnet_none_epochs5_seed20260530,20260530,4,,27555,,0.3393170455410303,0.3261477045908184,0.2671955454128834,0.2573006420900733,,
deep_epoch_budget/seed_iv_strict_loso_emotion_shallow_convnet_none_epochs5_seed20260530,20260530,5,,27555,,0.3312984854341425,0.3548902195608782,0.2745757387250116,0.2908817697815583,,
deep_epoch_budget/seed_iv_strict_loso_emotion_shallow_convnet_none_epochs5_seed20260530,20260530,6,,27555,,0.3143376016069444,0.3069860279441118,0.3190827428012518,0.3103340703833042,,
deep_epoch_budget/seed_iv_strict_loso_emotion_shallow_convnet_none_epochs5_seed20260530,20260530,7,,27555,,0.4976905193637177,0.4838323353293413,0.4497154159864578,0.4390171013126122,,
deep_epoch_budget/seed_iv_strict_loso_emotion_shallow_convnet_none_epochs5_seed20260530,20260530,8,,27555,,0.3718749196809125,0.3876247504990019,0.3626392415188211,0.3702555059683614,,
deep_epoch_budget/seed_iv_strict_loso_emotion_shallow_convnet_none_epochs5_seed20260530,20260530,9,,27555,,0.3711014329949643,0.3776447105788423,0.340429789880979,0.3435112087922996,,
deep_epoch_budget/seed_iv_strict_loso_emotion_shallow_convnet_none_epochs5_seed20260530,20260530,10,,27555,,0.422675027810458,0.4263473053892215,0.4245048692624696,0.4283461547404866,,
deep_epoch_budget/seed_iv_strict_loso_emotion_shallow_convnet_none_epochs5_seed20260530,20260530,11,,27555,,0.3015309783543444,0.3089820359281437,0.2968899624359607,0.3008146895670652,,
deep_epoch_budget/seed_iv_strict_loso_emotion_shallow_convnet_none_epochs5_seed20260530,20260530,12,,27555,,0.3909030735678203,0.3956087824351297,0.3837328651146156,0.3863327890494519,,
deep_epoch_budget/seed_iv_strict_loso_emotion_shallow_convnet_none_epochs5_seed20260530,20260530,13,,27555,,0.3266381591874451,0.3025948103792415,0.2437921604375345,0.2398127966753616,,
deep_epoch_budget/seed_iv_strict_loso_emotion_shallow_convnet_none_epochs5_seed20260530,20260530,14,,27555,,0.4669968684809764,0.4686626746506986,0.4534272115188272,0.4525435378505984,,
deep_epoch_budget/seed_iv_strict_loso_emotion_shallow_convnet_none_epochs5_seed20260530,20260530,15,,27555,,0.3730299500490878,0.3664670658682635,0.369788479134764,0.3669054173381742,,
deep_epoch_budget/seed_iv_strict_loso_emotion_tsception_none_epochs15_seed20260530,20260530,1,,27555,,0.3178774513143562,0.3333333333333333,0.3010725874143086,0.3092900448650996,,
deep_epoch_budget/seed_iv_strict_loso_emotion_tsception_none_epochs15_seed20260530,20260530,2,,27555,,0.313707914641855,0.2966067864271457,0.2808182197150721,0.2738569840406499,,
deep_epoch_budget/seed_iv_strict_loso_emotion_tsception_none_epochs15_seed20260530,20260530,3,,27555,,0.3660400800304274,0.3684630738522954,0.365571608638023,0.3656456092217625,,
deep_epoch_budget/seed_iv_strict_loso_emotion_tsception_none_epochs15_seed20260530,20260530,4,,27555,,0.3688040852148865,0.3764471057884231,0.3514977508219836,0.3571622105004331,,
deep_epoch_budget/seed_iv_strict_loso_emotion_tsception_none_epochs15_seed20260530,20260530,5,,27555,,0.2874168038574006,0.2986027944111776,0.2725075442793822,0.2786504387719901,,
deep_epoch_budget/seed_iv_strict_loso_emotion_tsception_none_epochs15_seed20260530,20260530,6,,27555,,0.3077384321604954,0.2998003992015968,0.2877970376682007,0.2802757497756039,,
deep_epoch_budget/seed_iv_strict_loso_emotion_tsception_none_epochs15_seed20260530,20260530,7,,27555,,0.4300337304966054,0.4171656686626746,0.4168191517866327,0.4101175837050296,,
deep_epoch_budget/seed_iv_strict_loso_emotion_tsception_none_epochs15_seed20260530,20260530,8,,27555,,0.32691049844187,0.3293413173652694,0.3267728035083302,0.324860021108569,,
deep_epoch_budget/seed_iv_strict_loso_emotion_tsception_none_epochs15_seed20260530,20260530,9,,27555,,0.4223469936625248,0.4183632734530938,0.4095411321072736,0.4096199290717962,,
deep_epoch_budget/seed_iv_strict_loso_emotion_tsception_none_epochs15_seed20260530,20260530,10,,27555,,0.3969699736018853,0.3996007984031936,0.385501644108255,0.3847492443745698,,
deep_epoch_budget/seed_iv_strict_loso_emotion_tsception_none_epochs15_seed20260530,20260530,11,,27555,,0.314291602841695,0.3221556886227545,0.3019798939858341,0.3078223208006457,,
deep_epoch_budget/seed_iv_strict_loso_emotion_tsception_none_epochs15_seed20260530,20260530,12,,27555,,0.3184597754481592,0.3297405189620758,0.3114719131019358,0.31685380166107,,
deep_epoch_budget/seed_iv_strict_loso_emotion_tsception_none_epochs15_seed20260530,20260530,13,,27555,,0.3114665494207195,0.2906187624750499,0.2572928620508131,0.2544146194673805,,
deep_epoch_budget/seed_iv_strict_loso_emotion_tsception_none_epochs15_seed20260530,20260530,14,,27555,,0.4030133269477342,0.4039920159680639,0.4037856701378665,0.4019965238761857,,
deep_epoch_budget/seed_iv_strict_loso_emotion_tsception_none_epochs15_seed20260530,20260530,15,,27555,,0.4140022762225414,0.4071856287425149,0.3965678545065415,0.391127331591689,,
deep_epoch_budget/seed_iv_strict_loso_emotion_tsception_none_epochs30_seed20260530,20260530,1,,27555,,0.3568167785598881,0.3692614770459081,0.3488249429755128,0.3559676620038471,,
deep_epoch_budget/seed_iv_strict_loso_emotion_tsception_none_epochs30_seed20260530,20260530,2,,27555,,0.3362466841667573,0.318562874251497,0.306890953021619,0.2990513362683347,,
deep_epoch_budget/seed_iv_strict_loso_emotion_tsception_none_epochs30_seed20260530,20260530,3,,27555,,0.3259892033776144,0.3265469061876248,0.3274602991353347,0.3263202497055036,,
deep_epoch_budget/seed_iv_strict_loso_emotion_tsception_none_epochs30_seed20260530,20260530,4,,27555,,0.3386782007052338,0.3481037924151696,0.3130761665840793,0.3177611707131872,,
deep_epoch_budget/seed_iv_strict_loso_emotion_tsception_none_epochs30_seed20260530,20260530,5,,27555,,0.3072840823552301,0.3081836327345309,0.3058548780097598,0.3079567309150472,,
deep_epoch_budget/seed_iv_strict_loso_emotion_tsception_none_epochs30_seed20260530,20260530,6,,27555,,0.3041108798017637,0.2974051896207584,0.290460706478524,0.2861346982734556,,
deep_epoch_budget/seed_iv_strict_loso_emotion_tsception_none_epochs30_seed20260530,20260530,7,,27555,,0.4220968963416106,0.4071856287425149,0.4031432186295041,0.3943257159659943,,
deep_epoch_budget/seed_iv_strict_loso_emotion_tsception_none_epochs30_seed20260530,20260530,8,,27555,,0.332047699637209,0.332934131736527,0.3279603796695693,0.3271681142442856,,
deep_epoch_budget/seed_iv_strict_loso_emotion_tsception_none_epochs30_seed20260530,20260530,9,,27555,,0.4066528974778337,0.4015968063872255,0.3976763571287522,0.3966317607792858,,
deep_epoch_budget/seed_iv_strict_loso_emotion_tsception_none_epochs30_seed20260530,20260530,10,,27555,,0.4008699237398039,0.405189620758483,0.3991171132056217,0.3998408565881056,,
deep_epoch_budget/seed_iv_strict_loso_emotion_tsception_none_epochs30_seed20260530,20260530,11,,27555,,0.3241729896613312,0.3273453093812375,0.3146031730942964,0.3164959755131695,,
deep_epoch_budget/seed_iv_strict_loso_emotion_tsception_none_epochs30_seed20260530,20260530,12,,27555,,0.3366895655580536,0.3481037924151696,0.3318171087635472,0.338040776558889,,
deep_epoch_budget/seed_iv_strict_loso_emotion_tsception_none_epochs30_seed20260530,20260530,13,,27555,,0.2947635413411718,0.2730538922155688,0.2403659219846041,0.2364471110010395,,
deep_epoch_budget/seed_iv_strict_loso_emotion_tsception_none_epochs30_seed20260530,20260530,14,,27555,,0.3780584725687151,0.3848303393213573,0.379617319788002,0.3814223529105144,,
deep_epoch_budget/seed_iv_strict_loso_emotion_tsception_none_epochs30_seed20260530,20260530,15,,27555,,0.3763560232632428,0.3612774451097804,0.3559391763925305,0.3478700645137166,,
deep_epoch_budget/seed_iv_strict_loso_emotion_tsception_none_epochs5_seed20260530,20260530,1,,27555,,0.3295904168803281,0.3465069860279441,0.2843039141962202,0.2929888672685202,,
deep_epoch_budget/seed_iv_strict_loso_emotion_tsception_none_epochs5_seed20260530,20260530,2,,27555,,0.3814255582344238,0.360878243512974,0.3434204462769827,0.3373815457451175,,
deep_epoch_budget/seed_iv_strict_loso_emotion_tsception_none_epochs5_seed20260530,20260530,3,,27555,,0.3296275101243243,0.3405189620758483,0.3054429129813348,0.3092928396260458,,
deep_epoch_budget/seed_iv_strict_loso_emotion_tsception_none_epochs5_seed20260530,20260530,4,,27555,,0.4008353169269875,0.4135728542914171,0.3903216919368422,0.3970192228473303,,
deep_epoch_budget/seed_iv_strict_loso_emotion_tsception_none_epochs5_seed20260530,20260530,5,,27555,,0.2664842118931694,0.2734530938123752,0.2614350592545874,0.2674849760975832,,
deep_epoch_budget/seed_iv_strict_loso_emotion_tsception_none_epochs5_seed20260530,20260530,6,,27555,,0.3119148800517989,0.3037924151696606,0.286674523096682,0.2787732410741344,,
deep_epoch_budget/seed_iv_strict_loso_emotion_tsception_none_epochs5_seed20260530,20260530,7,,27555,,0.4285321460993764,0.4183632734530938,0.4216295108755046,0.4176904533318323,,
deep_epoch_budget/seed_iv_strict_loso_emotion_tsception_none_epochs5_seed20260530,20260530,8,,27555,,0.2781059124091494,0.2858283433133732,0.2394418826921901,0.2487774372496859,,
deep_epoch_budget/seed_iv_strict_loso_emotion_tsception_none_epochs5_seed20260530,20260530,9,,27555,,0.4233928697342649,0.4207584830339321,0.413008313813797,0.4146533690734353,,
deep_epoch_budget/seed_iv_strict_loso_emotion_tsception_none_epochs5_seed20260530,20260530,10,,27555,,0.3996603515792172,0.4107784431137724,0.3863820940136245,0.389630791007081,,
deep_epoch_budget/seed_iv_strict_loso_emotion_tsception_none_epochs5_seed20260530,20260530,11,,27555,,0.3364378509902742,0.3409181636726547,0.3152573436341631,0.3189715488867957,,
deep_epoch_budget/seed_iv_strict_loso_emotion_tsception_none_epochs5_seed20260530,20260530,12,,27555,,0.3330357765625056,0.3453093812375249,0.3208570662184705,0.3266799517345923,,
deep_epoch_budget/seed_iv_strict_loso_emotion_tsception_none_epochs5_seed20260530,20260530,13,,27555,,0.2869027600644707,0.2710578842315369,0.2433512013713282,0.2422614319415542,,
deep_epoch_budget/seed_iv_strict_loso_emotion_tsception_none_epochs5_seed20260530,20260530,14,,27555,,0.3819447088654187,0.3908183632734531,0.3798842945330598,0.3806779890709044,,
deep_epoch_budget/seed_iv_strict_loso_emotion_tsception_none_epochs5_seed20260530,20260530,15,,27555,,0.3927078758964314,0.3864271457085828,0.3642436550133024,0.3601673749063366,,
deep_loso/dreamer_strict_loso_valence_deep_convnet_none,20260530,1,,63376,,0.5453138561742257,0.5391630901287554,0.5368404244979567,0.5348872738538759,,
deep_loso/dreamer_strict_loso_valence_deep_convnet_none,20260530,2,,63376,,0.5196457222689571,0.4227467811158798,0.4193292679572686,0.4031020551272199,,
deep_loso/dreamer_strict_loso_valence_deep_convnet_none,20260530,3,,63376,,0.525577319436217,0.51931330472103,0.4881405965743315,0.4850910925165023,,
deep_loso/dreamer_strict_loso_valence_deep_convnet_none,20260530,4,,63376,,0.466844758829159,0.714324034334764,0.4203031438792377,0.6413448377960853,,
deep_loso/dreamer_strict_loso_valence_deep_convnet_none,20260530,5,,63376,,0.4922246444001656,0.5853004291845494,0.4555342435523633,0.5239823414682416,,
deep_loso/dreamer_strict_loso_valence_deep_convnet_none,20260530,6,,63376,,0.5125443268067414,0.5445278969957081,0.4511058275106784,0.4707864195218291,,
deep_loso/dreamer_strict_loso_valence_deep_convnet_none,20260530,7,,63376,,0.5017781482784466,0.601931330472103,0.4840407891472665,0.5607821067324575,,
deep_loso/dreamer_strict_loso_valence_deep_convnet_none,20260530,8,,63376,,0.5377383692257109,0.6000536480686696,0.5379240429301966,0.5924635646318552,,
deep_loso/dreamer_strict_loso_valence_deep_convnet_none,20260530,9,,63376,,0.4985871243187634,0.5219957081545065,0.4875908882092381,0.5030481261556631,,
deep_loso/dreamer_strict_loso_valence_deep_convnet_none,20260530,10,,63376,,0.5221361637024288,0.4796137339055794,0.4786292130619518,0.4730381070364127,,
deep_loso/dreamer_strict_loso_valence_deep_convnet_none,20260530,11,,63376,,0.5515843425386528,0.6172210300429185,0.5502039651946524,0.6007811246284377,,
deep_loso/dreamer_strict_loso_valence_deep_convnet_none,20260530,12,,63376,,0.5390287130181135,0.5316523605150214,0.4769106045960525,0.4731885283229551,,
deep_loso/dreamer_strict_loso_valence_deep_convnet_none,20260530,13,,63376,,0.5024582691117111,0.4479613733905579,0.3643601368010817,0.3349265653391063,,
deep_loso/dreamer_strict_loso_valence_deep_convnet_none,20260530,14,,63376,,0.5688638949508514,0.5836909871244635,0.5669969525885037,0.5764842727619452,,
deep_loso/dreamer_strict_loso_valence_deep_convnet_none,20260530,15,,63376,,0.4705713273271436,0.5496244635193133,0.4635918359301856,0.5304356725031181,,
deep_loso/dreamer_strict_loso_valence_deep_convnet_none,20260530,16,,63376,,0.5393841196948375,0.5823497854077253,0.5393499532524598,0.5758941477443799,,
deep_loso/dreamer_strict_loso_valence_deep_convnet_none,20260530,17,,63376,,0.5030577860444485,0.614538626609442,0.4662484174423237,0.5489588852525842,,
deep_loso/dreamer_strict_loso_valence_deep_convnet_none,20260530,18,,63376,,0.5166753080018764,0.4940987124463519,0.4929686346182247,0.4991840626729241,,
deep_loso/dreamer_strict_loso_valence_deep_convnet_none,20260530,19,,63376,,0.4999001793022072,0.5179721030042919,0.4290834873923047,0.4400812630832507,,
deep_loso/dreamer_strict_loso_valence_deep_convnet_none,20260530,20,,63376,,0.5722213528695849,0.4592274678111588,0.4486650555234083,0.42275029979416,,
deep_loso/dreamer_strict_loso_valence_deep_convnet_none,20260530,21,,63376,,0.5197755372149828,0.5812768240343348,0.5128724822383359,0.5589976719103694,,
deep_loso/dreamer_strict_loso_valence_deep_convnet_none,20260530,22,,63376,,0.5330899374191065,0.5278969957081545,0.5209165298575793,0.5361494575581678,,
deep_loso/dreamer_strict_loso_valence_deep_convnet_none,20260530,23,,63376,,0.5162137255924747,0.5429184549356223,0.4722726203340763,0.4882249055666834,,
deep_loso/dreamer_strict_loso_valence_eegconformer_none_seed20260530,20260530,1,,63376,,0.5,0.529774678111588,0.3463089601963878,0.3669314358304001,,
deep_loso/dreamer_strict_loso_valence_eegconformer_none_seed20260530,20260530,2,,63376,,0.51814926720326,0.6767703862660944,0.4704454939877202,0.5908534027604027,,
deep_loso/dreamer_strict_loso_valence_eegconformer_none_seed20260530,20260530,3,,63376,,0.5,0.5120708154506438,0.3386553131098102,0.3468310046816672,,
deep_loso/dreamer_strict_loso_valence_eegconformer_none_seed20260530,20260530,4,,63376,,0.5,0.7677038626609443,0.4342943854324734,0.6668189544569415,,
deep_loso/dreamer_strict_loso_valence_eegconformer_none_seed20260530,20260530,5,,63376,,0.5118973051352365,0.6107832618025751,0.4696765850772373,0.5401198558293561,,
deep_loso/dreamer_strict_loso_valence_eegconformer_none_seed20260530,20260530,6,,63376,,0.518341756924958,0.5576716738197425,0.4121166583898817,0.4375397446428601,,
deep_loso/dreamer_strict_loso_valence_eegconformer_none_seed20260530,20260530,7,,63376,,0.6633500058634281,0.7103004291845494,0.6679050063676615,0.7048259451571435,,
deep_loso/dreamer_strict_loso_valence_eegconformer_none_seed20260530,20260530,8,,63376,,0.5194830881144172,0.6716738197424893,0.4438660970619335,0.5584382962306959,,
deep_loso/dreamer_strict_loso_valence_eegconformer_none_seed20260530,20260530,9,,63376,,0.5036429872495446,0.5614270386266095,0.3662120551847451,0.4071609690628356,,
deep_loso/dreamer_strict_loso_valence_eegconformer_none_seed20260530,20260530,10,,63376,,0.4974550215514071,0.3760729613733906,0.2776667093169556,0.2118718314885253,,
deep_loso/dreamer_strict_loso_valence_eegconformer_none_seed20260530,20260530,11,,63376,,0.5056405632449137,0.6494098712446352,0.4051158007599629,0.5161678562419028,,
deep_loso/dreamer_strict_loso_valence_eegconformer_none_seed20260530,20260530,12,,63376,,0.5,0.4890021459227467,0.3284092956224104,0.3211857006006728,,
deep_loso/dreamer_strict_loso_valence_eegconformer_none_seed20260530,20260530,13,,63376,,0.5,0.4361587982832618,0.3036981695928278,0.264921257380868,,
deep_loso/dreamer_strict_loso_valence_eegconformer_none_seed20260530,20260530,14,,63376,,0.5,0.555793991416309,0.3572413793103448,0.3971052242119283,,
deep_loso/dreamer_strict_loso_valence_eegconformer_none_seed20260530,20260530,15,,63376,,0.5,0.6555793991416309,0.3959818535320804,0.5191950912191011,,
deep_loso/dreamer_strict_loso_valence_eegconformer_none_seed20260530,20260530,16,,63376,,0.5920561439893341,0.6684549356223176,0.5852216078301326,0.6334670337599739,,
deep_loso/dreamer_strict_loso_valence_eegconformer_none_seed20260530,20260530,17,,63376,,0.4973725596939315,0.6400214592274678,0.4013192817998752,0.5124567441875735,,
deep_loso/dreamer_strict_loso_valence_eegconformer_none_seed20260530,20260530,18,,63376,,0.6489179813840951,0.6461909871244635,0.6371331164204609,0.652019396287141,,
deep_loso/dreamer_strict_loso_valence_eegconformer_none_seed20260530,20260530,19,,63376,,0.50076726342711,0.4763948497854077,0.324013077835714,0.3083444436578359,,
deep_loso/dreamer_strict_loso_valence_eegconformer_none_seed20260530,20260530,20,,63376,,0.5969774614996973,0.612392703862661,0.5869642907391217,0.6217668539979333,,
deep_loso/dreamer_strict_loso_valence_eegconformer_none_seed20260530,20260530,21,,63376,,0.5003589375448672,0.6266094420600858,0.3859037672411385,0.4830523300858036,,
deep_loso/dreamer_strict_loso_valence_eegconformer_none_seed20260530,20260530,22,,63376,,0.4801561197681089,0.5847639484978541,0.4279215835553864,0.506824863459845,,
deep_loso/dreamer_strict_loso_valence_eegconformer_none_seed20260530,20260530,23,,63376,,0.5010032514388051,0.5386266094420601,0.3874559613606315,0.41259665229426,,
deep_loso/dreamer_strict_loso_valence_eegnet_none,20260530,1,,63376,,0.6124219601839884,0.6319742489270386,0.5754770100288968,0.58469935343727,,
deep_loso/dreamer_strict_loso_valence_eegnet_none,20260530,2,,63376,,0.5411997192591228,0.6571888412017167,0.533082056860612,0.6207704091682188,,
deep_loso/dreamer_strict_loso_valence_eegnet_none,20260530,3,,63376,,0.5984224202304353,0.5957618025751072,0.5920204988404589,0.5910773130250015,,
deep_loso/dreamer_strict_loso_valence_eegnet_none,20260530,4,,63376,,0.4571977638015373,0.7019849785407726,0.4124507486209613,0.6332800657474202,,
deep_loso/dreamer_strict_loso_valence_eegnet_none,20260530,5,,63376,,0.4752535066779774,0.5563304721030042,0.4514664244124499,0.5132268451381752,,
deep_loso/dreamer_strict_loso_valence_eegnet_none,20260530,6,,63376,,0.5118958823195057,0.5182403433476395,0.5114971830143279,0.5164852742197912,,
deep_loso/dreamer_strict_loso_valence_eegnet_none,20260530,7,,63376,,0.6634067281561813,0.6483369098712446,0.6393339769728765,0.65706471069462,,
deep_loso/dreamer_strict_loso_valence_eegnet_none,20260530,8,,63376,,0.5677425817853032,0.6239270386266095,0.5688914990069087,0.6184730662318644,,
deep_loso/dreamer_strict_loso_valence_eegnet_none,20260530,9,,63376,,0.5823287108884355,0.5930793991416309,0.5823694068082923,0.5901552303806021,,
deep_loso/dreamer_strict_loso_valence_eegnet_none,20260530,10,,63376,,0.49749854117324,0.3843884120171674,0.306270024048521,0.2488208498429616,,
deep_loso/dreamer_strict_loso_valence_eegnet_none,20260530,11,,63376,,0.5692842633160222,0.653969957081545,0.5628541665530425,0.6209926791934384,,
deep_loso/dreamer_strict_loso_valence_eegnet_none,20260530,12,,63376,,0.5223516081334595,0.5147532188841202,0.4538407521437348,0.4498288467038058,,
deep_loso/dreamer_strict_loso_valence_eegnet_none,20260530,13,,63376,,0.6079370903128631,0.5748390557939914,0.560339904558562,0.5501455234831345,,
deep_loso/dreamer_strict_loso_valence_eegnet_none,20260530,14,,63376,,0.5502268572920747,0.5619635193133047,0.5494619992994553,0.557836608519683,,
deep_loso/dreamer_strict_loso_valence_eegnet_none,20260530,15,,63376,,0.504142002029256,0.6365343347639485,0.4500183619726758,0.5496768273977686,,
deep_loso/dreamer_strict_loso_valence_eegnet_none,20260530,16,,63376,,0.5924264869268943,0.6378755364806867,0.5939622948391388,0.6286344138513886,,
deep_loso/dreamer_strict_loso_valence_eegnet_none,20260530,17,,63376,,0.504105611758835,0.6400214592274678,0.4261199604304201,0.5291234941217928,,
deep_loso/dreamer_strict_loso_valence_eegnet_none,20260530,18,,63376,,0.6430992765967953,0.6550429184549357,0.6386515428472541,0.6586349831347047,,
deep_loso/dreamer_strict_loso_valence_eegnet_none,20260530,19,,63376,,0.5129593807654748,0.5040236051502146,0.4913261048229205,0.4874025987795121,,
deep_loso/dreamer_strict_loso_valence_eegnet_none,20260530,20,,63376,,0.6318656311212772,0.6083690987124464,0.599912380129107,0.6196655272259846,,
deep_loso/dreamer_strict_loso_valence_eegnet_none,20260530,21,,63376,,0.5822408155798878,0.6649678111587983,0.5676074833337559,0.6194522706775603,,
deep_loso/dreamer_strict_loso_valence_eegnet_none,20260530,22,,63376,,0.5025769967665765,0.6067596566523605,0.4548359295199182,0.5306433990545008,,
deep_loso/dreamer_strict_loso_valence_eegnet_none,20260530,23,,63376,,0.5076011800230672,0.5171673819742489,0.5048493828326535,0.5113016680972987,,
deep_loso/dreamer_strict_loso_valence_eegnet_time_shuffle,20260530,1,,63376,,0.5411244376728501,0.5667918454935622,0.4484224432238509,0.463638428923837,,
deep_loso/dreamer_strict_loso_valence_eegnet_time_shuffle,20260530,2,,63376,,0.501468248239977,0.6663090128755365,0.4406129380886213,0.5700450620584823,,
deep_loso/dreamer_strict_loso_valence_eegnet_time_shuffle,20260530,3,,63376,,0.5245660798895081,0.5281652360515021,0.5154891156776726,0.5173810739424233,,
deep_loso/dreamer_strict_loso_valence_eegnet_time_shuffle,20260530,4,,63376,,0.4062611458903236,0.6188304721030042,0.3875242895294569,0.589046393596153,,
deep_loso/dreamer_strict_loso_valence_eegnet_time_shuffle,20260530,5,,63376,,0.5102512379411707,0.6228540772532188,0.4425989069699382,0.5242238897397257,,
deep_loso/dreamer_strict_loso_valence_eegnet_time_shuffle,20260530,6,,63376,,0.4940456787960973,0.5225321888412017,0.4464625635840995,0.4642965422984997,,
deep_loso/dreamer_strict_loso_valence_eegnet_time_shuffle,20260530,7,,63376,,0.5710156731980156,0.6762339055793991,0.558855712052533,0.6296610706022806,,
deep_loso/dreamer_strict_loso_valence_eegnet_time_shuffle,20260530,8,,63376,,0.5194856567483149,0.6365343347639485,0.493921931709356,0.5803973655979416,,
deep_loso/dreamer_strict_loso_valence_eegnet_time_shuffle,20260530,9,,63376,,0.5127373259143136,0.5592811158798283,0.4413244171744447,0.4712095352352366,,
deep_loso/dreamer_strict_loso_valence_eegnet_time_shuffle,20260530,10,,63376,,0.5147727662787903,0.4412553648068669,0.4244515077768921,0.4001822009204134,,
deep_loso/dreamer_strict_loso_valence_eegnet_time_shuffle,20260530,11,,63376,,0.5165768401335117,0.6271459227467812,0.4814661825075089,0.5615310599871899,,
deep_loso/dreamer_strict_loso_valence_eegnet_time_shuffle,20260530,12,,63376,,0.5165254987668505,0.5072424892703863,0.4072769285641893,0.4019227966387104,,
deep_loso/dreamer_strict_loso_valence_eegnet_time_shuffle,20260530,13,,63376,,0.518540884742815,0.4640557939914163,0.3839926534414498,0.3556369578300034,,
deep_loso/dreamer_strict_loso_valence_eegnet_time_shuffle,20260530,14,,63376,,0.5177428981776808,0.5600858369098712,0.4561093930087169,0.4826457124337968,,
deep_loso/dreamer_strict_loso_valence_eegnet_time_shuffle,20260530,15,,63376,,0.4958203955519525,0.6239270386266095,0.4466737046527355,0.5441210351786566,,
deep_loso/dreamer_strict_loso_valence_eegnet_time_shuffle,20260530,16,,63376,,0.5162802755351455,0.6046137339055794,0.4898820663636634,0.5526989522124047,,
deep_loso/dreamer_strict_loso_valence_eegnet_time_shuffle,20260530,17,,63376,,0.5125638272669076,0.6373390557939914,0.4581097074285085,0.549730680286983,,
deep_loso/dreamer_strict_loso_valence_eegnet_time_shuffle,20260530,18,,63376,,0.5720841666049429,0.654774678111588,0.5584817495840352,0.6120208390812615,,
deep_loso/dreamer_strict_loso_valence_eegnet_time_shuffle,20260530,19,,63376,,0.5044035064183843,0.4924892703862661,0.4668190607505106,0.4611075960149269,,
deep_loso/dreamer_strict_loso_valence_eegnet_time_shuffle,20260530,20,,63376,,0.5016502337329573,0.6405579399141631,0.4589133207630878,0.5653772503210792,,
deep_loso/dreamer_strict_loso_valence_eegnet_time_shuffle,20260530,21,,63376,,0.5235438434140726,0.5936158798283262,0.5116898252718793,0.5622296703224182,,
deep_loso/dreamer_strict_loso_valence_eegnet_time_shuffle,20260530,22,,63376,,0.5263920653550502,0.572961373390558,0.5257712979488307,0.5651766160472799,,
deep_loso/dreamer_strict_loso_valence_eegnet_time_shuffle,20260530,23,,63376,,0.4789647557943421,0.4930257510729613,0.4696917011754824,0.4788820942297324,,
deep_loso/dreamer_strict_loso_valence_shallow_convnet_none,20260530,1,,63376,,0.6055690425816141,0.6131974248927039,0.6024845749306389,0.6063706087404077,,
deep_loso/dreamer_strict_loso_valence_shallow_convnet_none,20260530,2,,63376,,0.527759332726057,0.6459227467811158,0.5170087710585298,0.6079045026427832,,
deep_loso/dreamer_strict_loso_valence_shallow_convnet_none,20260530,3,,63376,,0.6056573258639165,0.6075643776824035,0.6040946900894101,0.6049894519328755,,
deep_loso/dreamer_strict_loso_valence_shallow_convnet_none,20260530,4,,63376,,0.4408224839942997,0.66818669527897,0.4111641085523228,0.6194536266629146,,
deep_loso/dreamer_strict_loso_valence_shallow_convnet_none,20260530,5,,63376,,0.5043771824261675,0.6260729613733905,0.4130173622359057,0.5040829789643053,,
deep_loso/dreamer_strict_loso_valence_shallow_convnet_none,20260530,6,,63376,,0.5438094431613467,0.5439914163090128,0.5428778499448361,0.5448386950643649,,
deep_loso/dreamer_strict_loso_valence_shallow_convnet_none,20260530,7,,63376,,0.6558639378782549,0.6362660944206009,0.628877931546662,0.645171218492991,,
deep_loso/dreamer_strict_loso_valence_shallow_convnet_none,20260530,8,,63376,,0.5454262904816702,0.6247317596566524,0.5434497978098953,0.6054576517298625,,
deep_loso/dreamer_strict_loso_valence_shallow_convnet_none,20260530,9,,63376,,0.5929965422840066,0.6199034334763949,0.582267124883845,0.596864227590875,,
deep_loso/dreamer_strict_loso_valence_shallow_convnet_none,20260530,10,,63376,,0.5152698706915575,0.4415236051502146,0.4245644252120936,0.4001856040510447,,
deep_loso/dreamer_strict_loso_valence_shallow_convnet_none,20260530,11,,63376,,0.553356394593488,0.6561158798283262,0.5326753058200859,0.6026421447412492,,
deep_loso/dreamer_strict_loso_valence_shallow_convnet_none,20260530,12,,63376,,0.5029571111619824,0.4930257510729613,0.3710022121405271,0.3649084665909171,,
deep_loso/dreamer_strict_loso_valence_shallow_convnet_none,20260530,13,,63376,,0.5685740634761247,0.5869098712446352,0.5666538952630169,0.5786164815747419,,
deep_loso/dreamer_strict_loso_valence_shallow_convnet_none,20260530,14,,63376,,0.5738207151250629,0.5869098712446352,0.572865368430701,0.5815081393931221,,
deep_loso/dreamer_strict_loso_valence_shallow_convnet_none,20260530,15,,63376,,0.5056575707052939,0.6520922746781116,0.425589617500166,0.5378250221675803,,
deep_loso/dreamer_strict_loso_valence_shallow_convnet_none,20260530,16,,63376,,0.5767628323827865,0.664431330472103,0.5598801301751192,0.615579393734547,,
deep_loso/dreamer_strict_loso_valence_shallow_convnet_none,20260530,17,,63376,,0.4910402395318242,0.6110515021459227,0.4400885649462461,0.5310474868738411,,
deep_loso/dreamer_strict_loso_valence_shallow_convnet_none,20260530,18,,63376,,0.6531898871688517,0.6566523605150214,0.6447636616476313,0.6616379439110238,,
deep_loso/dreamer_strict_loso_valence_shallow_convnet_none,20260530,19,,63376,,0.5454282264660444,0.5447961373390557,0.5447109302420812,0.5450150026273632,,
deep_loso/dreamer_strict_loso_valence_shallow_convnet_none,20260530,20,,63376,,0.6173136439600795,0.6148068669527897,0.5983779697734373,0.6259628289631722,,
deep_loso/dreamer_strict_loso_valence_shallow_convnet_none,20260530,21,,63376,,0.5678956114312769,0.6531652360515021,0.5487931211203453,0.6036277738058722,,
deep_loso/dreamer_strict_loso_valence_shallow_convnet_none,20260530,22,,63376,,0.5030534280319724,0.5866416309012875,0.4817764038299947,0.5431822791931489,,
deep_loso/dreamer_strict_loso_valence_shallow_convnet_none,20260530,23,,63376,,0.503378656419708,0.5217274678111588,0.4859897329777728,0.4971873141870128,,
deep_loso/dreamer_strict_loso_valence_tsception_none_seed20260530,20260530,1,,63376,,0.6636388975138461,0.6695278969957081,0.6630730894865273,0.6658501578335005,,
deep_loso/dreamer_strict_loso_valence_tsception_none_seed20260530,20260530,2,,63376,,0.5354375625320438,0.6373390557939914,0.5317959432550642,0.612771958412049,,
deep_loso/dreamer_strict_loso_valence_tsception_none_seed20260530,20260530,3,,63376,,0.599614222840162,0.6046137339055794,0.5842014669210307,0.586425563807967,,
deep_loso/dreamer_strict_loso_valence_tsception_none_seed20260530,20260530,4,,63376,,0.5902262343392676,0.7207618025751072,0.5933054682698248,0.7152042911128261,,
deep_loso/dreamer_strict_loso_valence_tsception_none_seed20260530,20260530,5,,63376,,0.5624839708812563,0.6319742489270386,0.5555374809651971,0.60300145072158,,
deep_loso/dreamer_strict_loso_valence_tsception_none_seed20260530,20260530,6,,63376,,0.5149316233268334,0.5284334763948498,0.5087629037524206,0.5173061551413577,,
deep_loso/dreamer_strict_loso_valence_tsception_none_seed20260530,20260530,7,,63376,,0.6772246610683677,0.7129828326180258,0.6789359594365443,0.7114683918010571,,
deep_loso/dreamer_strict_loso_valence_tsception_none_seed20260530,20260530,8,,63376,,0.5292644459970409,0.6453862660944206,0.5060511642898722,0.590496680535053,,
deep_loso/dreamer_strict_loso_valence_tsception_none_seed20260530,20260530,9,,63376,,0.5896377348823761,0.6225858369098712,0.5693256644511249,0.5869571784458586,,
deep_loso/dreamer_strict_loso_valence_tsception_none_seed20260530,20260530,10,,63376,,0.4960409403180488,0.4117489270386266,0.3820711923476786,0.3486519562207849,,
deep_loso/dreamer_strict_loso_valence_tsception_none_seed20260530,20260530,11,,63376,,0.5299514380055397,0.658530042918455,0.4706449188819408,0.5625149074923209,,
deep_loso/dreamer_strict_loso_valence_tsception_none_seed20260530,20260530,12,,63376,,0.4992163417861302,0.4908798283261802,0.4111202103931555,0.4063532361435141,,
deep_loso/dreamer_strict_loso_valence_tsception_none_seed20260530,20260530,13,,63376,,0.5477241261470654,0.4924892703862661,0.415631379410907,0.3885719444225409,,
deep_loso/dreamer_strict_loso_valence_tsception_none_seed20260530,20260530,14,,63376,,0.6091701173222912,0.6129291845493562,0.6088868803111861,0.6133238158338213,,
deep_loso/dreamer_strict_loso_valence_tsception_none_seed20260530,20260530,15,,63376,,0.5087142012226522,0.6107832618025751,0.4902157804884829,0.567357688003291,,
deep_loso/dreamer_strict_loso_valence_tsception_none_seed20260530,20260530,16,,63376,,0.5544805323062489,0.6542381974248928,0.5204689181932822,0.5862325861954147,,
deep_loso/dreamer_strict_loso_valence_tsception_none_seed20260530,20260530,17,,63376,,0.4738994994631704,0.5799356223175965,0.4399141630901287,0.5222443773140046,,
deep_loso/dreamer_strict_loso_valence_tsception_none_seed20260530,20260530,18,,63376,,0.5998882798805028,0.5641094420600858,0.5639686054516879,0.566003379137197,,
deep_loso/dreamer_strict_loso_valence_tsception_none_seed20260530,20260530,19,,63376,,0.5431122997275126,0.5273605150214592,0.4819268898400904,0.4744369262685242,,
deep_loso/dreamer_strict_loso_valence_tsception_none_seed20260530,20260530,20,,63376,,0.6455626524371895,0.6325107296137339,0.6200929088909102,0.643417776895502,,
deep_loso/dreamer_strict_loso_valence_tsception_none_seed20260530,20260530,21,,63376,,0.5279076631244322,0.6424356223175965,0.4548090156735891,0.535624865448923,,
deep_loso/dreamer_strict_loso_valence_tsception_none_seed20260530,20260530,22,,63376,,0.4921468478373484,0.5901287553648069,0.4523278535198831,0.5246917495689287,,
deep_loso/dreamer_strict_loso_valence_tsception_none_seed20260530,20260530,23,,63376,,0.499197282933134,0.5155579399141631,0.4861392486216181,0.4962972720724072,,
deep_loso/seed_iv_strict_loso_emotion_deep_convnet_none,20260530,1,,27555,,0.25,0.2726546906187624,0.1071204516938519,0.1168275744621171,,
deep_loso/seed_iv_strict_loso_emotion_deep_convnet_none,20260530,2,,27555,,0.2567941942147027,0.2758483033932136,0.1474145649964998,0.1534277048944132,,
deep_loso/seed_iv_strict_loso_emotion_deep_convnet_none,20260530,3,,27555,,0.2742027493633603,0.2926147704590818,0.155515223463405,0.1584727948722561,,
deep_loso/seed_iv_strict_loso_emotion_deep_convnet_none,20260530,4,,27555,,0.2883545333528379,0.2786427145708582,0.1951865767032755,0.1852549084215898,,
deep_loso/seed_iv_strict_loso_emotion_deep_convnet_none,20260530,5,,27555,,0.2698561584794381,0.2806387225548902,0.1987813762776026,0.2069950213838208,,
deep_loso/seed_iv_strict_loso_emotion_deep_convnet_none,20260530,6,,27555,,0.2662071099547552,0.2750499001996008,0.1969424126896591,0.2010112551407724,,
deep_loso/seed_iv_strict_loso_emotion_deep_convnet_none,20260530,7,,27555,,0.2770654703685205,0.2958083832335329,0.1770661438152213,0.1829323184452221,,
deep_loso/seed_iv_strict_loso_emotion_deep_convnet_none,20260530,8,,27555,,0.2939101616644233,0.3101796407185628,0.2074884706407972,0.2095189997948058,,
deep_loso/seed_iv_strict_loso_emotion_deep_convnet_none,20260530,9,,27555,,0.2849440454578708,0.304191616766467,0.1830484568957582,0.1915621010508294,,
deep_loso/seed_iv_strict_loso_emotion_deep_convnet_none,20260530,10,,27555,,0.3282483255720628,0.3221556886227545,0.2309214117115652,0.2270393522898848,,
deep_loso/seed_iv_strict_loso_emotion_deep_convnet_none,20260530,11,,27555,,0.25279612898618,0.2734530938123752,0.1375478670712682,0.1464670063647498,,
deep_loso/seed_iv_strict_loso_emotion_deep_convnet_none,20260530,12,,27555,,0.2426615005535121,0.2606786427145708,0.1452218416865664,0.1536238974506167,,
deep_loso/seed_iv_strict_loso_emotion_deep_convnet_none,20260530,13,,27555,,0.2692668719151772,0.2658682634730538,0.22809799097919,0.2227005739278698,,
deep_loso/seed_iv_strict_loso_emotion_deep_convnet_none,20260530,14,,27555,,0.2551324019856456,0.2770459081836327,0.1177097410208074,0.1260077332997407,,
deep_loso/seed_iv_strict_loso_emotion_deep_convnet_none,20260530,15,,27555,,0.2976348716245597,0.2958083832335329,0.2404084983979483,0.2360687313889739,,
deep_loso/seed_iv_strict_loso_emotion_eegconformer_none_seed20260530,20260530,1,,27555,,0.2685731654120076,0.2910179640718562,0.1553996313478125,0.168597542032157,,
deep_loso/seed_iv_strict_loso_emotion_eegconformer_none_seed20260530,20260530,2,,27555,,0.3062183365941512,0.332934131736527,0.2146950854060533,0.2333281892911809,,
deep_loso/seed_iv_strict_loso_emotion_eegconformer_none_seed20260530,20260530,3,,27555,,0.2832554824664251,0.2942115768463074,0.1960522649929876,0.1966980077758205,,
deep_loso/seed_iv_strict_loso_emotion_eegconformer_none_seed20260530,20260530,4,,27555,,0.2941281649587613,0.3153692614770459,0.2239848323878958,0.2362895186643808,,
deep_loso/seed_iv_strict_loso_emotion_eegconformer_none_seed20260530,20260530,5,,27555,,0.2596374974545935,0.2706586826347305,0.2252236820673417,0.2300862660663832,,
deep_loso/seed_iv_strict_loso_emotion_eegconformer_none_seed20260530,20260530,6,,27555,,0.2725683099482493,0.2946107784431138,0.1940353682659784,0.207403212331012,,
deep_loso/seed_iv_strict_loso_emotion_eegconformer_none_seed20260530,20260530,7,,27555,,0.3082859069840614,0.3349301397205589,0.2184155493297384,0.2369040039204305,,
deep_loso/seed_iv_strict_loso_emotion_eegconformer_none_seed20260530,20260530,8,,27555,,0.2622545208757131,0.2858283433133732,0.1458518079031542,0.158780725967141,,
deep_loso/seed_iv_strict_loso_emotion_eegconformer_none_seed20260530,20260530,9,,27555,,0.2749879681333599,0.2882235528942116,0.2236490702371767,0.2316104197131539,,
deep_loso/seed_iv_strict_loso_emotion_eegconformer_none_seed20260530,20260530,10,,27555,,0.3251434607143335,0.3528942115768463,0.2282620961102887,0.2478331755319832,,
deep_loso/seed_iv_strict_loso_emotion_eegconformer_none_seed20260530,20260530,11,,27555,,0.2923615800961907,0.311377245508982,0.2499821707475276,0.2640536162674807,,
deep_loso/seed_iv_strict_loso_emotion_eegconformer_none_seed20260530,20260530,12,,27555,,0.2853636415061724,0.3097804391217565,0.2007341945101085,0.2179085020801557,,
deep_loso/seed_iv_strict_loso_emotion_eegconformer_none_seed20260530,20260530,13,,27555,,0.3078365966805281,0.3337325349301397,0.2249683492046911,0.242654903470867,,
deep_loso/seed_iv_strict_loso_emotion_eegconformer_none_seed20260530,20260530,14,,27555,,0.3093814379559206,0.336127744510978,0.2177120308715288,0.236558189140861,,
deep_loso/seed_iv_strict_loso_emotion_eegconformer_none_seed20260530,20260530,15,,27555,,0.2815464109716354,0.2962075848303393,0.2122216260631206,0.2168196091854703,,
deep_loso/seed_iv_strict_loso_emotion_eegnet_none,20260530,1,,27555,,0.314907712271114,0.3369261477045908,0.2723479860597371,0.2878491402905226,,
deep_loso/seed_iv_strict_loso_emotion_eegnet_none,20260530,2,,27555,,0.3262265420316089,0.2946107784431138,0.2454505963073663,0.2364610396893764,,
deep_loso/seed_iv_strict_loso_emotion_eegnet_none,20260530,3,,27555,,0.3225787703782367,0.3265469061876248,0.3016497928838035,0.2995951213630523,,
deep_loso/seed_iv_strict_loso_emotion_eegnet_none,20260530,4,,27555,,0.3560676649182532,0.332934131736527,0.2913482909300892,0.2783724181189352,,
deep_loso/seed_iv_strict_loso_emotion_eegnet_none,20260530,5,,27555,,0.3273370582846807,0.3341317365269461,0.3259580141688263,0.3316333462758456,,
deep_loso/seed_iv_strict_loso_emotion_eegnet_none,20260530,6,,27555,,0.3944098270394891,0.3932135728542914,0.3563100542947059,0.3464208787225982,,
deep_loso/seed_iv_strict_loso_emotion_eegnet_none,20260530,7,,27555,,0.3564772775412552,0.3357285429141716,0.3009231888216951,0.2952663756009351,,
deep_loso/seed_iv_strict_loso_emotion_eegnet_none,20260530,8,,27555,,0.3075186240821789,0.3117764471057884,0.2934552473174017,0.2889214118796744,,
deep_loso/seed_iv_strict_loso_emotion_eegnet_none,20260530,9,,27555,,0.390469705706132,0.368063872255489,0.3281986394287334,0.3175780713288049,,
deep_loso/seed_iv_strict_loso_emotion_eegnet_none,20260530,10,,27555,,0.3778555879936399,0.3828343313373253,0.3428620264443509,0.3401752527698711,,
deep_loso/seed_iv_strict_loso_emotion_eegnet_none,20260530,11,,27555,,0.3126440319505588,0.3053892215568862,0.255883693668583,0.2497071375923838,,
deep_loso/seed_iv_strict_loso_emotion_eegnet_none,20260530,12,,27555,,0.3072561704296807,0.3173652694610778,0.2988209937092304,0.3052640962885894,,
deep_loso/seed_iv_strict_loso_emotion_eegnet_none,20260530,13,,27555,,0.2858594040024675,0.2590818363273453,0.1983512028404341,0.193020430381249,,
deep_loso/seed_iv_strict_loso_emotion_eegnet_none,20260530,14,,27555,,0.4322174914115604,0.4315369261477046,0.3979130438403979,0.3954411697482816,,
deep_loso/seed_iv_strict_loso_emotion_eegnet_none,20260530,15,,27555,,0.2980466306914935,0.2798403193612774,0.2608888506360472,0.2507808010956756,,
deep_loso/seed_iv_strict_loso_emotion_shallow_convnet_none,20260530,1,,27555,,0.3838512928888449,0.3984031936127744,0.3577967021134157,0.362438118894977,,
deep_loso/seed_iv_strict_loso_emotion_shallow_convnet_none,20260530,2,,27555,,0.4878488525124112,0.4694610778443114,0.4193762715068762,0.4075427590066113,,
deep_loso/seed_iv_strict_loso_emotion_shallow_convnet_none,20260530,3,,27555,,0.3638766377120375,0.3600798403193613,0.3312805241821605,0.3249901945190661,,
deep_loso/seed_iv_strict_loso_emotion_shallow_convnet_none,20260530,4,,27555,,0.3340496009729063,0.32375249500998,0.2641786326252321,0.256187748215798,,
deep_loso/seed_iv_strict_loso_emotion_shallow_convnet_none,20260530,5,,27555,,0.3289397773385866,0.3520958083832335,0.2626205031147621,0.2769377493409524,,
deep_loso/seed_iv_strict_loso_emotion_shallow_convnet_none,20260530,6,,27555,,0.325281508351173,0.3145708582834331,0.3194195974124971,0.3083375158002719,,
deep_loso/seed_iv_strict_loso_emotion_shallow_convnet_none,20260530,7,,27555,,0.4865201364022507,0.4726546906187625,0.4346850119648907,0.4243145779553968,,
deep_loso/seed_iv_strict_loso_emotion_shallow_convnet_none,20260530,8,,27555,,0.3850653105218435,0.3980039920159681,0.3754883747943229,0.3832959942614606,,
deep_loso/seed_iv_strict_loso_emotion_shallow_convnet_none,20260530,9,,27555,,0.3488350673177827,0.3560878243512974,0.304687490051693,0.3091979226699065,,
deep_loso/seed_iv_strict_loso_emotion_shallow_convnet_none,20260530,10,,27555,,0.443010410707039,0.4538922155688623,0.4435808969236787,0.4492522022024924,,
deep_loso/seed_iv_strict_loso_emotion_shallow_convnet_none,20260530,11,,27555,,0.3185909553216784,0.3285429141716567,0.3127203299734905,0.316948278312155,,
deep_loso/seed_iv_strict_loso_emotion_shallow_convnet_none,20260530,12,,27555,,0.3845199910832158,0.3880239520958083,0.3739816702480007,0.3757745876055809,,
deep_loso/seed_iv_strict_loso_emotion_shallow_convnet_none,20260530,13,,27555,,0.3235734855826797,0.2982035928143712,0.2429911745734793,0.2386388552727242,,
deep_loso/seed_iv_strict_loso_emotion_shallow_convnet_none,20260530,14,,27555,,0.4496489910348076,0.4522954091816367,0.4276937344239049,0.4268259283233708,,
deep_loso/seed_iv_strict_loso_emotion_shallow_convnet_none,20260530,15,,27555,,0.3878792449549335,0.3836327345309381,0.3901521122435173,0.387727972155047,,
deep_loso/seed_iv_strict_loso_emotion_tsception_none_seed20260530,20260530,1,,27555,,0.3225867361180633,0.3401197604790419,0.2863687445519925,0.2953419145465132,,
deep_loso/seed_iv_strict_loso_emotion_tsception_none_seed20260530,20260530,2,,27555,,0.3549204481782935,0.3337325349301397,0.3052685120934255,0.298159115958202,,
deep_loso/seed_iv_strict_loso_emotion_tsception_none_seed20260530,20260530,3,,27555,,0.3385667391113809,0.3461077844311377,0.3295279211675046,0.3313695094188516,,
deep_loso/seed_iv_strict_loso_emotion_tsception_none_seed20260530,20260530,4,,27555,,0.4109163651635317,0.424750499001996,0.4063964766234514,0.4144067281187625,,
deep_loso/seed_iv_strict_loso_emotion_tsception_none_seed20260530,20260530,5,,27555,,0.3092868400312572,0.3197604790419162,0.2982868017760259,0.3059509954007916,,
deep_loso/seed_iv_strict_loso_emotion_tsception_none_seed20260530,20260530,6,,27555,,0.3430048120439207,0.332934131736527,0.3150440812408702,0.3053722218392024,,
deep_loso/seed_iv_strict_loso_emotion_tsception_none_seed20260530,20260530,7,,27555,,0.4264649222630771,0.4151696606786427,0.4146594597851768,0.4101648999147724,,
deep_loso/seed_iv_strict_loso_emotion_tsception_none_seed20260530,20260530,8,,27555,,0.309996329695925,0.3241516966067864,0.2751789541883103,0.2859069893436654,,
deep_loso/seed_iv_strict_loso_emotion_tsception_none_seed20260530,20260530,9,,27555,,0.4060675020883866,0.4103792415169661,0.396433358275179,0.3990870507650304,,
deep_loso/seed_iv_strict_loso_emotion_tsception_none_seed20260530,20260530,10,,27555,,0.3740232183039652,0.3868263473053892,0.3534204361679323,0.3599151118929273,,
deep_loso/seed_iv_strict_loso_emotion_tsception_none_seed20260530,20260530,11,,27555,,0.2912481540433336,0.2946107784431138,0.2534351460412333,0.2585432109881729,,
deep_loso/seed_iv_strict_loso_emotion_tsception_none_seed20260530,20260530,12,,27555,,0.3366834874060815,0.3497005988023952,0.3120260351930954,0.3177897856798008,,
deep_loso/seed_iv_strict_loso_emotion_tsception_none_seed20260530,20260530,13,,27555,,0.3161214541815932,0.2994011976047904,0.2816755521779161,0.2815158566899652,,
deep_loso/seed_iv_strict_loso_emotion_tsception_none_seed20260530,20260530,14,,27555,,0.3675270925933199,0.3756487025948103,0.3683387429145859,0.3687684594587578,,
deep_loso/seed_iv_strict_loso_emotion_tsception_none_seed20260530,20260530,15,,27555,,0.3552503359671306,0.3612774451097804,0.3188838688756299,0.3197702791962585,,
deep_loso_rerun/deap_strict_loso_arousal_deep_convnet_none_bs128_seed20260530,20260530,1,2.0,57600,,0.50625,0.5808333333333333,0.4592555895287658,0.5105361844551212,,5.0
deep_loso_rerun/deap_strict_loso_arousal_deep_convnet_none_bs128_seed20260530,20260530,2,2.0,57600,,0.5203125,0.5025,0.5023880373083944,0.5038808731964692,,5.0
deep_loso_rerun/deap_strict_loso_arousal_deep_convnet_none_bs128_seed20260530,20260530,3,2.0,57600,,0.5192708333333333,0.3945833333333333,0.3879956805889225,0.426092949472262,,5.0
deep_loso_rerun/deap_strict_loso_arousal_deep_convnet_none_bs128_seed20260530,20260530,4,2.0,57600,,0.4840277777777778,0.4620833333333333,0.4619935721914715,0.4606037222529662,,5.0
deep_loso_rerun/deap_strict_loso_arousal_deep_convnet_none_bs128_seed20260530,20260530,5,2.0,57600,,0.4937134502923976,0.4879166666666666,0.4836169711026132,0.4812609735332689,,5.0
deep_loso_rerun/deap_strict_loso_arousal_deep_convnet_none_bs128_seed20260530,20260530,6,2.0,57600,,0.5148550724637682,0.4570833333333333,0.4002162305646141,0.3725137177138172,,5.0
deep_loso_rerun/deap_strict_loso_arousal_deep_convnet_none_bs128_seed20260530,20260530,7,2.0,57600,,0.492,0.4608333333333333,0.4608318356439879,0.4606071822421728,,5.0
deep_loso_rerun/deap_strict_loso_arousal_deep_convnet_none_bs128_seed20260530,20260530,8,2.0,57600,,0.5014066496163683,0.4675,0.4551032198510701,0.4427749302002005,,5.0
deep_loso_rerun/deap_strict_loso_arousal_deep_convnet_none_bs128_seed20260530,20260530,9,2.0,57600,,0.5020833333333333,0.4975,0.4944636221304208,0.5022994359873992,,5.0
deep_loso_rerun/deap_strict_loso_arousal_deep_convnet_none_bs128_seed20260530,20260530,10,2.0,57600,,0.5233164983164983,0.5225,0.521566722864254,0.5236798031716036,,5.0
deep_loso_rerun/deap_strict_loso_arousal_deep_convnet_none_bs128_seed20260530,20260530,11,2.0,57600,,0.4962222222222222,0.5866666666666667,0.4589636863916459,0.5246770553153273,,5.0
deep_loso_rerun/deap_strict_loso_arousal_deep_convnet_none_bs128_seed20260530,20260530,12,2.0,57600,,0.5104617604617605,0.525,0.4568734491315137,0.5819057071960297,,5.0
deep_loso_rerun/deap_strict_loso_arousal_deep_convnet_none_bs128_seed20260530,20260530,13,2.0,57600,,0.5107026143790849,0.65625,0.4947111827815945,0.6947002858964959,,5.0
deep_loso_rerun/deap_strict_loso_arousal_deep_convnet_none_bs128_seed20260530,20260530,14,2.0,57600,,0.5140075973409307,0.4466666666666666,0.4465801948221076,0.4441589831744543,,5.0
deep_loso_rerun/deap_strict_loso_arousal_deep_convnet_none_bs128_seed20260530,20260530,15,2.0,57600,,0.5224101921470342,0.5245833333333333,0.5222702421498816,0.5239323435990684,,5.0
deep_loso_rerun/deap_strict_loso_arousal_deep_convnet_none_bs128_seed20260530,20260530,16,2.0,57600,,0.5579166666666666,0.5579166666666666,0.5458630359013248,0.5458630359013248,,5.0
deep_loso_rerun/deap_strict_loso_arousal_deep_convnet_none_bs128_seed20260530,20260530,17,2.0,57600,,0.5475694444444444,0.5275,0.5274602935385543,0.5283266163337337,,5.0
deep_loso_rerun/deap_strict_loso_arousal_deep_convnet_none_bs128_seed20260530,20260530,18,2.0,57600,,0.5221111111111111,0.53375,0.5186557634143609,0.5399652738882043,,5.0
deep_loso_rerun/deap_strict_loso_arousal_deep_convnet_none_bs128_seed20260530,20260530,19,2.0,57600,,0.4970560303893637,0.5808333333333333,0.4944655874785592,0.5675995658233276,,5.0
deep_loso_rerun/deap_strict_loso_arousal_deep_convnet_none_bs128_seed20260530,20260530,20,2.0,57600,,0.5136499402628435,0.4254166666666666,0.4167233124391649,0.4558879116893435,,5.0
deep_loso_rerun/deap_strict_loso_arousal_deep_convnet_none_bs128_seed20260530,20260530,21,2.0,57600,,0.5,0.75875,0.4814877004449668,0.7089849718747376,,5.0
deep_loso_rerun/deap_strict_loso_arousal_deep_convnet_none_bs128_seed20260530,20260530,22,2.0,57600,,0.5225694444444444,0.57375,0.5101136822782348,0.545426321014012,,5.0
deep_loso_rerun/deap_strict_loso_arousal_deep_convnet_none_bs128_seed20260530,20260530,23,2.0,57600,,0.5044444444444445,0.5366666666666666,0.4850262426674899,0.5665637542451375,,5.0
deep_loso_rerun/deap_strict_loso_arousal_deep_convnet_none_bs128_seed20260530,20260530,24,2.0,57600,,0.5038600288600289,0.3454166666666666,0.3407929471978717,0.3766785311347876,,5.0
deep_loso_rerun/deap_strict_loso_arousal_deep_convnet_none_bs128_seed20260530,20260530,25,2.0,57600,,0.5139759665621735,0.5570833333333334,0.5040218516556421,0.5770236353650773,,5.0
deep_loso_rerun/deap_strict_loso_arousal_deep_convnet_none_bs128_seed20260530,20260530,26,2.0,57600,,0.4862958226768968,0.4829166666666666,0.4815989740588882,0.4855193818175678,,5.0
deep_loso_rerun/deap_strict_loso_arousal_deep_convnet_none_bs128_seed20260530,20260530,27,2.0,57600,,0.5100902184235518,0.39875,0.3868027674615224,0.3568455276635489,,5.0
deep_loso_rerun/deap_strict_loso_arousal_deep_convnet_none_bs128_seed20260530,20260530,28,2.0,57600,,0.5106902356902356,0.5116666666666667,0.5098527815784943,0.5128345104905585,,5.0
deep_loso_rerun/deap_strict_loso_arousal_deep_convnet_none_bs128_seed20260530,20260530,29,2.0,57600,,0.5118888888888888,0.5054166666666666,0.50020833424708,0.5129634340501493,,5.0
deep_loso_rerun/deap_strict_loso_arousal_deep_convnet_none_bs128_seed20260530,20260530,30,2.0,57600,,0.5001879699248121,0.4779166666666666,0.3658263669202279,0.3524955086748635,,5.0
deep_loso_rerun/deap_strict_loso_arousal_deep_convnet_none_bs128_seed20260530,20260530,31,2.0,57600,,0.5314745196324144,0.54375,0.507273804834304,0.5139769341143706,,5.0
deep_loso_rerun/deap_strict_loso_arousal_deep_convnet_none_bs128_seed20260530,20260530,32,2.0,57600,,0.4771604938271605,0.5041666666666667,0.4727323614574741,0.5177917750679208,,5.0
deep_loso_rerun/deap_strict_loso_arousal_eegconformer_none_bs32_seed20260530,20260530,1,2.0,57600,,0.4956597222222222,0.4075,0.3291925465838509,0.2833540372670807,,5.0
deep_loso_rerun/deap_strict_loso_arousal_eegconformer_none_bs32_seed20260530,20260530,2,2.0,57600,,0.5026041666666666,0.4054166666666666,0.3016847202752644,0.2478562507964826,,5.0
deep_loso_rerun/deap_strict_loso_arousal_eegconformer_none_bs32_seed20260530,20260530,3,2.0,57600,,0.490625,0.29625,0.2956335570766012,0.2831310527147109,,5.0
deep_loso_rerun/deap_strict_loso_arousal_eegconformer_none_bs32_seed20260530,20260530,4,2.0,57600,,0.5585069444444444,0.5616666666666666,0.5544232597835226,0.5657854666590427,,5.0
deep_loso_rerun/deap_strict_loso_arousal_eegconformer_none_bs32_seed20260530,20260530,5,2.0,57600,,0.4988721804511278,0.4741666666666667,0.3257532516911821,0.3099365467204378,,5.0
deep_loso_rerun/deap_strict_loso_arousal_eegconformer_none_bs32_seed20260530,20260530,6,2.0,57600,,0.500234441602728,0.4254166666666666,0.2996609399093596,0.2551456384023483,,5.0
deep_loso_rerun/deap_strict_loso_arousal_eegconformer_none_bs32_seed20260530,20260530,7,2.0,57600,,0.499,0.6220833333333333,0.3896775087133853,0.4838324680462474,,5.0
deep_loso_rerun/deap_strict_loso_arousal_eegconformer_none_bs32_seed20260530,20260530,8,2.0,57600,,0.5094842284739983,0.4495833333333333,0.3855069654754693,0.3557424591156874,,5.0
deep_loso_rerun/deap_strict_loso_arousal_eegconformer_none_bs32_seed20260530,20260530,9,2.0,57600,,0.5,0.6,0.375,0.45,,5.0
deep_loso_rerun/deap_strict_loso_arousal_eegconformer_none_bs32_seed20260530,20260530,10,2.0,57600,,0.5408670033670033,0.54125,0.539706017354393,0.5423718866705489,,5.0
deep_loso_rerun/deap_strict_loso_arousal_eegconformer_none_bs32_seed20260530,20260530,11,2.0,57600,,0.5178888888888888,0.4645833333333333,0.4608013603750892,0.4495118888579427,,5.0
deep_loso_rerun/deap_strict_loso_arousal_eegconformer_none_bs32_seed20260530,20260530,12,2.0,57600,,0.5,0.825,0.4520547945205479,0.7458904109589041,,5.0
deep_loso_rerun/deap_strict_loso_arousal_eegconformer_none_bs32_seed20260530,20260530,13,2.0,57600,,0.5,0.85,0.4594594594594595,0.7810810810810812,,5.0
deep_loso_rerun/deap_strict_loso_arousal_eegconformer_none_bs32_seed20260530,20260530,14,2.0,57600,,0.5097578347578348,0.4570833333333333,0.4566598864983491,0.4619687721906882,,5.0
deep_loso_rerun/deap_strict_loso_arousal_eegconformer_none_bs32_seed20260530,20260530,15,2.0,57600,,0.502046783625731,0.5266666666666666,0.3535408717524107,0.3702680016958171,,5.0
deep_loso_rerun/deap_strict_loso_arousal_eegconformer_none_bs32_seed20260530,20260530,16,2.0,57600,,0.5045833333333334,0.5045833333333334,0.3511759935117599,0.3511759935117599,,5.0
deep_loso_rerun/deap_strict_loso_arousal_eegconformer_none_bs32_seed20260530,20260530,17,2.0,57600,,0.5628472222222223,0.5,0.4788032163632625,0.4577816127565808,,5.0
deep_loso_rerun/deap_strict_loso_arousal_eegconformer_none_bs32_seed20260530,20260530,18,2.0,57600,,0.5035555555555555,0.43,0.4133773967335526,0.388690362179423,,5.0
deep_loso_rerun/deap_strict_loso_arousal_eegconformer_none_bs32_seed20260530,20260530,19,2.0,57600,,0.5043447293447293,0.6279166666666667,0.4828882879939699,0.5787370984464211,,5.0
deep_loso_rerun/deap_strict_loso_arousal_eegconformer_none_bs32_seed20260530,20260530,20,2.0,57600,,0.5063918757467145,0.7716666666666666,0.4578113585881988,0.6846947138256454,,5.0
deep_loso_rerun/deap_strict_loso_arousal_eegconformer_none_bs32_seed20260530,20260530,21,2.0,57600,,0.4994791666666666,0.7991666666666667,0.444187123668365,0.710699397869384,,5.0
deep_loso_rerun/deap_strict_loso_arousal_eegconformer_none_bs32_seed20260530,20260530,22,2.0,57600,,0.4996527777777778,0.5995833333333334,0.3748371971867674,0.4498046366241208,,5.0
deep_loso_rerun/deap_strict_loso_arousal_eegconformer_none_bs32_seed20260530,20260530,23,2.0,57600,,0.505,0.7233333333333334,0.4730653602637847,0.6546382548728888,,5.0
deep_loso_rerun/deap_strict_loso_arousal_eegconformer_none_bs32_seed20260530,20260530,24,2.0,57600,,0.4782828282828283,0.2908333333333333,0.2904741358646148,0.3008509516275948,,5.0
deep_loso_rerun/deap_strict_loso_arousal_eegconformer_none_bs32_seed20260530,20260530,25,2.0,57600,,0.5,0.725,0.4202898550724637,0.6094202898550724,,5.0
deep_loso_rerun/deap_strict_loso_arousal_eegconformer_none_bs32_seed20260530,20260530,26,2.0,57600,,0.5012574595055413,0.5754166666666667,0.3715228620894089,0.425218377559645,,5.0
deep_loso_rerun/deap_strict_loso_arousal_eegconformer_none_bs32_seed20260530,20260530,27,2.0,57600,,0.5004036087369421,0.67375,0.4074016143828093,0.546452356407943,,5.0
deep_loso_rerun/deap_strict_loso_arousal_eegconformer_none_bs32_seed20260530,20260530,28,2.0,57600,,0.5080808080808081,0.4783333333333333,0.4445364630164213,0.4308350291041597,,5.0
deep_loso_rerun/deap_strict_loso_arousal_eegconformer_none_bs32_seed20260530,20260530,29,2.0,57600,,0.5475555555555556,0.5716666666666667,0.5470035252643948,0.5734283196239718,,5.0
deep_loso_rerun/deap_strict_loso_arousal_eegconformer_none_bs32_seed20260530,20260530,30,2.0,57600,,0.5248329156223893,0.51375,0.4944439921812824,0.4895042886882204,,5.0
deep_loso_rerun/deap_strict_loso_arousal_eegconformer_none_bs32_seed20260530,20260530,31,2.0,57600,,0.5053049289891395,0.5066666666666667,0.5053031584972747,0.5066017377062194,,5.0
deep_loso_rerun/deap_strict_loso_arousal_eegconformer_none_bs32_seed20260530,20260530,32,2.0,57600,,0.4509259259259259,0.32875,0.3032658601893313,0.2566282187057547,,5.0
deep_loso_rerun/deap_strict_loso_arousal_eegnet_none_bs128_seed20260530,20260530,1,2.0,57600,,0.5144097222222223,0.47125,0.4644212783161134,0.4523261255180856,,5.0
deep_loso_rerun/deap_strict_loso_arousal_eegnet_none_bs128_seed20260530,20260530,2,2.0,57600,,0.4987847222222222,0.3991666666666666,0.2858534266159093,0.2289597496029767,,5.0
deep_loso_rerun/deap_strict_loso_arousal_eegnet_none_bs128_seed20260530,20260530,3,2.0,57600,,0.5140625,0.305,0.3038862179487179,0.2871794871794872,,5.0
deep_loso_rerun/deap_strict_loso_arousal_eegnet_none_bs128_seed20260530,20260530,4,2.0,57600,,0.5,0.5995833333333334,0.3767791881430241,0.4513060102275874,,5.0
deep_loso_rerun/deap_strict_loso_arousal_eegnet_none_bs128_seed20260530,20260530,5,2.0,57600,,0.5001879699248121,0.4754166666666666,0.3263415481347201,0.3104965399648055,,5.0
deep_loso_rerun/deap_strict_loso_arousal_eegnet_none_bs128_seed20260530,20260530,6,2.0,57600,,0.4998721227621483,0.425,0.2988511489780417,0.2542405533317696,,5.0
deep_loso_rerun/deap_strict_loso_arousal_eegnet_none_bs128_seed20260530,20260530,7,2.0,57600,,0.4776666666666667,0.55625,0.4534162447001584,0.512686420665485,,5.0
deep_loso_rerun/deap_strict_loso_arousal_eegnet_none_bs128_seed20260530,20260530,8,2.0,57600,,0.485080988917306,0.4641666666666666,0.4617745535714286,0.4563922991071428,,5.0
deep_loso_rerun/deap_strict_loso_arousal_eegnet_none_bs128_seed20260530,20260530,9,2.0,57600,,0.5,0.6,0.375,0.45,,5.0
deep_loso_rerun/deap_strict_loso_arousal_eegnet_none_bs128_seed20260530,20260530,10,2.0,57600,,0.55753367003367,0.5895833333333333,0.5219018114946211,0.5398902558371359,,5.0
deep_loso_rerun/deap_strict_loso_arousal_eegnet_none_bs128_seed20260530,20260530,11,2.0,57600,,0.5051111111111112,0.3841666666666666,0.2939259959919074,0.2308206318836841,,5.0
deep_loso_rerun/deap_strict_loso_arousal_eegnet_none_bs128_seed20260530,20260530,12,2.0,57600,,0.4939393939393939,0.7716666666666666,0.4810573299073858,0.7334796936849349,,5.0
deep_loso_rerun/deap_strict_loso_arousal_eegnet_none_bs128_seed20260530,20260530,13,2.0,57600,,0.5091503267973856,0.8441666666666666,0.4853163790493491,0.7861489554950046,,5.0
deep_loso_rerun/deap_strict_loso_arousal_eegnet_none_bs128_seed20260530,20260530,14,2.0,57600,,0.4983855650522317,0.6683333333333333,0.41235530356721,0.5481012284431844,,5.0
deep_loso_rerun/deap_strict_loso_arousal_eegnet_none_bs128_seed20260530,20260530,15,2.0,57600,,0.5319548872180452,0.5533333333333333,0.437258032765371,0.4500369649379907,,5.0
deep_loso_rerun/deap_strict_loso_arousal_eegnet_none_bs128_seed20260530,20260530,16,2.0,57600,,0.5179166666666667,0.5179166666666667,0.4709622721492157,0.4709622721492157,,5.0
deep_loso_rerun/deap_strict_loso_arousal_eegnet_none_bs128_seed20260530,20260530,17,2.0,57600,,0.5784722222222223,0.5875,0.5765463720931228,0.5901674637907939,,5.0
deep_loso_rerun/deap_strict_loso_arousal_eegnet_none_bs128_seed20260530,20260530,18,2.0,57600,,0.4827777777777778,0.5979166666666667,0.3927595225453759,0.480999154425501,,5.0
deep_loso_rerun/deap_strict_loso_arousal_eegnet_none_bs128_seed20260530,20260530,19,2.0,57600,,0.5009734093067426,0.6754166666666667,0.405591370773828,0.5457603556532248,,5.0
deep_loso_rerun/deap_strict_loso_arousal_eegnet_none_bs128_seed20260530,20260530,20,2.0,57600,,0.5176224611708482,0.7575,0.4952115933648947,0.6953391637454375,,5.0
deep_loso_rerun/deap_strict_loso_arousal_eegnet_none_bs128_seed20260530,20260530,21,2.0,57600,,0.5,0.8,0.4444444444444444,0.711111111111111,,5.0
deep_loso_rerun/deap_strict_loso_arousal_eegnet_none_bs128_seed20260530,20260530,22,2.0,57600,,0.4800347222222222,0.5208333333333334,0.4734432234432234,0.50503663003663,,5.0
deep_loso_rerun/deap_strict_loso_arousal_eegnet_none_bs128_seed20260530,20260530,23,2.0,57600,,0.4858333333333333,0.5304166666666666,0.4722126229147686,0.559847318651629,,5.0
deep_loso_rerun/deap_strict_loso_arousal_eegnet_none_bs128_seed20260530,20260530,24,2.0,57600,,0.5284992784992785,0.5733333333333334,0.4858469842465324,0.6237042615954309,,5.0
deep_loso_rerun/deap_strict_loso_arousal_eegnet_none_bs128_seed20260530,20260530,25,2.0,57600,,0.5252612330198537,0.6470833333333333,0.524925851460804,0.6333318337305918,,5.0
deep_loso_rerun/deap_strict_loso_arousal_eegnet_none_bs128_seed20260530,20260530,26,2.0,57600,,0.5020886615515772,0.5766666666666667,0.3702681009182557,0.4243463277519005,,5.0
deep_loso_rerun/deap_strict_loso_arousal_eegnet_none_bs128_seed20260530,20260530,27,2.0,57600,,0.5013770180436847,0.6741666666666667,0.4099530804548844,0.5481469860700133,,5.0
deep_loso_rerun/deap_strict_loso_arousal_eegnet_none_bs128_seed20260530,20260530,28,2.0,57600,,0.5,0.45,0.3103448275862069,0.2793103448275862,,5.0
deep_loso_rerun/deap_strict_loso_arousal_eegnet_none_bs128_seed20260530,20260530,29,2.0,57600,,0.5507777777777778,0.5354166666666667,0.532699753829164,0.5416076647717957,,5.0
deep_loso_rerun/deap_strict_loso_arousal_eegnet_none_bs128_seed20260530,20260530,30,2.0,57600,,0.5215747702589808,0.50875,0.4812062870552204,0.4752293511540025,,5.0
deep_loso_rerun/deap_strict_loso_arousal_eegnet_none_bs128_seed20260530,20260530,31,2.0,57600,,0.5118003341687553,0.5279166666666667,0.4629032497000163,0.4722464952521097,,5.0
deep_loso_rerun/deap_strict_loso_arousal_eegnet_none_bs128_seed20260530,20260530,32,2.0,57600,,0.4965811965811966,0.6533333333333333,0.434964300428757,0.5579066513938,,5.0
deep_loso_rerun/deap_strict_loso_arousal_shallow_convnet_none_bs128_seed20260530,20260530,1,2.0,57600,,0.4897569444444444,0.4329166666666666,0.4125381664047152,0.3906552131032908,,5.0
deep_loso_rerun/deap_strict_loso_arousal_shallow_convnet_none_bs128_seed20260530,20260530,2,2.0,57600,,0.4986111111111111,0.4041666666666667,0.3081710800997588,0.2566298255671909,,5.0
deep_loso_rerun/deap_strict_loso_arousal_shallow_convnet_none_bs128_seed20260530,20260530,3,2.0,57600,,0.46953125,0.4175,0.3944749083915902,0.4653213441097741,,5.0
deep_loso_rerun/deap_strict_loso_arousal_shallow_convnet_none_bs128_seed20260530,20260530,4,2.0,57600,,0.4713541666666666,0.505,0.4683671757006209,0.4962778989763383,,5.0
deep_loso_rerun/deap_strict_loso_arousal_shallow_convnet_none_bs128_seed20260530,20260530,5,2.0,57600,,0.500375939849624,0.4783333333333333,0.3692689918295481,0.3561550429513375,,5.0
deep_loso_rerun/deap_strict_loso_arousal_shallow_convnet_none_bs128_seed20260530,20260530,6,2.0,57600,,0.5020247229326513,0.4279166666666666,0.3062700330001737,0.262695119447997,,5.0
deep_loso_rerun/deap_strict_loso_arousal_shallow_convnet_none_bs128_seed20260530,20260530,7,2.0,57600,,0.5043333333333333,0.5079166666666667,0.4980191912377925,0.5156408092120491,,5.0
deep_loso_rerun/deap_strict_loso_arousal_shallow_convnet_none_bs128_seed20260530,20260530,8,2.0,57600,,0.50076726342711,0.43,0.3235670301559883,0.2833192684502696,,5.0
deep_loso_rerun/deap_strict_loso_arousal_shallow_convnet_none_bs128_seed20260530,20260530,9,2.0,57600,,0.5114583333333333,0.6029166666666667,0.421891535912764,0.4865915081851938,,5.0
deep_loso_rerun/deap_strict_loso_arousal_shallow_convnet_none_bs128_seed20260530,20260530,10,2.0,57600,,0.521422558922559,0.56375,0.4363542112716148,0.4631508714774101,,5.0
deep_loso_rerun/deap_strict_loso_arousal_shallow_convnet_none_bs128_seed20260530,20260530,11,2.0,57600,,0.5,0.375,0.2727272727272727,0.2045454545454545,,5.0
deep_loso_rerun/deap_strict_loso_arousal_shallow_convnet_none_bs128_seed20260530,20260530,12,2.0,57600,,0.4952741702741702,0.8079166666666666,0.4594148253432036,0.7415439755583579,,5.0
deep_loso_rerun/deap_strict_loso_arousal_shallow_convnet_none_bs128_seed20260530,20260530,13,2.0,57600,,0.5014705882352941,0.8466666666666667,0.4664488643915028,0.7817331229414907,,5.0
deep_loso_rerun/deap_strict_loso_arousal_shallow_convnet_none_bs128_seed20260530,20260530,14,2.0,57600,,0.5119658119658119,0.5116666666666667,0.4956261780915849,0.5271075108090351,,5.0
deep_loso_rerun/deap_strict_loso_arousal_shallow_convnet_none_bs128_seed20260530,20260530,15,2.0,57600,,0.4780284043441938,0.4841666666666667,0.4728265806686046,0.4766925190770348,,5.0
deep_loso_rerun/deap_strict_loso_arousal_shallow_convnet_none_bs128_seed20260530,20260530,16,2.0,57600,,0.5429166666666667,0.5429166666666667,0.4768292050438847,0.4768292050438846,,5.0
deep_loso_rerun/deap_strict_loso_arousal_shallow_convnet_none_bs128_seed20260530,20260530,17,2.0,57600,,0.6041666666666666,0.55625,0.5499029280082413,0.5392131225484369,,5.0
deep_loso_rerun/deap_strict_loso_arousal_shallow_convnet_none_bs128_seed20260530,20260530,18,2.0,57600,,0.5023333333333333,0.3904166666666667,0.3198605861417914,0.2650951937550835,,5.0
deep_loso_rerun/deap_strict_loso_arousal_shallow_convnet_none_bs128_seed20260530,20260530,19,2.0,57600,,0.5000949667616335,0.6733333333333333,0.4072461138329402,0.5462469001391158,,5.0
deep_loso_rerun/deap_strict_loso_arousal_shallow_convnet_none_bs128_seed20260530,20260530,20,2.0,57600,,0.5016427718040621,0.76125,0.4581506910036544,0.6810426619647554,,5.0
deep_loso_rerun/deap_strict_loso_arousal_shallow_convnet_none_bs128_seed20260530,20260530,21,2.0,57600,,0.5036458333333333,0.7883333333333333,0.466550922684887,0.7151381927137297,,5.0
deep_loso_rerun/deap_strict_loso_arousal_shallow_convnet_none_bs128_seed20260530,20260530,22,2.0,57600,,0.5,0.6,0.375,0.45,,5.0
deep_loso_rerun/deap_strict_loso_arousal_shallow_convnet_none_bs128_seed20260530,20260530,23,2.0,57600,,0.5180555555555556,0.5470833333333334,0.4964561032983012,0.5762887919212164,,5.0
deep_loso_rerun/deap_strict_loso_arousal_shallow_convnet_none_bs128_seed20260530,20260530,24,2.0,57600,,0.5127705627705628,0.7083333333333334,0.5121265590170047,0.7132320570022036,,5.0
deep_loso_rerun/deap_strict_loso_arousal_shallow_convnet_none_bs128_seed20260530,20260530,25,2.0,57600,,0.5283699059561129,0.595,0.524163471713754,0.6067805889374536,,5.0
deep_loso_rerun/deap_strict_loso_arousal_shallow_convnet_none_bs128_seed20260530,20260530,26,2.0,57600,,0.5054347826086957,0.57375,0.4061496598639456,0.4534721088435374,,5.0
deep_loso_rerun/deap_strict_loso_arousal_shallow_convnet_none_bs128_seed20260530,20260530,27,2.0,57600,,0.5052469135802469,0.67625,0.418991391738075,0.5543058757330762,,5.0
deep_loso_rerun/deap_strict_loso_arousal_shallow_convnet_none_bs128_seed20260530,20260530,28,2.0,57600,,0.5087121212121212,0.49375,0.4887646565965927,0.483716207580484,,5.0
deep_loso_rerun/deap_strict_loso_arousal_shallow_convnet_none_bs128_seed20260530,20260530,29,2.0,57600,,0.5476666666666666,0.60125,0.5451296612178476,0.5850729628421554,,5.0
deep_loso_rerun/deap_strict_loso_arousal_shallow_convnet_none_bs128_seed20260530,20260530,30,2.0,57600,,0.5367376775271513,0.5420833333333334,0.5337424223863033,0.5368605199365949,,5.0
deep_loso_rerun/deap_strict_loso_arousal_shallow_convnet_none_bs128_seed20260530,20260530,31,2.0,57600,,0.5110902255639098,0.5304166666666666,0.4343646085565946,0.4460190544344597,,5.0
deep_loso_rerun/deap_strict_loso_arousal_shallow_convnet_none_bs128_seed20260530,20260530,32,2.0,57600,,0.4568613485280152,0.5045833333333334,0.4569204672813423,0.5132310263301081,,5.0
deep_loso_rerun/deap_strict_loso_arousal_tsception_none_bs32_seed20260530,20260530,1,2.0,57600,,0.484375,0.4958333333333333,0.4835588910031833,0.4994824918639184,,5.0
deep_loso_rerun/deap_strict_loso_arousal_tsception_none_bs32_seed20260530,20260530,2,2.0,57600,,0.5022569444444445,0.4341666666666666,0.3995826259196378,0.3707625919637804,,5.0
deep_loso_rerun/deap_strict_loso_arousal_tsception_none_bs32_seed20260530,20260530,3,2.0,57600,,0.5015625,0.2625,0.2554218539995835,0.2118640324585592,,5.0
deep_loso_rerun/deap_strict_loso_arousal_tsception_none_bs32_seed20260530,20260530,4,2.0,57600,,0.5019097222222222,0.43375,0.3990128376798461,0.370115371624952,,5.0
deep_loso_rerun/deap_strict_loso_arousal_tsception_none_bs32_seed20260530,20260530,5,2.0,57600,,0.4929615705931495,0.4704166666666666,0.3528336124270204,0.3390408787918712,,5.0
deep_loso_rerun/deap_strict_loso_arousal_tsception_none_bs32_seed20260530,20260530,6,2.0,57600,,0.5142369991474851,0.4591666666666666,0.409506132401645,0.3838196491611165,,5.0
deep_loso_rerun/deap_strict_loso_arousal_tsception_none_bs32_seed20260530,20260530,7,2.0,57600,,0.525,0.49875,0.4984043692606936,0.5016960905874204,,5.0
deep_loso_rerun/deap_strict_loso_arousal_tsception_none_bs32_seed20260530,20260530,8,2.0,57600,,0.5484867860187553,0.5070833333333333,0.4878580028951391,0.472973876104279,,5.0
deep_loso_rerun/deap_strict_loso_arousal_tsception_none_bs32_seed20260530,20260530,9,2.0,57600,,0.5083333333333333,0.605,0.3994907073087302,0.4697502945536086,,5.0
deep_loso_rerun/deap_strict_loso_arousal_tsception_none_bs32_seed20260530,20260530,10,2.0,57600,,0.5028619528619529,0.5433333333333333,0.424109629349391,0.4503126412139937,,5.0
deep_loso_rerun/deap_strict_loso_arousal_tsception_none_bs32_seed20260530,20260530,11,2.0,57600,,0.5108888888888888,0.395,0.3180916271326269,0.2608397366606371,,5.0
deep_loso_rerun/deap_strict_loso_arousal_tsception_none_bs32_seed20260530,20260530,12,2.0,57600,,0.5005050505050505,0.75,0.4970655169956929,0.7288973580572199,,5.0
deep_loso_rerun/deap_strict_loso_arousal_tsception_none_bs32_seed20260530,20260530,13,2.0,57600,,0.5281862745098039,0.7695833333333333,0.5291571693377443,0.7646766769252601,,5.0
deep_loso_rerun/deap_strict_loso_arousal_tsception_none_bs32_seed20260530,20260530,14,2.0,57600,,0.5068376068376068,0.6075,0.4992185257248572,0.5807207106631368,,5.0
deep_loso_rerun/deap_strict_loso_arousal_tsception_none_bs32_seed20260530,20260530,15,2.0,57600,,0.5259816207184629,0.5141666666666667,0.491752972765631,0.4864163789796701,,5.0
deep_loso_rerun/deap_strict_loso_arousal_tsception_none_bs32_seed20260530,20260530,16,2.0,57600,,0.50625,0.50625,0.3512878783213137,0.3512878783213137,,5.0
deep_loso_rerun/deap_strict_loso_arousal_tsception_none_bs32_seed20260530,20260530,17,2.0,57600,,0.5635416666666666,0.4945833333333333,0.4658104562942416,0.4410151583072327,,5.0
deep_loso_rerun/deap_strict_loso_arousal_tsception_none_bs32_seed20260530,20260530,18,2.0,57600,,0.5141111111111112,0.4870833333333333,0.4868694398481034,0.4894885437488786,,5.0
deep_loso_rerun/deap_strict_loso_arousal_tsception_none_bs32_seed20260530,20260530,19,2.0,57600,,0.5038461538461538,0.6716666666666666,0.4238579824549645,0.5561065813989479,,5.0
deep_loso_rerun/deap_strict_loso_arousal_tsception_none_bs32_seed20260530,20260530,20,2.0,57600,,0.4814217443249701,0.5608333333333333,0.4725248327868688,0.5912287235417906,,5.0
deep_loso_rerun/deap_strict_loso_arousal_tsception_none_bs32_seed20260530,20260530,21,2.0,57600,,0.4786458333333333,0.5970833333333333,0.4734347514459103,0.626533597463012,,5.0
deep_loso_rerun/deap_strict_loso_arousal_tsception_none_bs32_seed20260530,20260530,22,2.0,57600,,0.4793402777777778,0.5366666666666666,0.4572604832431615,0.4987800562750596,,5.0
deep_loso_rerun/deap_strict_loso_arousal_tsception_none_bs32_seed20260530,20260530,23,2.0,57600,,0.4958333333333333,0.4970833333333333,0.4634362197962917,0.530618476442631,,5.0
deep_loso_rerun/deap_strict_loso_arousal_tsception_none_bs32_seed20260530,20260530,24,2.0,57600,,0.5079365079365079,0.7266666666666667,0.508,0.7212,,5.0
deep_loso_rerun/deap_strict_loso_arousal_tsception_none_bs32_seed20260530,20260530,25,2.0,57600,,0.5129049111807733,0.6066666666666667,0.512678196393096,0.6089851678309104,,5.0
deep_loso_rerun/deap_strict_loso_arousal_tsception_none_bs32_seed20260530,20260530,26,2.0,57600,,0.5267050298380221,0.5354166666666667,0.5265190890128189,0.5362550402449927,,5.0
deep_loso_rerun/deap_strict_loso_arousal_tsception_none_bs32_seed20260530,20260530,27,2.0,57600,,0.5052469135802469,0.67625,0.418991391738075,0.5543058757330762,,5.0
deep_loso_rerun/deap_strict_loso_arousal_tsception_none_bs32_seed20260530,20260530,28,2.0,57600,,0.4889309764309764,0.4470833333333333,0.3596114879843707,0.3359437958944597,,5.0
deep_loso_rerun/deap_strict_loso_arousal_tsception_none_bs32_seed20260530,20260530,29,2.0,57600,,0.5197777777777778,0.5816666666666667,0.512144160428769,0.5581855552883038,,5.0
deep_loso_rerun/deap_strict_loso_arousal_tsception_none_bs32_seed20260530,20260530,30,2.0,57600,,0.504594820384294,0.4825,0.373781512605042,0.360735294117647,,5.0
deep_loso_rerun/deap_strict_loso_arousal_tsception_none_bs32_seed20260530,20260530,31,2.0,57600,,0.5090016708437761,0.5054166666666666,0.5043564541443598,0.5032102784445687,,5.0
deep_loso_rerun/deap_strict_loso_arousal_tsception_none_bs32_seed20260530,20260530,32,2.0,57600,,0.4953941120607787,0.6566666666666666,0.4257032637571598,0.5531732101723935,,5.0
deep_loso_rerun/deap_strict_loso_valence_deep_convnet_none_bs128_seed20260530,20260530,1,2.0,57600,,0.5063492063492063,0.5183333333333333,0.4819535192206,0.488817635090927,,5.0
deep_loso_rerun/deap_strict_loso_valence_deep_convnet_none_bs128_seed20260530,20260530,2,2.0,57600,,0.5140572390572391,0.4991666666666666,0.4943599257104516,0.4894299349861285,,5.0
deep_loso_rerun/deap_strict_loso_valence_deep_convnet_none_bs128_seed20260530,20260530,3,2.0,57600,,0.5119949494949495,0.5395833333333333,0.4844253490870032,0.5012889366272825,,5.0
deep_loso_rerun/deap_strict_loso_valence_deep_convnet_none_bs128_seed20260530,20260530,4,2.0,57600,,0.4857638888888889,0.4354166666666667,0.4215950991389913,0.4037127476207051,,5.0
deep_loso_rerun/deap_strict_loso_valence_deep_convnet_none_bs128_seed20260530,20260530,5,2.0,57600,,0.5137152777777778,0.5104166666666666,0.5067473292204456,0.5152559377913929,,5.0
deep_loso_rerun/deap_strict_loso_valence_deep_convnet_none_bs128_seed20260530,20260530,6,2.0,57600,,0.5188888888888888,0.6258333333333334,0.5177988430036085,0.6319197834927545,,5.0
deep_loso_rerun/deap_strict_loso_valence_deep_convnet_none_bs128_seed20260530,20260530,7,2.0,57600,,0.5071428571428571,0.375,0.3646719483605359,0.3322702177269232,,5.0
deep_loso_rerun/deap_strict_loso_valence_deep_convnet_none_bs128_seed20260530,20260530,8,2.0,57600,,0.4957070707070707,0.4691666666666667,0.4432300813085112,0.43121313056342,,5.0
deep_loso_rerun/deap_strict_loso_valence_deep_convnet_none_bs128_seed20260530,20260530,9,2.0,57600,,0.4866666666666667,0.4866666666666667,0.3893730086678963,0.3893730086678963,,5.0
deep_loso_rerun/deap_strict_loso_valence_deep_convnet_none_bs128_seed20260530,20260530,10,2.0,57600,,0.53,0.53,0.5299673588443642,0.5299673588443642,,5.0
deep_loso_rerun/deap_strict_loso_valence_deep_convnet_none_bs128_seed20260530,20260530,11,2.0,57600,,0.4864583333333333,0.485,0.4807944349228752,0.4901401350942634,,5.0
deep_loso_rerun/deap_strict_loso_valence_deep_convnet_none_bs128_seed20260530,20260530,12,2.0,57600,,0.4885129490392648,0.4816666666666667,0.4750224191591496,0.4720694202669199,,5.0
deep_loso_rerun/deap_strict_loso_valence_deep_convnet_none_bs128_seed20260530,20260530,13,2.0,57600,,0.5004049445865303,0.4270833333333333,0.3087486654136165,0.2658478794608491,,5.0
deep_loso_rerun/deap_strict_loso_valence_deep_convnet_none_bs128_seed20260530,20260530,14,2.0,57600,,0.52125,0.52125,0.5207566955638886,0.5207566955638886,,5.0
deep_loso_rerun/deap_strict_loso_valence_deep_convnet_none_bs128_seed20260530,20260530,15,2.0,57600,,0.5025,0.5025,0.3438959611686051,0.3438959611686052,,5.0
deep_loso_rerun/deap_strict_loso_valence_deep_convnet_none_bs128_seed20260530,20260530,16,2.0,57600,,0.5015555555555555,0.3866666666666666,0.3095679405628053,0.251888095597323,,5.0
deep_loso_rerun/deap_strict_loso_valence_deep_convnet_none_bs128_seed20260530,20260530,17,2.0,57600,,0.4978535353535353,0.49625,0.4956755429231109,0.4973776379657454,,5.0
deep_loso_rerun/deap_strict_loso_valence_deep_convnet_none_bs128_seed20260530,20260530,18,2.0,57600,,0.4970486111111111,0.49875,0.4928436536687066,0.5037897781436904,,5.0
deep_loso_rerun/deap_strict_loso_valence_deep_convnet_none_bs128_seed20260530,20260530,19,2.0,57600,,0.5146845694799659,0.5129166666666667,0.5108233131677555,0.515623359407297,,5.0
deep_loso_rerun/deap_strict_loso_valence_deep_convnet_none_bs128_seed20260530,20260530,20,2.0,57600,,0.5163256606990623,0.5308333333333334,0.51615640838519,0.5287968222161268,,5.0
deep_loso_rerun/deap_strict_loso_valence_deep_convnet_none_bs128_seed20260530,20260530,21,2.0,57600,,0.4933166248955722,0.4991666666666666,0.4889093614910353,0.4925295868471405,,5.0
deep_loso_rerun/deap_strict_loso_valence_deep_convnet_none_bs128_seed20260530,20260530,22,2.0,57600,,0.4913720538720539,0.4454166666666667,0.3330793200098126,0.3057077837685487,,5.0
deep_loso_rerun/deap_strict_loso_valence_deep_convnet_none_bs128_seed20260530,20260530,23,2.0,57600,,0.5087912087912088,0.5925,0.4991789539087597,0.5640352793775754,,5.0
deep_loso_rerun/deap_strict_loso_valence_deep_convnet_none_bs128_seed20260530,20260530,24,2.0,57600,,0.4770622895622896,0.46625,0.4642945822206927,0.4610580286549428,,5.0
deep_loso_rerun/deap_strict_loso_valence_deep_convnet_none_bs128_seed20260530,20260530,25,2.0,57600,,0.4980576441102757,0.48125,0.4256045425684127,0.4166655132621337,,5.0
deep_loso_rerun/deap_strict_loso_valence_deep_convnet_none_bs128_seed20260530,20260530,26,2.0,57600,,0.4967032967032967,0.5825,0.485060590176066,0.5522601831580894,,5.0
deep_loso_rerun/deap_strict_loso_valence_deep_convnet_none_bs128_seed20260530,20260530,27,2.0,57600,,0.5019444444444444,0.7454166666666666,0.4410645996526092,0.647288473405782,,5.0
deep_loso_rerun/deap_strict_loso_valence_deep_convnet_none_bs128_seed20260530,20260530,28,2.0,57600,,0.5116666666666666,0.5670833333333334,0.5068115035386116,0.5499141231772685,,5.0
deep_loso_rerun/deap_strict_loso_valence_deep_convnet_none_bs128_seed20260530,20260530,29,2.0,57600,,0.5105285592497868,0.5441666666666667,0.4988084866597082,0.5214247536991888,,5.0
deep_loso_rerun/deap_strict_loso_valence_deep_convnet_none_bs128_seed20260530,20260530,30,2.0,57600,,0.5033950617283951,0.4929166666666666,0.4818335725648546,0.5083572165691912,,5.0
deep_loso_rerun/deap_strict_loso_valence_deep_convnet_none_bs128_seed20260530,20260530,31,2.0,57600,,0.5043691389599319,0.5445833333333333,0.4835585086747878,0.510187523071244,,5.0
deep_loso_rerun/deap_strict_loso_valence_deep_convnet_none_bs128_seed20260530,20260530,32,2.0,57600,,0.5175000000000001,0.5175,0.5150669156008445,0.5150669156008445,,5.0
deep_loso_rerun/deap_strict_loso_valence_eegconformer_none_bs32_seed20260530,20260530,1,2.0,57600,,0.506265664160401,0.5191666666666667,0.4771972213832678,0.4846035940803382,,5.0
deep_loso_rerun/deap_strict_loso_valence_eegconformer_none_bs32_seed20260530,20260530,2,2.0,57600,,0.4975589225589226,0.4558333333333333,0.3708646756894114,0.3477439525209972,,5.0
deep_loso_rerun/deap_strict_loso_valence_eegconformer_none_bs32_seed20260530,20260530,3,2.0,57600,,0.5,0.45,0.3103448275862069,0.2793103448275862,,5.0
deep_loso_rerun/deap_strict_loso_valence_eegconformer_none_bs32_seed20260530,20260530,4,2.0,57600,,0.5,0.4,0.2857142857142857,0.2285714285714285,,5.0
deep_loso_rerun/deap_strict_loso_valence_eegconformer_none_bs32_seed20260530,20260530,5,2.0,57600,,0.5085069444444444,0.5991666666666666,0.4207401519804424,0.4850379951106133,,5.0
deep_loso_rerun/deap_strict_loso_valence_eegconformer_none_bs32_seed20260530,20260530,6,2.0,57600,,0.5111111111111111,0.3275,0.3190084132417843,0.2809863829811173,,5.0
deep_loso_rerun/deap_strict_loso_valence_eegconformer_none_bs32_seed20260530,20260530,7,2.0,57600,,0.5799603174603174,0.6375,0.5778744766896948,0.6413340136940107,,5.0
deep_loso_rerun/deap_strict_loso_valence_eegconformer_none_bs32_seed20260530,20260530,8,2.0,57600,,0.4949074074074074,0.4795833333333333,0.4739205815936437,0.4684625076276777,,5.0
deep_loso_rerun/deap_strict_loso_valence_eegconformer_none_bs32_seed20260530,20260530,9,2.0,57600,,0.4579166666666667,0.4579166666666667,0.3888134301319442,0.3888134301319441,,5.0
deep_loso_rerun/deap_strict_loso_valence_eegconformer_none_bs32_seed20260530,20260530,10,2.0,57600,,0.5883333333333334,0.5883333333333334,0.5882772932982545,0.5882772932982544,,5.0
deep_loso_rerun/deap_strict_loso_valence_eegconformer_none_bs32_seed20260530,20260530,11,2.0,57600,,0.5015625,0.5925,0.4111058925539217,0.4764731384804364,,5.0
deep_loso_rerun/deap_strict_loso_valence_eegconformer_none_bs32_seed20260530,20260530,12,2.0,57600,,0.5,0.475,0.3220338983050847,0.3059322033898305,,5.0
deep_loso_rerun/deap_strict_loso_valence_eegconformer_none_bs32_seed20260530,20260530,13,2.0,57600,,0.5,0.425,0.2982456140350877,0.2535087719298246,,5.0
deep_loso_rerun/deap_strict_loso_valence_eegconformer_none_bs32_seed20260530,20260530,14,2.0,57600,,0.5075000000000001,0.5075,0.3560197443692589,0.3560197443692589,,5.0
deep_loso_rerun/deap_strict_loso_valence_eegconformer_none_bs32_seed20260530,20260530,15,2.0,57600,,0.5183333333333333,0.5183333333333333,0.4353630739172908,0.4353630739172908,,5.0
deep_loso_rerun/deap_strict_loso_valence_eegconformer_none_bs32_seed20260530,20260530,16,2.0,57600,,0.5864444444444444,0.5583333333333333,0.557817146265884,0.5615941248081963,,5.0
deep_loso_rerun/deap_strict_loso_valence_eegconformer_none_bs32_seed20260530,20260530,17,2.0,57600,,0.4919191919191919,0.5358333333333334,0.3904818877188119,0.4202466888685432,,5.0
deep_loso_rerun/deap_strict_loso_valence_eegconformer_none_bs32_seed20260530,20260530,18,2.0,57600,,0.515625,0.43375,0.3751454804086383,0.3368731410836674,,5.0
deep_loso_rerun/deap_strict_loso_valence_eegconformer_none_bs32_seed20260530,20260530,19,2.0,57600,,0.539236999147485,0.5254166666666666,0.5253565946106721,0.5245556338640776,,5.0
deep_loso_rerun/deap_strict_loso_valence_eegconformer_none_bs32_seed20260530,20260530,20,2.0,57600,,0.5003410059676044,0.5608333333333333,0.4305390968587801,0.4713979166591627,,5.0
deep_loso_rerun/deap_strict_loso_valence_eegconformer_none_bs32_seed20260530,20260530,21,2.0,57600,,0.500438596491228,0.5254166666666666,0.3452328057143144,0.3624068035810994,,5.0
deep_loso_rerun/deap_strict_loso_valence_eegconformer_none_bs32_seed20260530,20260530,22,2.0,57600,,0.4952861952861953,0.4491666666666666,0.3367693341940058,0.3094663384516591,,5.0
deep_loso_rerun/deap_strict_loso_valence_eegconformer_none_bs32_seed20260530,20260530,23,2.0,57600,,0.512408424908425,0.6354166666666666,0.4655660380959797,0.5559521819029971,,5.0
deep_loso_rerun/deap_strict_loso_valence_eegconformer_none_bs32_seed20260530,20260530,24,2.0,57600,,0.5022306397306397,0.4529166666666667,0.3193998053144785,0.2892548883581989,,5.0
deep_loso_rerun/deap_strict_loso_valence_eegconformer_none_bs32_seed20260530,20260530,25,2.0,57600,,0.5003550543024228,0.4754166666666666,0.3236078456654693,0.3075858065096701,,5.0
deep_loso_rerun/deap_strict_loso_valence_eegconformer_none_bs32_seed20260530,20260530,26,2.0,57600,,0.5053571428571428,0.58875,0.4956822798362968,0.5606762260223942,,5.0
deep_loso_rerun/deap_strict_loso_valence_eegconformer_none_bs32_seed20260530,20260530,27,2.0,57600,,0.4933333333333333,0.605,0.4930047490694391,0.612148633038121,,5.0
deep_loso_rerun/deap_strict_loso_valence_eegconformer_none_bs32_seed20260530,20260530,28,2.0,57600,,0.5,0.625,0.3846153846153846,0.4807692307692308,,5.0
deep_loso_rerun/deap_strict_loso_valence_eegconformer_none_bs32_seed20260530,20260530,29,2.0,57600,,0.5,0.575,0.365079365079365,0.4198412698412698,,5.0
deep_loso_rerun/deap_strict_loso_valence_eegconformer_none_bs32_seed20260530,20260530,30,2.0,57600,,0.5051756885090218,0.6483333333333333,0.4645751545531729,0.5743595572383328,,5.0
deep_loso_rerun/deap_strict_loso_valence_eegconformer_none_bs32_seed20260530,20260530,31,2.0,57600,,0.5174552429667519,0.51125,0.5106069068885832,0.5132679818323767,,5.0
deep_loso_rerun/deap_strict_loso_valence_eegconformer_none_bs32_seed20260530,20260530,32,2.0,57600,,0.5058333333333334,0.5058333333333334,0.3849483481074802,0.3849483481074802,,5.0
deep_loso_rerun/deap_strict_loso_valence_eegnet_none_bs128_seed20260530,20260530,1,2.0,57600,,0.5051378446115288,0.4916666666666666,0.4594398999816121,0.4528405620938876,,5.0
deep_loso_rerun/deap_strict_loso_valence_eegnet_none_bs128_seed20260530,20260530,2,2.0,57600,,0.529419191919192,0.5420833333333334,0.5268233026965654,0.5353207675523063,,5.0
deep_loso_rerun/deap_strict_loso_valence_eegnet_none_bs128_seed20260530,20260530,3,2.0,57600,,0.5002946127946127,0.4545833333333333,0.3462451443365281,0.3196318737538943,,5.0
deep_loso_rerun/deap_strict_loso_valence_eegnet_none_bs128_seed20260530,20260530,4,2.0,57600,,0.5,0.4,0.2857142857142857,0.2285714285714285,,5.0
deep_loso_rerun/deap_strict_loso_valence_eegnet_none_bs128_seed20260530,20260530,5,2.0,57600,,0.5144097222222221,0.43,0.3653498655775756,0.3248380319969443,,5.0
deep_loso_rerun/deap_strict_loso_valence_eegnet_none_bs128_seed20260530,20260530,6,2.0,57600,,0.4966666666666667,0.3833333333333333,0.3830437066289452,0.3897273998071316,,5.0
deep_loso_rerun/deap_strict_loso_valence_eegnet_none_bs128_seed20260530,20260530,7,2.0,57600,,0.5549603174603175,0.5858333333333333,0.5451213810493174,0.5995551891170824,,5.0
deep_loso_rerun/deap_strict_loso_valence_eegnet_none_bs128_seed20260530,20260530,8,2.0,57600,,0.4761363636363636,0.4629166666666666,0.4590465012622423,0.4544709362520854,,5.0
deep_loso_rerun/deap_strict_loso_valence_eegnet_none_bs128_seed20260530,20260530,9,2.0,57600,,0.5408333333333333,0.5408333333333334,0.4756837640386623,0.4756837640386624,,5.0
deep_loso_rerun/deap_strict_loso_valence_eegnet_none_bs128_seed20260530,20260530,10,2.0,57600,,0.5004166666666666,0.5004166666666666,0.3342585911203478,0.3342585911203478,,5.0
deep_loso_rerun/deap_strict_loso_valence_eegnet_none_bs128_seed20260530,20260530,11,2.0,57600,,0.5109375,0.42375,0.3515159720842396,0.3082296632208626,,5.0
deep_loso_rerun/deap_strict_loso_valence_eegnet_none_bs128_seed20260530,20260530,12,2.0,57600,,0.393734335839599,0.4058333333333333,0.3621608404328599,0.3705059027705299,,5.0
deep_loso_rerun/deap_strict_loso_valence_eegnet_none_bs128_seed20260530,20260530,13,2.0,57600,,0.5014279624893435,0.4270833333333333,0.304079213499851,0.2601927089011853,,5.0
deep_loso_rerun/deap_strict_loso_valence_eegnet_none_bs128_seed20260530,20260530,14,2.0,57600,,0.5054166666666666,0.5054166666666666,0.354317998385795,0.354317998385795,,5.0
deep_loso_rerun/deap_strict_loso_valence_eegnet_none_bs128_seed20260530,20260530,15,2.0,57600,,0.5191666666666667,0.5191666666666667,0.515456883430431,0.5154568834304308,,5.0
deep_loso_rerun/deap_strict_loso_valence_eegnet_none_bs128_seed20260530,20260530,16,2.0,57600,,0.5462222222222222,0.4925,0.4893666973177079,0.4793667951401796,,5.0
deep_loso_rerun/deap_strict_loso_valence_eegnet_none_bs128_seed20260530,20260530,17,2.0,57600,,0.4936026936026936,0.5325,0.4213134088181796,0.4466791710649827,,5.0
deep_loso_rerun/deap_strict_loso_valence_eegnet_none_bs128_seed20260530,20260530,18,2.0,57600,,0.6090277777777777,0.59,0.5897082369685109,0.591896459704679,,5.0
deep_loso_rerun/deap_strict_loso_valence_eegnet_none_bs128_seed20260530,20260530,19,2.0,57600,,0.5228260869565218,0.46375,0.4045056527428156,0.37633132643821,,5.0
deep_loso_rerun/deap_strict_loso_valence_eegnet_none_bs128_seed20260530,20260530,20,2.0,57600,,0.5409633418584825,0.5791666666666667,0.5256697957327502,0.5495641797727129,,5.0
deep_loso_rerun/deap_strict_loso_valence_eegnet_none_bs128_seed20260530,20260530,21,2.0,57600,,0.4995822890559733,0.5208333333333334,0.3991640543364681,0.4126828631138976,,5.0
deep_loso_rerun/deap_strict_loso_valence_eegnet_none_bs128_seed20260530,20260530,22,2.0,57600,,0.4990319865319865,0.4504166666666667,0.3212388805587557,0.2916279267231314,,5.0
deep_loso_rerun/deap_strict_loso_valence_eegnet_none_bs128_seed20260530,20260530,23,2.0,57600,,0.4983974358974358,0.6254166666666666,0.4423905669520271,0.5382296882571475,,5.0
deep_loso_rerun/deap_strict_loso_valence_eegnet_none_bs128_seed20260530,20260530,24,2.0,57600,,0.5000420875420876,0.4504166666666667,0.3137593462244082,0.2831358570496725,,5.0
deep_loso_rerun/deap_strict_loso_valence_eegnet_none_bs128_seed20260530,20260530,25,2.0,57600,,0.5003968253968254,0.5045833333333334,0.4986541351283117,0.5013802032685516,,5.0
deep_loso_rerun/deap_strict_loso_valence_eegnet_none_bs128_seed20260530,20260530,26,2.0,57600,,0.4981227106227106,0.6429166666666667,0.4053275916952876,0.5180923471200688,,5.0
deep_loso_rerun/deap_strict_loso_valence_eegnet_none_bs128_seed20260530,20260530,27,2.0,57600,,0.4675,0.6529166666666667,0.4529632389216984,0.6183278931559933,,5.0
deep_loso_rerun/deap_strict_loso_valence_eegnet_none_bs128_seed20260530,20260530,28,2.0,57600,,0.5,0.625,0.3846153846153846,0.4807692307692308,,5.0
deep_loso_rerun/deap_strict_loso_valence_eegnet_none_bs128_seed20260530,20260530,29,2.0,57600,,0.4951619778346121,0.5670833333333334,0.3756258201859451,0.42748790049675,,5.0
deep_loso_rerun/deap_strict_loso_valence_eegnet_none_bs128_seed20260530,20260530,30,2.0,57600,,0.489363722697056,0.64,0.4357342203684272,0.5545591891291759,,5.0
deep_loso_rerun/deap_strict_loso_valence_eegnet_none_bs128_seed20260530,20260530,31,2.0,57600,,0.5020886615515772,0.4466666666666666,0.3942485542321636,0.3675197716876579,,5.0
deep_loso_rerun/deap_strict_loso_valence_eegnet_none_bs128_seed20260530,20260530,32,2.0,57600,,0.54375,0.54375,0.5185577837829817,0.5185577837829817,,5.0
deep_loso_rerun/deap_strict_loso_valence_shallow_convnet_none_bs128_seed20260530,20260530,1,2.0,57600,,0.5030492898913952,0.4833333333333333,0.4018095261832955,0.3907679270207621,,5.0
deep_loso_rerun/deap_strict_loso_valence_shallow_convnet_none_bs128_seed20260530,20260530,2,2.0,57600,,0.4992424242424242,0.4525,0.3369212253332425,0.3092376864909053,,5.0
deep_loso_rerun/deap_strict_loso_valence_shallow_convnet_none_bs128_seed20260530,20260530,3,2.0,57600,,0.5051767676767677,0.4604166666666666,0.3594118130809839,0.3339751238254079,,5.0
deep_loso_rerun/deap_strict_loso_valence_shallow_convnet_none_bs128_seed20260530,20260530,4,2.0,57600,,0.4982638888888889,0.4,0.291280452793044,0.2357640882618325,,5.0
deep_loso_rerun/deap_strict_loso_valence_shallow_convnet_none_bs128_seed20260530,20260530,5,2.0,57600,,0.5041666666666667,0.52,0.5039272426622571,0.5217858619264159,,5.0
deep_loso_rerun/deap_strict_loso_valence_shallow_convnet_none_bs128_seed20260530,20260530,6,2.0,57600,,0.5127777777777778,0.3225,0.3118911778044702,0.2691710884264977,,5.0
deep_loso_rerun/deap_strict_loso_valence_shallow_convnet_none_bs128_seed20260530,20260530,7,2.0,57600,,0.5273809523809524,0.3716666666666666,0.3510275397287627,0.3047341708960812,,5.0
deep_loso_rerun/deap_strict_loso_valence_shallow_convnet_none_bs128_seed20260530,20260530,8,2.0,57600,,0.4968855218855219,0.4816666666666667,0.4761631052916369,0.4707937771208762,,5.0
deep_loso_rerun/deap_strict_loso_valence_shallow_convnet_none_bs128_seed20260530,20260530,9,2.0,57600,,0.4854166666666666,0.4854166666666666,0.4844298331441691,0.4844298331441691,,5.0
deep_loso_rerun/deap_strict_loso_valence_shallow_convnet_none_bs128_seed20260530,20260530,10,2.0,57600,,0.6341666666666667,0.6341666666666667,0.6275452488687783,0.6275452488687783,,5.0
deep_loso_rerun/deap_strict_loso_valence_shallow_convnet_none_bs128_seed20260530,20260530,11,2.0,57600,,0.5298611111111111,0.5954166666666667,0.5016593179378909,0.5448903721067789,,5.0
deep_loso_rerun/deap_strict_loso_valence_shallow_convnet_none_bs128_seed20260530,20260530,12,2.0,57600,,0.5,0.475,0.3220338983050847,0.3059322033898305,,5.0
deep_loso_rerun/deap_strict_loso_valence_shallow_convnet_none_bs128_seed20260530,20260530,13,2.0,57600,,0.5032182438192668,0.4295833333333333,0.3106155676752222,0.2676583002359844,,5.0
deep_loso_rerun/deap_strict_loso_valence_shallow_convnet_none_bs128_seed20260530,20260530,14,2.0,57600,,0.5316666666666667,0.5316666666666666,0.5312447869749441,0.5312447869749441,,5.0
deep_loso_rerun/deap_strict_loso_valence_shallow_convnet_none_bs128_seed20260530,20260530,15,2.0,57600,,0.535,0.535,0.4946716384457078,0.4946716384457077,,5.0
deep_loso_rerun/deap_strict_loso_valence_shallow_convnet_none_bs128_seed20260530,20260530,16,2.0,57600,,0.5437777777777778,0.4516666666666666,0.4203319876754476,0.3866387844590829,,5.0
deep_loso_rerun/deap_strict_loso_valence_shallow_convnet_none_bs128_seed20260530,20260530,17,2.0,57600,,0.4930976430976431,0.5366666666666666,0.3941573229599119,0.4235406927963562,,5.0
deep_loso_rerun/deap_strict_loso_valence_shallow_convnet_none_bs128_seed20260530,20260530,18,2.0,57600,,0.4892361111111111,0.4929166666666666,0.4859700335735061,0.4979212302929221,,5.0
deep_loso_rerun/deap_strict_loso_valence_shallow_convnet_none_bs128_seed20260530,20260530,19,2.0,57600,,0.503772378516624,0.44375,0.378245460697021,0.3479737865647072,,5.0
deep_loso_rerun/deap_strict_loso_valence_shallow_convnet_none_bs128_seed20260530,20260530,20,2.0,57600,,0.5145140664961637,0.53875,0.5108687547533715,0.5283857674737663,,5.0
deep_loso_rerun/deap_strict_loso_valence_shallow_convnet_none_bs128_seed20260530,20260530,21,2.0,57600,,0.4999791144527987,0.5245833333333333,0.351077591773681,0.3678549398696988,,5.0
deep_loso_rerun/deap_strict_loso_valence_shallow_convnet_none_bs128_seed20260530,20260530,22,2.0,57600,,0.4976010101010101,0.4479166666666667,0.3099963091312007,0.2791473941186081,,5.0
deep_loso_rerun/deap_strict_loso_valence_shallow_convnet_none_bs128_seed20260530,20260530,23,2.0,57600,,0.516437728937729,0.6020833333333333,0.5063271754181949,0.571553697366066,,5.0
deep_loso_rerun/deap_strict_loso_valence_shallow_convnet_none_bs128_seed20260530,20260530,24,2.0,57600,,0.4998316498316498,0.4508333333333333,0.3189897486772487,0.2890252976190476,,5.0
deep_loso_rerun/deap_strict_loso_valence_shallow_convnet_none_bs128_seed20260530,20260530,25,2.0,57600,,0.4973475355054302,0.5145833333333333,0.4377900403178537,0.44817921186448,,5.0
deep_loso_rerun/deap_strict_loso_valence_shallow_convnet_none_bs128_seed20260530,20260530,26,2.0,57600,,0.5014194139194139,0.6404166666666666,0.4231076149961938,0.5293279253850197,,5.0
deep_loso_rerun/deap_strict_loso_valence_shallow_convnet_none_bs128_seed20260530,20260530,27,2.0,57600,,0.4802777777777778,0.56375,0.4770960016198203,0.5835287529567862,,5.0
deep_loso_rerun/deap_strict_loso_valence_shallow_convnet_none_bs128_seed20260530,20260530,28,2.0,57600,,0.5,0.625,0.3846153846153846,0.4807692307692308,,5.0
deep_loso_rerun/deap_strict_loso_valence_shallow_convnet_none_bs128_seed20260530,20260530,29,2.0,57600,,0.4999147485080989,0.5716666666666667,0.3826468515790148,0.4338871628979566,,5.0
deep_loso_rerun/deap_strict_loso_valence_shallow_convnet_none_bs128_seed20260530,20260530,30,2.0,57600,,0.5072649572649572,0.5591666666666667,0.5068055090477259,0.5630502307867415,,5.0
deep_loso_rerun/deap_strict_loso_valence_shallow_convnet_none_bs128_seed20260530,20260530,31,2.0,57600,,0.49846547314578,0.4625,0.4474570172958803,0.4337815784739534,,5.0
deep_loso_rerun/deap_strict_loso_valence_shallow_convnet_none_bs128_seed20260530,20260530,32,2.0,57600,,0.5008333333333334,0.5008333333333334,0.41218994409753,0.41218994409753,,5.0
deep_loso_rerun/deap_strict_loso_valence_tsception_none_bs32_seed20260530,20260530,1,2.0,57600,,0.5069548872180452,0.50375,0.503003729036882,0.502040798761891,,5.0
deep_loso_rerun/deap_strict_loso_valence_tsception_none_bs32_seed20260530,20260530,2,2.0,57600,,0.4904040404040404,0.5241666666666667,0.4405178720735786,0.4621511810200669,,5.0
deep_loso_rerun/deap_strict_loso_valence_tsception_none_bs32_seed20260530,20260530,3,2.0,57600,,0.519023569023569,0.5508333333333333,0.4795890781292241,0.4988442822384428,,5.0
deep_loso_rerun/deap_strict_loso_valence_tsception_none_bs32_seed20260530,20260530,4,2.0,57600,,0.5171875,0.44,0.3914325108163362,0.3570484476774592,,5.0
deep_loso_rerun/deap_strict_loso_valence_tsception_none_bs32_seed20260530,20260530,5,2.0,57600,,0.5173611111111112,0.5933333333333334,0.4693729612178325,0.5206669083001089,,5.0
deep_loso_rerun/deap_strict_loso_valence_tsception_none_bs32_seed20260530,20260530,6,2.0,57600,,0.4880555555555556,0.6129166666666667,0.4881278302942645,0.614496272190368,,5.0
deep_loso_rerun/deap_strict_loso_valence_tsception_none_bs32_seed20260530,20260530,7,2.0,57600,,0.5097222222222222,0.6208333333333333,0.5062916170848419,0.6014127655264957,,5.0
deep_loso_rerun/deap_strict_loso_valence_tsception_none_bs32_seed20260530,20260530,8,2.0,57600,,0.5265572390572391,0.5204166666666666,0.5203799457562637,0.5199602782088003,,5.0
deep_loso_rerun/deap_strict_loso_valence_tsception_none_bs32_seed20260530,20260530,9,2.0,57600,,0.53,0.53,0.4788329801389779,0.4788329801389778,,5.0
deep_loso_rerun/deap_strict_loso_valence_tsception_none_bs32_seed20260530,20260530,10,2.0,57600,,0.5629166666666666,0.5629166666666666,0.5607385858943976,0.5607385858943975,,5.0
deep_loso_rerun/deap_strict_loso_valence_tsception_none_bs32_seed20260530,20260530,11,2.0,57600,,0.5138888888888888,0.5370833333333334,0.5138188034188034,0.5350892307692308,,5.0
deep_loso_rerun/deap_strict_loso_valence_tsception_none_bs32_seed20260530,20260530,12,2.0,57600,,0.4880116959064327,0.4775,0.4588105484470294,0.453781996459683,,5.0
deep_loso_rerun/deap_strict_loso_valence_tsception_none_bs32_seed20260530,20260530,13,2.0,57600,,0.6207587382779198,0.6316666666666667,0.6212508006646678,0.6306721869981341,,5.0
deep_loso_rerun/deap_strict_loso_valence_tsception_none_bs32_seed20260530,20260530,14,2.0,57600,,0.5016666666666667,0.5016666666666667,0.3603730800496299,0.3603730800496299,,5.0
deep_loso_rerun/deap_strict_loso_valence_tsception_none_bs32_seed20260530,20260530,15,2.0,57600,,0.5391666666666667,0.5391666666666667,0.4395099851008983,0.4395099851008984,,5.0
deep_loso_rerun/deap_strict_loso_valence_tsception_none_bs32_seed20260530,20260530,16,2.0,57600,,0.5116666666666667,0.4820833333333333,0.4820357633539608,0.483276719337592,,5.0
deep_loso_rerun/deap_strict_loso_valence_tsception_none_bs32_seed20260530,20260530,17,2.0,57600,,0.5240740740740741,0.4933333333333333,0.4580960275230176,0.4442774762248545,,5.0
deep_loso_rerun/deap_strict_loso_valence_tsception_none_bs32_seed20260530,20260530,18,2.0,57600,,0.5640624999999999,0.5729166666666666,0.562111696761994,0.5758686876220547,,5.0
deep_loso_rerun/deap_strict_loso_valence_tsception_none_bs32_seed20260530,20260530,19,2.0,57600,,0.5185208866155158,0.5354166666666667,0.5179378114556783,0.5317067127159755,,5.0
deep_loso_rerun/deap_strict_loso_valence_tsception_none_bs32_seed20260530,20260530,20,2.0,57600,,0.5232736572890025,0.5275,0.5220621291134688,0.5297091350476533,,5.0
deep_loso_rerun/deap_strict_loso_valence_tsception_none_bs32_seed20260530,20260530,21,2.0,57600,,0.4692564745196324,0.4833333333333333,0.4303407848433896,0.4390280878745279,,5.0
deep_loso_rerun/deap_strict_loso_valence_tsception_none_bs32_seed20260530,20260530,22,2.0,57600,,0.561489898989899,0.57125,0.5608693634366133,0.5676209969737753,,5.0
deep_loso_rerun/deap_strict_loso_valence_tsception_none_bs32_seed20260530,20260530,23,2.0,57600,,0.5183150183150182,0.6266666666666667,0.4907161803713528,0.5696551724137932,,5.0
deep_loso_rerun/deap_strict_loso_valence_tsception_none_bs32_seed20260530,20260530,24,2.0,57600,,0.5120791245791245,0.47625,0.4217178973211898,0.403959817751428,,5.0
deep_loso_rerun/deap_strict_loso_valence_tsception_none_bs32_seed20260530,20260530,25,2.0,57600,,0.4992690058479532,0.4770833333333333,0.3658913994284181,0.3526147506039506,,5.0
deep_loso_rerun/deap_strict_loso_valence_tsception_none_bs32_seed20260530,20260530,26,2.0,57600,,0.5213827838827838,0.5145833333333333,0.5057415123567274,0.5255736341734137,,5.0
deep_loso_rerun/deap_strict_loso_valence_tsception_none_bs32_seed20260530,20260530,27,2.0,57600,,0.4747222222222222,0.6229166666666667,0.4726925382352533,0.6134177170937201,,5.0
deep_loso_rerun/deap_strict_loso_valence_tsception_none_bs32_seed20260530,20260530,28,2.0,57600,,0.4885555555555556,0.6004166666666667,0.408528385420749,0.4927514788717735,,5.0
deep_loso_rerun/deap_strict_loso_valence_tsception_none_bs32_seed20260530,20260530,29,2.0,57600,,0.5177962489343564,0.5795833333333333,0.4470443841872413,0.4876520622234908,,5.0
deep_loso_rerun/deap_strict_loso_valence_tsception_none_bs32_seed20260530,20260530,30,2.0,57600,,0.5366809116809117,0.57375,0.533495788978667,0.5814582531742979,,5.0
deep_loso_rerun/deap_strict_loso_valence_tsception_none_bs32_seed20260530,20260530,31,2.0,57600,,0.5014492753623189,0.4441666666666666,0.3864673273155416,0.3582448243720565,,5.0
deep_loso_rerun/deap_strict_loso_valence_tsception_none_bs32_seed20260530,20260530,32,2.0,57600,,0.5220833333333333,0.5220833333333333,0.5172964392195591,0.517296439219559,,5.0
deep_loso_rerun/dreamer_strict_loso_arousal_deep_convnet_none_bs128_seed20260530,20260530,1,2.0,63376,,0.5091414232540112,0.6188304721030042,0.5021138709275101,0.5918660273993028,,5.0
deep_loso_rerun/dreamer_strict_loso_arousal_deep_convnet_none_bs128_seed20260530,20260530,2,2.0,63376,,0.4742500579747393,0.4712982832618025,0.4695339415015811,0.4744412734672203,,5.0
deep_loso_rerun/dreamer_strict_loso_arousal_deep_convnet_none_bs128_seed20260530,20260530,3,2.0,63376,,0.5177583497802644,0.4991952789699571,0.4658846679241081,0.4571544970377632,,5.0
deep_loso_rerun/dreamer_strict_loso_arousal_deep_convnet_none_bs128_seed20260530,20260530,4,2.0,63376,,0.368357393679282,0.4916845493562232,0.3499012552150323,0.4637513673398943,,5.0
deep_loso_rerun/dreamer_strict_loso_arousal_deep_convnet_none_bs128_seed20260530,20260530,5,2.0,63376,,0.5678441275315971,0.5329935622317596,0.4847257123889825,0.4694965923684744,,5.0
deep_loso_rerun/dreamer_strict_loso_arousal_deep_convnet_none_bs128_seed20260530,20260530,6,2.0,63376,,0.5024552445917028,0.3736587982832618,0.360985861553054,0.3263223622300477,,5.0
deep_loso_rerun/dreamer_strict_loso_arousal_deep_convnet_none_bs128_seed20260530,20260530,7,2.0,63376,,0.4994400636628825,0.5214592274678111,0.4994338597338945,0.5211212422851935,,5.0
deep_loso_rerun/dreamer_strict_loso_arousal_deep_convnet_none_bs128_seed20260530,20260530,8,2.0,63376,,0.4978059944222136,0.497049356223176,0.471935326808952,0.5227811969391029,,5.0
deep_loso_rerun/dreamer_strict_loso_arousal_deep_convnet_none_bs128_seed20260530,20260530,9,2.0,63376,,0.5118790064102564,0.6735515021459227,0.4974068738309553,0.6289367095641073,,5.0
deep_loso_rerun/dreamer_strict_loso_arousal_deep_convnet_none_bs128_seed20260530,20260530,10,2.0,63376,,0.4870287511763642,0.4670064377682403,0.4666453541850046,0.4698541588112853,,5.0
deep_loso_rerun/dreamer_strict_loso_arousal_deep_convnet_none_bs128_seed20260530,20260530,11,2.0,63376,,0.5101047513475152,0.5501609442060086,0.48168817353798,0.5073591458622299,,5.0
deep_loso_rerun/dreamer_strict_loso_arousal_deep_convnet_none_bs128_seed20260530,20260530,12,2.0,63376,,0.5076531522972124,0.5005364806866953,0.415773519759655,0.4117144483913179,,5.0
deep_loso_rerun/dreamer_strict_loso_arousal_deep_convnet_none_bs128_seed20260530,20260530,13,2.0,63376,,0.470441354875569,0.4686158798283262,0.3812270829864946,0.3801043147187195,,5.0
deep_loso_rerun/dreamer_strict_loso_arousal_deep_convnet_none_bs128_seed20260530,20260530,14,2.0,63376,,0.4944023405253454,0.3870708154506437,0.2912101110777085,0.2327567566971294,,5.0
deep_loso_rerun/dreamer_strict_loso_arousal_deep_convnet_none_bs128_seed20260530,20260530,15,2.0,63376,,0.5217208019383454,0.5150214592274678,0.5130367435522861,0.5109352798962115,,5.0
deep_loso_rerun/dreamer_strict_loso_arousal_deep_convnet_none_bs128_seed20260530,20260530,16,2.0,63376,,0.5196299454886667,0.5480150214592274,0.4844533256711414,0.5014484314968328,,5.0
deep_loso_rerun/dreamer_strict_loso_arousal_deep_convnet_none_bs128_seed20260530,20260530,17,2.0,63376,,0.5468033733055102,0.407725321888412,0.4015729438535524,0.3760845205662773,,5.0
deep_loso_rerun/dreamer_strict_loso_arousal_deep_convnet_none_bs128_seed20260530,20260530,18,2.0,63376,,0.521252906540654,0.5160944206008584,0.5156414971334509,0.5176121115179606,,5.0
deep_loso_rerun/dreamer_strict_loso_arousal_deep_convnet_none_bs128_seed20260530,20260530,19,2.0,63376,,0.525678341235985,0.7341738197424893,0.524668379317013,0.738490901545196,,5.0
deep_loso_rerun/dreamer_strict_loso_arousal_deep_convnet_none_bs128_seed20260530,20260530,20,2.0,63376,,0.4678278946551279,0.558744635193133,0.4196695692840567,0.4882545332940122,,5.0
deep_loso_rerun/dreamer_strict_loso_arousal_deep_convnet_none_bs128_seed20260530,20260530,21,2.0,63376,,0.4701477234347105,0.3747317596566523,0.370951444149512,0.3526384970560985,,5.0
deep_loso_rerun/dreamer_strict_loso_arousal_deep_convnet_none_bs128_seed20260530,20260530,22,2.0,63376,,0.4730964725881853,0.4230150214592275,0.4204294700275361,0.4102741716331824,,5.0
deep_loso_rerun/dreamer_strict_loso_arousal_deep_convnet_none_bs128_seed20260530,20260530,23,2.0,63376,,0.5099939943117213,0.3935085836909871,0.3872421597930481,0.3631405294163596,,5.0
deep_loso_rerun/dreamer_strict_loso_arousal_eegconformer_none_bs32_seed20260530,20260530,1,2.0,63376,,0.5,0.6861587982832618,0.4069360483614381,0.5584454998436473,,5.0
deep_loso_rerun/dreamer_strict_loso_arousal_eegconformer_none_bs32_seed20260530,20260530,2,2.0,63376,,0.5,0.4197961373390558,0.2956735310787833,0.248245212520545,,5.0
deep_loso_rerun/dreamer_strict_loso_arousal_eegconformer_none_bs32_seed20260530,20260530,3,2.0,63376,,0.5365983237426624,0.5343347639484979,0.5343346299246365,0.5343509808357182,,5.0
deep_loso_rerun/dreamer_strict_loso_arousal_eegconformer_none_bs32_seed20260530,20260530,4,2.0,63376,,0.5,0.6875,0.4074074074074074,0.5601851851851852,,5.0
deep_loso_rerun/dreamer_strict_loso_arousal_eegconformer_none_bs32_seed20260530,20260530,5,2.0,63376,,0.5,0.4517167381974249,0.311160384331116,0.2811127077326177,,5.0
deep_loso_rerun/dreamer_strict_loso_arousal_eegconformer_none_bs32_seed20260530,20260530,6,2.0,63376,,0.5,0.3074034334763948,0.2351251538777185,0.1445565591973527,,5.0
deep_loso_rerun/dreamer_strict_loso_arousal_eegconformer_none_bs32_seed20260530,20260530,7,2.0,63376,,0.4860113622732483,0.5147532188841202,0.4852155274574664,0.5106847574670111,,5.0
deep_loso_rerun/dreamer_strict_loso_arousal_eegconformer_none_bs32_seed20260530,20260530,8,2.0,63376,,0.5004803073967339,0.721030042918455,0.4198870393279576,0.6044296245513228,,5.0
deep_loso_rerun/dreamer_strict_loso_arousal_eegconformer_none_bs32_seed20260530,20260530,9,2.0,63376,,0.5485691391941392,0.4238197424892704,0.4229102167182662,0.4127825243492472,,5.0
deep_loso_rerun/dreamer_strict_loso_arousal_eegconformer_none_bs32_seed20260530,20260530,10,2.0,63376,,0.5016594526466863,0.6158798283261803,0.3882717681909789,0.4745506370724845,,5.0
deep_loso_rerun/dreamer_strict_loso_arousal_eegconformer_none_bs32_seed20260530,20260530,11,2.0,63376,,0.5,0.5681330472103004,0.3622990078686281,0.4116680786833446,,5.0
deep_loso_rerun/dreamer_strict_loso_arousal_eegconformer_none_bs32_seed20260530,20260530,12,2.0,63376,,0.5,0.5091201716738197,0.3373622467116957,0.343515849924248,,5.0
deep_loso_rerun/dreamer_strict_loso_arousal_eegconformer_none_bs32_seed20260530,20260530,13,2.0,63376,,0.5,0.5024141630901288,0.3344045706123906,0.3360191849554762,,5.0
deep_loso_rerun/dreamer_strict_loso_arousal_eegconformer_none_bs32_seed20260530,20260530,14,2.0,63376,,0.5191340492615854,0.5257510729613734,0.5154329700939153,0.5312894664122884,,5.0
deep_loso_rerun/dreamer_strict_loso_arousal_eegconformer_none_bs32_seed20260530,20260530,15,2.0,63376,,0.5,0.5337982832618026,0.3480237845400489,0.3715489974435072,,5.0
deep_loso_rerun/dreamer_strict_loso_arousal_eegconformer_none_bs32_seed20260530,20260530,16,2.0,63376,,0.5,0.4530579399141631,0.311796197157098,0.2825234855141301,,5.0
deep_loso_rerun/dreamer_strict_loso_arousal_eegconformer_none_bs32_seed20260530,20260530,17,2.0,63376,,0.5,0.7100321888412017,0.4152156862745098,0.5896330051333838,,5.0
deep_loso_rerun/dreamer_strict_loso_arousal_eegconformer_none_bs32_seed20260530,20260530,18,2.0,63376,,0.5,0.4334763948497854,0.3023952095808383,0.2621623705378941,,5.0
deep_loso_rerun/dreamer_strict_loso_arousal_eegconformer_none_bs32_seed20260530,20260530,19,2.0,63376,,0.4981437503957533,0.1614806866952789,0.1396381936912022,0.0467524406132595,,5.0
deep_loso_rerun/dreamer_strict_loso_arousal_eegconformer_none_bs32_seed20260530,20260530,20,2.0,63376,,0.5,0.6207081545064378,0.3829857663025488,0.4754447764077779,,5.0
deep_loso_rerun/dreamer_strict_loso_arousal_eegconformer_none_bs32_seed20260530,20260530,21,2.0,63376,,0.4671790479866617,0.3264484978540772,0.2985873226566741,0.2460898189199791,,5.0
deep_loso_rerun/dreamer_strict_loso_arousal_eegconformer_none_bs32_seed20260530,20260530,22,2.0,63376,,0.5069475717652514,0.4487660944206008,0.4443860621334289,0.4314444561610597,,5.0
deep_loso_rerun/dreamer_strict_loso_arousal_eegconformer_none_bs32_seed20260530,20260530,23,2.0,63376,,0.5096055405611165,0.6968884120171673,0.4365739054048053,0.5855305094252967,,5.0
deep_loso_rerun/dreamer_strict_loso_arousal_eegnet_none_bs128_seed20260530,20260530,1,2.0,63376,,0.54538334569609,0.4082618025751073,0.3916521088686578,0.3542263704521777,,5.0
deep_loso_rerun/dreamer_strict_loso_arousal_eegnet_none_bs128_seed20260530,20260530,2,2.0,63376,,0.488677422642496,0.4514484978540772,0.4381758416113011,0.4243240991450181,,5.0
deep_loso_rerun/dreamer_strict_loso_arousal_eegnet_none_bs128_seed20260530,20260530,3,2.0,63376,,0.551973747345078,0.5555257510729614,0.5518637533765488,0.5545151701062956,,5.0
deep_loso_rerun/dreamer_strict_loso_arousal_eegnet_none_bs128_seed20260530,20260530,4,2.0,63376,,0.5261022239563012,0.5836909871244635,0.5252482949211955,0.5877122732852389,,5.0
deep_loso_rerun/dreamer_strict_loso_arousal_eegnet_none_bs128_seed20260530,20260530,5,2.0,63376,,0.5194892879222428,0.4844420600858369,0.428539526645605,0.4112797393055677,,5.0
deep_loso_rerun/dreamer_strict_loso_arousal_eegnet_none_bs128_seed20260530,20260530,6,2.0,63376,,0.534462644458954,0.4415236051502146,0.4408225604730644,0.4331960441367951,,5.0
deep_loso_rerun/dreamer_strict_loso_arousal_eegnet_none_bs128_seed20260530,20260530,7,2.0,63376,,0.425708699020615,0.4063841201716738,0.4063652834173638,0.4056746024259954,,5.0
deep_loso_rerun/dreamer_strict_loso_arousal_eegnet_none_bs128_seed20260530,20260530,8,2.0,63376,,0.4646497688554169,0.4136266094420601,0.4088818365424314,0.4322647592753318,,5.0
deep_loso_rerun/dreamer_strict_loso_arousal_eegnet_none_bs128_seed20260530,20260530,9,2.0,63376,,0.553382554945055,0.4991952789699571,0.4916224641385603,0.5190510330223885,,5.0
deep_loso_rerun/dreamer_strict_loso_arousal_eegnet_none_bs128_seed20260530,20260530,10,2.0,63376,,0.5066971039016521,0.6091738197424893,0.430285283409602,0.5041014242994769,,5.0
deep_loso_rerun/dreamer_strict_loso_arousal_eegnet_none_bs128_seed20260530,20260530,11,2.0,63376,,0.4363817383093156,0.4745171673819742,0.4061396064112169,0.4335987376152839,,5.0
deep_loso_rerun/dreamer_strict_loso_arousal_eegnet_none_bs128_seed20260530,20260530,12,2.0,63376,,0.5249212573488342,0.5246781115879828,0.5246714081406336,0.524638848539223,,5.0
deep_loso_rerun/dreamer_strict_loso_arousal_eegnet_none_bs128_seed20260530,20260530,13,2.0,63376,,0.61938311917258,0.6201716738197425,0.6093672855402386,0.6096809613289984,,5.0
deep_loso_rerun/dreamer_strict_loso_arousal_eegnet_none_bs128_seed20260530,20260530,14,2.0,63376,,0.5303757350507853,0.466469957081545,0.4513437578871732,0.4309148361965514,,5.0
deep_loso_rerun/dreamer_strict_loso_arousal_eegnet_none_bs128_seed20260530,20260530,15,2.0,63376,,0.386634553665913,0.3825107296137339,0.3817589462033368,0.3803016429770287,,5.0
deep_loso_rerun/dreamer_strict_loso_arousal_eegnet_none_bs128_seed20260530,20260530,16,2.0,63376,,0.5414646773935493,0.5823497854077253,0.4529744798212046,0.4779504075406102,,5.0
deep_loso_rerun/dreamer_strict_loso_arousal_eegnet_none_bs128_seed20260530,20260530,17,2.0,63376,,0.5828323268937274,0.585568669527897,0.5576226294670168,0.6043286046381358,,5.0
deep_loso_rerun/dreamer_strict_loso_arousal_eegnet_none_bs128_seed20260530,20260530,18,2.0,63376,,0.6117096084608461,0.6032725321888412,0.6031443492080286,0.6040932859018052,,5.0
deep_loso_rerun/dreamer_strict_loso_arousal_eegnet_none_bs128_seed20260530,20260530,19,2.0,63376,,0.5538895040618264,0.4680793991416309,0.4330225011705578,0.5285497118231259,,5.0
deep_loso_rerun/dreamer_strict_loso_arousal_eegnet_none_bs128_seed20260530,20260530,20,2.0,63376,,0.5543490884463184,0.4704935622317596,0.4451999522329296,0.4166016494704333,,5.0
deep_loso_rerun/dreamer_strict_loso_arousal_eegnet_none_bs128_seed20260530,20260530,21,2.0,63376,,0.4697456454959229,0.3344957081545064,0.3112417908460491,0.2637155364929977,,5.0
deep_loso_rerun/dreamer_strict_loso_arousal_eegnet_none_bs128_seed20260530,20260530,22,2.0,63376,,0.5368595603291736,0.5531115879828327,0.5339457295747524,0.5587396575153641,,5.0
deep_loso_rerun/dreamer_strict_loso_arousal_eegnet_none_bs128_seed20260530,20260530,23,2.0,63376,,0.5446462391878112,0.4686158798283262,0.4684735707104436,0.4718563284306036,,5.0
deep_loso_rerun/dreamer_strict_loso_arousal_shallow_convnet_none_bs128_seed20260530,20260530,1,2.0,63376,,0.5058024765608815,0.3889484978540772,0.3791644978858042,0.350146993706396,,5.0
deep_loso_rerun/dreamer_strict_loso_arousal_shallow_convnet_none_bs128_seed20260530,20260530,2,2.0,63376,,0.4954317382525453,0.4525214592274678,0.4324543397821802,0.4153357414536751,,5.0
deep_loso_rerun/dreamer_strict_loso_arousal_shallow_convnet_none_bs128_seed20260530,20260530,3,2.0,63376,,0.5417908135363156,0.5482832618025751,0.5399412867379257,0.5439959519087911,,5.0
deep_loso_rerun/dreamer_strict_loso_arousal_shallow_convnet_none_bs128_seed20260530,20260530,4,2.0,63376,,0.4097541943035505,0.5595493562231759,0.3654066808070378,0.4970320252453313,,5.0
deep_loso_rerun/dreamer_strict_loso_arousal_shallow_convnet_none_bs128_seed20260530,20260530,5,2.0,63376,,0.5286360403661026,0.5144849785407726,0.5100168118386946,0.5054984410163686,,5.0
deep_loso_rerun/dreamer_strict_loso_arousal_shallow_convnet_none_bs128_seed20260530,20260530,6,2.0,63376,,0.5127770725779088,0.3822424892703863,0.3696458693321087,0.3353218726881493,,5.0
deep_loso_rerun/dreamer_strict_loso_arousal_shallow_convnet_none_bs128_seed20260530,20260530,7,2.0,63376,,0.4562837784413838,0.4058476394849785,0.3921815040635595,0.3733569525886174,,5.0
deep_loso_rerun/dreamer_strict_loso_arousal_shallow_convnet_none_bs128_seed20260530,20260530,8,2.0,63376,,0.4394562426912658,0.4315987124463519,0.4133792156514746,0.4590250173628416,,5.0
deep_loso_rerun/dreamer_strict_loso_arousal_shallow_convnet_none_bs128_seed20260530,20260530,9,2.0,63376,,0.5509472298534799,0.4710300429184549,0.4689377361985224,0.4836732980551407,,5.0
deep_loso_rerun/dreamer_strict_loso_arousal_shallow_convnet_none_bs128_seed20260530,20260530,10,2.0,63376,,0.4982079735825476,0.5740343347639485,0.4699500755671115,0.5242603851480276,,5.0
deep_loso_rerun/dreamer_strict_loso_arousal_shallow_convnet_none_bs128_seed20260530,20260530,11,2.0,63376,,0.454158968674303,0.473980686695279,0.4503490294129035,0.4658792776657454,,5.0
deep_loso_rerun/dreamer_strict_loso_arousal_shallow_convnet_none_bs128_seed20260530,20260530,12,2.0,63376,,0.4961544219684799,0.4965128755364807,0.4960977666494917,0.4963615741664566,,5.0
deep_loso_rerun/dreamer_strict_loso_arousal_shallow_convnet_none_bs128_seed20260530,20260530,13,2.0,63376,,0.6350061808966402,0.6357296137339056,0.6270100442905975,0.6272853991151229,,5.0
deep_loso_rerun/dreamer_strict_loso_arousal_shallow_convnet_none_bs128_seed20260530,20260530,14,2.0,63376,,0.4932337749396019,0.4230150214592275,0.3983378850430137,0.3710132677662525,,5.0
deep_loso_rerun/dreamer_strict_loso_arousal_shallow_convnet_none_bs128_seed20260530,20260530,15,2.0,63376,,0.4282525978569487,0.4256974248927038,0.4256524209184857,0.4253087542062746,,5.0
deep_loso_rerun/dreamer_strict_loso_arousal_shallow_convnet_none_bs128_seed20260530,20260530,16,2.0,63376,,0.5356987819810904,0.5753755364806867,0.4530560533243619,0.4773395582050844,,5.0
deep_loso_rerun/dreamer_strict_loso_arousal_shallow_convnet_none_bs128_seed20260530,20260530,17,2.0,63376,,0.5371177536086268,0.6038090128755365,0.5351210836764252,0.6101840963252795,,5.0
deep_loso_rerun/dreamer_strict_loso_arousal_shallow_convnet_none_bs128_seed20260530,20260530,18,2.0,63376,,0.5816831683168318,0.5708154506437768,0.5708075449454759,0.5705624682981498,,5.0
deep_loso_rerun/dreamer_strict_loso_arousal_shallow_convnet_none_bs128_seed20260530,20260530,19,2.0,63376,,0.5540012461907906,0.4310622317596566,0.4088271214268438,0.4865116147887874,,5.0
deep_loso_rerun/dreamer_strict_loso_arousal_shallow_convnet_none_bs128_seed20260530,20260530,20,2.0,63376,,0.5901144133428036,0.546137339055794,0.5454208969680198,0.5410641545423659,,5.0
deep_loso_rerun/dreamer_strict_loso_arousal_shallow_convnet_none_bs128_seed20260530,20260530,21,2.0,63376,,0.4556461124424358,0.3505901287553648,0.3428342111695542,0.3160236318605794,,5.0
deep_loso_rerun/dreamer_strict_loso_arousal_shallow_convnet_none_bs128_seed20260530,20260530,22,2.0,63376,,0.5395158211953792,0.5429184549356223,0.5317400411375087,0.5507200562322224,,5.0
deep_loso_rerun/dreamer_strict_loso_arousal_shallow_convnet_none_bs128_seed20260530,20260530,23,2.0,63376,,0.576944023661937,0.5506974248927039,0.5393544544425731,0.5674695094044357,,5.0
deep_loso_rerun/dreamer_strict_loso_arousal_tsception_none_bs32_seed20260530,20260530,1,2.0,63376,,0.5683089085356481,0.483637339055794,0.4835079743406439,0.4804646146011813,,5.0
deep_loso_rerun/dreamer_strict_loso_arousal_tsception_none_bs32_seed20260530,20260530,2,2.0,63376,,0.5140468731305916,0.4863197424892704,0.4820875604804411,0.474577635135397,,5.0
deep_loso_rerun/dreamer_strict_loso_arousal_tsception_none_bs32_seed20260530,20260530,3,2.0,63376,,0.5842230284783381,0.5930793991416309,0.580442268280243,0.5852080486978297,,5.0
deep_loso_rerun/dreamer_strict_loso_arousal_tsception_none_bs32_seed20260530,20260530,4,2.0,63376,,0.5076863051111978,0.5348712446351931,0.5003431861775738,0.5495985185487492,,5.0
deep_loso_rerun/dreamer_strict_loso_arousal_tsception_none_bs32_seed20260530,20260530,5,2.0,63376,,0.5926900353737955,0.6003218884120172,0.5927600748391486,0.5981188403632287,,5.0
deep_loso_rerun/dreamer_strict_loso_arousal_tsception_none_bs32_seed20260530,20260530,6,2.0,63376,,0.5444904514135315,0.4517167381974249,0.4511853769894086,0.444607491690173,,5.0
deep_loso_rerun/dreamer_strict_loso_arousal_tsception_none_bs32_seed20260530,20260530,7,2.0,63376,,0.4331153414739809,0.3894849785407725,0.380294346980266,0.3647067119547372,,5.0
deep_loso_rerun/dreamer_strict_loso_arousal_tsception_none_bs32_seed20260530,20260530,8,2.0,63376,,0.4977920517437822,0.5313841201716738,0.4864266690323407,0.5535163921287526,,5.0
deep_loso_rerun/dreamer_strict_loso_arousal_tsception_none_bs32_seed20260530,20260530,9,2.0,63376,,0.5678485576923077,0.4584227467811159,0.4584161611015832,0.4592510226300293,,5.0
deep_loso_rerun/dreamer_strict_loso_arousal_tsception_none_bs32_seed20260530,20260530,10,2.0,63376,,0.5033941621930621,0.5799356223175965,0.4747954255939315,0.5291304673060414,,5.0
deep_loso_rerun/dreamer_strict_loso_arousal_tsception_none_bs32_seed20260530,20260530,11,2.0,63376,,0.4374093103185356,0.4535944206008583,0.43563674111583,0.4493547880006336,,5.0
deep_loso_rerun/dreamer_strict_loso_arousal_tsception_none_bs32_seed20260530,20260530,12,2.0,63376,,0.4738721230861361,0.4761266094420601,0.4668020023529954,0.4680881550549354,,5.0
deep_loso_rerun/dreamer_strict_loso_arousal_tsception_none_bs32_seed20260530,20260530,13,2.0,63376,,0.6008962659901019,0.601931330472103,0.5822080906312124,0.5826463848498988,,5.0
deep_loso_rerun/dreamer_strict_loso_arousal_tsception_none_bs32_seed20260530,20260530,14,2.0,63376,,0.5035523666483623,0.4334763948497854,0.4099766434700034,0.383571008855087,,5.0
deep_loso_rerun/dreamer_strict_loso_arousal_tsception_none_bs32_seed20260530,20260530,15,2.0,63376,,0.4558344079430524,0.4592274678111588,0.4556552650219674,0.4586360435083125,,5.0
deep_loso_rerun/dreamer_strict_loso_arousal_tsception_none_bs32_seed20260530,20260530,16,2.0,63376,,0.532139850766768,0.5708154506437768,0.4544074199420088,0.4780675887838316,,5.0
deep_loso_rerun/dreamer_strict_loso_arousal_tsception_none_bs32_seed20260530,20260530,17,2.0,63376,,0.6033225961913142,0.6220493562231759,0.5852106929882768,0.637136297511996,,5.0
deep_loso_rerun/dreamer_strict_loso_arousal_tsception_none_bs32_seed20260530,20260530,18,2.0,63376,,0.5296607785778578,0.5396995708154506,0.5296849415617413,0.5388159270577705,,5.0
deep_loso_rerun/dreamer_strict_loso_arousal_tsception_none_bs32_seed20260530,20260530,19,2.0,63376,,0.5437220345368315,0.3709763948497854,0.3627724358565513,0.4117634533906157,,5.0
deep_loso_rerun/dreamer_strict_loso_arousal_tsception_none_bs32_seed20260530,20260530,20,2.0,63376,,0.599478116721414,0.5954935622317596,0.5887322872087495,0.6014627213524926,,5.0
deep_loso_rerun/dreamer_strict_loso_arousal_tsception_none_bs32_seed20260530,20260530,21,2.0,63376,,0.5057436833555817,0.3607832618025751,0.3352233896451583,0.2862715141042781,,5.0
deep_loso_rerun/dreamer_strict_loso_arousal_tsception_none_bs32_seed20260530,20260530,22,2.0,63376,,0.4957448518332497,0.4975858369098712,0.4879655240358431,0.5063777862487581,,5.0
deep_loso_rerun/dreamer_strict_loso_arousal_tsception_none_bs32_seed20260530,20260530,23,2.0,63376,,0.5650394676471097,0.5399678111587983,0.5285968332512089,0.5570733755068301,,5.0
deep_positive_control/dreamer_strict_loso_valence_eegnet_none_bs128_seed20260530_inject_class_signal_snr_0.2_eval_train,20260530,1,2.0,63376,,0.924500494631265,0.9246244635193132,0.9243775994640724,0.9246348943948868,0.9078030099086116,5.0
deep_positive_control/dreamer_strict_loso_valence_eegnet_none_bs128_seed20260530_inject_class_signal_snr_0.2_eval_train,20260530,2,2.0,63376,,0.8828842640756209,0.8900214592274678,0.8755309446254071,0.8910011638310663,0.9105912483324964,5.0
deep_positive_control/dreamer_strict_loso_valence_eegnet_none_bs128_seed20260530_inject_class_signal_snr_0.2_eval_train,20260530,3,2.0,63376,,0.8997751169124235,0.8996781115879828,0.8996466581658873,0.8996895491960176,0.9116080533637614,5.0
deep_positive_control/dreamer_strict_loso_valence_eegnet_none_bs128_seed20260530_inject_class_signal_snr_0.2_eval_train,20260530,4,2.0,63376,,0.967049318698628,0.9506437768240344,0.935288328593768,0.9521657926177832,0.8927351939802131,5.0
deep_positive_control/dreamer_strict_loso_valence_eegnet_none_bs128_seed20260530_inject_class_signal_snr_0.2_eval_train,20260530,5,2.0,63376,,0.935439641736866,0.946351931330472,0.9416718402659564,0.9459264685064254,0.8983573194652374,5.0
deep_positive_control/dreamer_strict_loso_valence_eegnet_none_bs128_seed20260530_inject_class_signal_snr_0.2_eval_train,20260530,6,2.0,63376,,0.8506991368380269,0.8527360515021459,0.8513264539308736,0.8525846071349844,0.9085670993298762,5.0
deep_positive_control/dreamer_strict_loso_valence_eegnet_none_bs128_seed20260530_inject_class_signal_snr_0.2_eval_train,20260530,7,2.0,63376,,0.8919727121158818,0.9034334763948498,0.8928427709111814,0.903325039137338,0.9067516944964896,5.0
deep_positive_control/dreamer_strict_loso_valence_eegnet_none_bs128_seed20260530_inject_class_signal_snr_0.2_eval_train,20260530,8,2.0,63376,,0.8905787645898405,0.9045064377682404,0.8928414211805104,0.9042219251685396,0.8960658764262577,5.0
deep_positive_control/dreamer_strict_loso_valence_eegnet_none_bs128_seed20260530_inject_class_signal_snr_0.2_eval_train,20260530,9,2.0,63376,,0.789454826928929,0.7913090128755365,0.7888538319411664,0.7915044501638445,0.9091042979197618,5.0
deep_positive_control/dreamer_strict_loso_valence_eegnet_none_bs128_seed20260530_inject_class_signal_snr_0.2_eval_train,20260530,10,2.0,63376,,0.8777270253173868,0.8733905579399142,0.8681680804230332,0.8746433894736135,0.912929207395184,5.0
deep_positive_control/dreamer_strict_loso_valence_eegnet_none_bs128_seed20260530_inject_class_signal_snr_0.2_eval_train,20260530,11,2.0,63376,,0.8706501067571337,0.8717811158798283,0.8626748406952198,0.8729763144978081,0.9062488512177754,5.0
deep_positive_control/dreamer_strict_loso_valence_eegnet_none_bs128_seed20260530_inject_class_signal_snr_0.2_eval_train,20260530,12,2.0,63376,,0.87770123084587,0.8760729613733905,0.8757007608342966,0.8755511508136804,0.9097602281660192,5.0
deep_positive_control/dreamer_strict_loso_valence_eegnet_none_bs128_seed20260530_inject_class_signal_snr_0.2_eval_train,20260530,13,2.0,63376,,0.9663379221803636,0.9662017167381974,0.9656883598947206,0.9662242323892272,0.8956386717067282,5.0
deep_positive_control/dreamer_strict_loso_valence_eegnet_none_bs128_seed20260530_inject_class_signal_snr_0.2_eval_train,20260530,14,2.0,63376,,0.9074011900098856,0.9098712446351932,0.908477798080194,0.909737958442976,0.9083956586666448,5.0
deep_positive_control/dreamer_strict_loso_valence_eegnet_none_bs128_seed20260530_inject_class_signal_snr_0.2_eval_train,20260530,15,2.0,63376,,0.9451680254523762,0.9506437768240344,0.9453326256361704,0.950634635427842,0.9009050821287612,5.0
deep_positive_control/dreamer_strict_loso_valence_eegnet_none_bs128_seed20260530_inject_class_signal_snr_0.2_eval_train,20260530,16,2.0,63376,,0.8880644643606646,0.891362660944206,0.8845276239576272,0.8918223492090145,0.9104697990449394,5.0
deep_positive_control/dreamer_strict_loso_valence_eegnet_none_bs128_seed20260530_inject_class_signal_snr_0.2_eval_train,20260530,17,2.0,63376,,0.8723662588778498,0.891362660944206,0.8788753467159507,0.8903090112056481,0.9125906988797275,5.0
deep_positive_control/dreamer_strict_loso_valence_eegnet_none_bs128_seed20260530_inject_class_signal_snr_0.2_eval_train,20260530,18,2.0,63376,,0.942460435029504,0.941255364806867,0.937662475693785,0.9415484160976548,0.903524660372416,5.0
deep_positive_control/dreamer_strict_loso_valence_eegnet_none_bs128_seed20260530_inject_class_signal_snr_0.2_eval_train,20260530,19,2.0,63376,,0.915074223612788,0.91362660944206,0.9136071153855012,0.9136704710693178,0.9086100752266444,5.0
deep_positive_control/dreamer_strict_loso_valence_eegnet_none_bs128_seed20260530_inject_class_signal_snr_0.2_eval_train,20260530,20,2.0,63376,,0.9527158016101858,0.9476931330472104,0.9421817053008772,0.948243796983638,0.9096557510586308,5.0
deep_positive_control/dreamer_strict_loso_valence_eegnet_none_bs128_seed20260530_inject_class_signal_snr_0.2_eval_train,20260530,21,2.0,63376,,0.8784643621902722,0.8838519313304721,0.8765443485769198,0.8841339218446665,0.907478421091206,5.0
deep_positive_control/dreamer_strict_loso_valence_eegnet_none_bs128_seed20260530_inject_class_signal_snr_0.2_eval_train,20260530,22,2.0,63376,,0.819900476740536,0.8275214592274678,0.8165165451342444,0.8283531559114026,0.9106448497413906,5.0
deep_positive_control/dreamer_strict_loso_valence_eegnet_none_bs128_seed20260530_inject_class_signal_snr_0.2_eval_train,20260530,23,2.0,63376,,0.8784976150319639,0.8782188841201717,0.8776328099356393,0.8783324643884919,0.9134086463596406,5.0
deep_positive_control/dreamer_strict_loso_valence_eegnet_none_bs128_seed20260530_inject_class_signal_snr_0.5_eval_train,20260530,1,2.0,63376,,0.9970548860181824,0.997049356223176,0.9970389503523792,0.9970494033085642,0.996578878055552,5.0
deep_positive_control/dreamer_strict_loso_valence_eegnet_none_bs128_seed20260530_inject_class_signal_snr_0.5_eval_train,20260530,2,2.0,63376,,0.9968784999278236,0.9975858369098712,0.9972145991465974,0.9975850186047356,0.9964079084433628,5.0
deep_positive_control/dreamer_strict_loso_valence_eegnet_none_bs128_seed20260530_inject_class_signal_snr_0.5_eval_train,20260530,3,2.0,63376,,0.9973419504439346,0.9973175965665236,0.9973161683292312,0.9973176629961652,0.9957736796422972,5.0
deep_positive_control/dreamer_strict_loso_valence_eegnet_none_bs128_seed20260530_inject_class_signal_snr_0.5_eval_train,20260530,4,2.0,63376,,0.999475890985325,0.9991952789699572,0.9988732547613902,0.999195763702835,0.9951107180292752,5.0
deep_positive_control/dreamer_strict_loso_valence_eegnet_none_bs128_seed20260530_inject_class_signal_snr_0.5_eval_train,20260530,5,2.0,63376,,0.997471098265896,0.9981223175965666,0.997986869445444,0.9981213371032284,0.9947418752630212,5.0
deep_positive_control/dreamer_strict_loso_valence_eegnet_none_bs128_seed20260530_inject_class_signal_snr_0.5_eval_train,20260530,6,2.0,63376,,0.9918677637249248,0.9914163090128756,0.9913596073813012,0.991420439595308,0.9953986436478656,5.0
deep_positive_control/dreamer_strict_loso_valence_eegnet_none_bs128_seed20260530_inject_class_signal_snr_0.5_eval_train,20260530,7,2.0,63376,,0.9958420647424424,0.996244635193133,0.9958420647424424,0.996244635193133,0.9960320556001474,5.0
deep_positive_control/dreamer_strict_loso_valence_eegnet_none_bs128_seed20260530_inject_class_signal_snr_0.5_eval_train,20260530,8,2.0,63376,,0.997595758671708,0.9975858369098712,0.9973083410381324,0.9975865323882466,0.9952213670906884,5.0
deep_positive_control/dreamer_strict_loso_valence_eegnet_none_bs128_seed20260530_inject_class_signal_snr_0.5_eval_train,20260530,9,2.0,63376,,0.9561411877842344,0.953862660944206,0.953471078338178,0.9539679989551842,0.9964101606817606,5.0
deep_positive_control/dreamer_strict_loso_valence_eegnet_none_bs128_seed20260530_inject_class_signal_snr_0.5_eval_train,20260530,10,2.0,63376,,0.990555629109846,0.9898068669527896,0.989176025887562,0.989820885643128,0.9958832505430072,5.0
deep_positive_control/dreamer_strict_loso_valence_eegnet_none_bs128_seed20260530_inject_class_signal_snr_0.5_eval_train,20260530,11,2.0,63376,,0.9929742200942432,0.991148068669528,0.9903774427434612,0.9911707126540852,0.994756745474876,5.0
deep_positive_control/dreamer_strict_loso_valence_eegnet_none_bs128_seed20260530_inject_class_signal_snr_0.5_eval_train,20260530,12,2.0,63376,,0.9968149757473403,0.9967811158798284,0.9967797775558788,0.9967812215369822,0.9949579738850404,5.0
deep_positive_control/dreamer_strict_loso_valence_eegnet_none_bs128_seed20260530_inject_class_signal_snr_0.5_eval_train,20260530,13,2.0,63376,,1.0,1.0,1.0,1.0,0.9951993617068836,5.0
deep_positive_control/dreamer_strict_loso_valence_eegnet_none_bs128_seed20260530_inject_class_signal_snr_0.5_eval_train,20260530,14,2.0,63376,,0.998974129408912,0.9989270386266096,0.9989136411757968,0.998927103348594,0.9953386767239384,5.0
deep_positive_control/dreamer_strict_loso_valence_eegnet_none_bs128_seed20260530_inject_class_signal_snr_0.5_eval_train,20260530,15,2.0,63376,,0.9994060092489204,0.9994635193133048,0.9994060092489204,0.9994635193133048,0.9948973165794692,5.0
deep_positive_control/dreamer_strict_loso_valence_eegnet_none_bs128_seed20260530_inject_class_signal_snr_0.5_eval_train,20260530,16,2.0,63376,,0.9961447300199986,0.9957081545064378,0.995404700382582,0.9957113220860188,0.994981079341036,5.0
deep_positive_control/dreamer_strict_loso_valence_eegnet_none_bs128_seed20260530_inject_class_signal_snr_0.5_eval_train,20260530,17,2.0,63376,,0.9910528411639876,0.9908798283261804,0.9900375133774236,0.9908891528459082,0.9965801179002072,5.0
deep_positive_control/dreamer_strict_loso_valence_eegnet_none_bs128_seed20260530_inject_class_signal_snr_0.5_eval_train,20260530,18,2.0,63376,,0.9987223168654172,0.9983905579399142,0.9982757424529044,0.9983912740448228,0.995052781706408,5.0
deep_positive_control/dreamer_strict_loso_valence_eegnet_none_bs128_seed20260530_inject_class_signal_snr_0.5_eval_train,20260530,19,2.0,63376,,0.9989769820971868,0.9989270386266096,0.9989245869482126,0.998927093720506,0.9954870459745172,5.0
deep_positive_control/dreamer_strict_loso_valence_eegnet_none_bs128_seed20260530_inject_class_signal_snr_0.5_eval_train,20260530,20,2.0,63376,,0.999199038846616,0.9989270386266096,0.9987881683886832,0.998927478785842,0.9959020827931752,5.0
deep_positive_control/dreamer_strict_loso_valence_eegnet_none_bs128_seed20260530_inject_class_signal_snr_0.5_eval_train,20260530,21,2.0,63376,,0.9943447737309984,0.9943669527896996,0.9939871037014936,0.9943689797325396,0.9956078519533444,5.0
deep_positive_control/dreamer_strict_loso_valence_eegnet_none_bs128_seed20260530_inject_class_signal_snr_0.5_eval_train,20260530,22,2.0,63376,,0.9824342065587004,0.982027896995708,0.9807543405328109,0.9820584411027432,0.996475370438416,5.0
deep_positive_control/dreamer_strict_loso_valence_eegnet_none_bs128_seed20260530_inject_class_signal_snr_0.5_eval_train,20260530,23,2.0,63376,,0.9962634534800828,0.996244635193133,0.9962191622523572,0.996244801682942,0.9966193234880316,5.0
deep_seed_iv_seeds/seed_iv_strict_loso_emotion_shallow_convnet_none_seed20260530,20260530,1,,27555,,0.4063087230010799,0.4183632734530938,0.3932595502769115,0.397246494027212,,
deep_seed_iv_seeds/seed_iv_strict_loso_emotion_shallow_convnet_none_seed20260530,20260530,2,,27555,,0.4628349734965558,0.4479041916167665,0.4110666531257462,0.3999270928901009,,
deep_seed_iv_seeds/seed_iv_strict_loso_emotion_shallow_convnet_none_seed20260530,20260530,3,,27555,,0.367889213337836,0.3652694610778443,0.3432609685165467,0.3380723490543337,,
deep_seed_iv_seeds/seed_iv_strict_loso_emotion_shallow_convnet_none_seed20260530,20260530,4,,27555,,0.3311249979873525,0.3201596806387226,0.2577555036692938,0.2494350146896886,,
deep_seed_iv_seeds/seed_iv_strict_loso_emotion_shallow_convnet_none_seed20260530,20260530,5,,27555,,0.3376788943686299,0.3572854291417165,0.2886267541242293,0.2994679726729667,,
deep_seed_iv_seeds/seed_iv_strict_loso_emotion_shallow_convnet_none_seed20260530,20260530,6,,27555,,0.3089181492549547,0.2950099800399202,0.2959924419188202,0.2857442623057977,,
deep_seed_iv_seeds/seed_iv_strict_loso_emotion_shallow_convnet_none_seed20260530,20260530,7,,27555,,0.493679375877076,0.4754491017964072,0.4361347142218668,0.424002721289284,,
deep_seed_iv_seeds/seed_iv_strict_loso_emotion_shallow_convnet_none_seed20260530,20260530,8,,27555,,0.3606684557357809,0.3800399201596806,0.3365222299114908,0.3470258573526857,,
deep_seed_iv_seeds/seed_iv_strict_loso_emotion_shallow_convnet_none_seed20260530,20260530,9,,27555,,0.3557881007779903,0.3644710578842315,0.305356375365591,0.3110828789243454,,
deep_seed_iv_seeds/seed_iv_strict_loso_emotion_shallow_convnet_none_seed20260530,20260530,10,,27555,,0.43754460512071,0.4471057884231537,0.4387915979123906,0.4435875922107741,,
deep_seed_iv_seeds/seed_iv_strict_loso_emotion_shallow_convnet_none_seed20260530,20260530,11,,27555,,0.2973732596712443,0.3053892215568862,0.2946992459283811,0.298566363426198,,
deep_seed_iv_seeds/seed_iv_strict_loso_emotion_shallow_convnet_none_seed20260530,20260530,12,,27555,,0.3719756339509789,0.3736526946107784,0.3672343471378572,0.3686643406933658,,
deep_seed_iv_seeds/seed_iv_strict_loso_emotion_shallow_convnet_none_seed20260530,20260530,13,,27555,,0.3167120168156603,0.291816367265469,0.2318695741266644,0.2279744751418182,,
deep_seed_iv_seeds/seed_iv_strict_loso_emotion_shallow_convnet_none_seed20260530,20260530,14,,27555,,0.4522601126897018,0.4574850299401197,0.4306447103254875,0.4300400321283329,,
deep_seed_iv_seeds/seed_iv_strict_loso_emotion_shallow_convnet_none_seed20260530,20260530,15,,27555,,0.3689364665336644,0.3632734530938123,0.3687932846487727,0.3659218411908927,,
deep_seed_iv_seeds/seed_iv_strict_loso_emotion_shallow_convnet_none_seed20260531,20260531,1,,27555,,0.3894733011194206,0.4055888223552894,0.3704782528009245,0.3810695355335411,,
deep_seed_iv_seeds/seed_iv_strict_loso_emotion_shallow_convnet_none_seed20260531,20260531,2,,27555,,0.4044032747443495,0.3916167664670659,0.358718522178039,0.3496400681267796,,
deep_seed_iv_seeds/seed_iv_strict_loso_emotion_shallow_convnet_none_seed20260531,20260531,3,,27555,,0.3585447919005261,0.3572854291417165,0.3154933678101923,0.3081591896548886,,
deep_seed_iv_seeds/seed_iv_strict_loso_emotion_shallow_convnet_none_seed20260531,20260531,4,,27555,,0.3577409566905186,0.3477045908183632,0.2976286046112262,0.2895832417594057,,
deep_seed_iv_seeds/seed_iv_strict_loso_emotion_shallow_convnet_none_seed20260531,20260531,5,,27555,,0.3409679747210019,0.360878243512974,0.2910509536261393,0.3028393002441231,,
deep_seed_iv_seeds/seed_iv_strict_loso_emotion_shallow_convnet_none_seed20260531,20260531,6,,27555,,0.3532043145429014,0.3421157684630738,0.3148361670611743,0.3072930868233952,,
deep_seed_iv_seeds/seed_iv_strict_loso_emotion_shallow_convnet_none_seed20260531,20260531,7,,27555,,0.5339690086818931,0.518562874251497,0.5073992320711777,0.4999701033441935,,
deep_seed_iv_seeds/seed_iv_strict_loso_emotion_shallow_convnet_none_seed20260531,20260531,8,,27555,,0.3965168359352428,0.4027944111776447,0.4023839394048302,0.4025778689748304,,
deep_seed_iv_seeds/seed_iv_strict_loso_emotion_shallow_convnet_none_seed20260531,20260531,9,,27555,,0.3894544089867631,0.3992015968063872,0.3865428252186451,0.3920959264164301,,
deep_seed_iv_seeds/seed_iv_strict_loso_emotion_shallow_convnet_none_seed20260531,20260531,10,,27555,,0.4275459409160412,0.4347305389221557,0.4251018206354525,0.4299275864526379,,
deep_seed_iv_seeds/seed_iv_strict_loso_emotion_shallow_convnet_none_seed20260531,20260531,11,,27555,,0.3086945812145794,0.3149700598802395,0.3050914794650021,0.3065227440015383,,
deep_seed_iv_seeds/seed_iv_strict_loso_emotion_shallow_convnet_none_seed20260531,20260531,12,,27555,,0.3584099856523469,0.3652694610778443,0.3588529097751687,0.3626918812475642,,
deep_seed_iv_seeds/seed_iv_strict_loso_emotion_shallow_convnet_none_seed20260531,20260531,13,,27555,,0.2824973119436476,0.2550898203592814,0.1946353528475806,0.1893798925181704,,
deep_seed_iv_seeds/seed_iv_strict_loso_emotion_shallow_convnet_none_seed20260531,20260531,14,,27555,,0.4115873446786099,0.4271457085828343,0.3763615912154783,0.380234109165361,,
deep_seed_iv_seeds/seed_iv_strict_loso_emotion_shallow_convnet_none_seed20260531,20260531,15,,27555,,0.4180889330455263,0.4227544910179641,0.417713108716745,0.4190161273363314,,
deep_seed_iv_seeds/seed_iv_strict_loso_emotion_shallow_convnet_none_seed20260532,20260532,1,,27555,,0.3529502650083758,0.3604790419161676,0.3231511766971953,0.3245994463477748,,
deep_seed_iv_seeds/seed_iv_strict_loso_emotion_shallow_convnet_none_seed20260532,20260532,2,,27555,,0.4062476608153986,0.3864271457085828,0.3418318687280961,0.3325029827377254,,
deep_seed_iv_seeds/seed_iv_strict_loso_emotion_shallow_convnet_none_seed20260532,20260532,3,,27555,,0.3717465906343706,0.3648702594810379,0.3300569962181482,0.3221409224274075,,
deep_seed_iv_seeds/seed_iv_strict_loso_emotion_shallow_convnet_none_seed20260532,20260532,4,,27555,,0.4026992858732287,0.3912175648702595,0.3666997138488412,0.35973439693646,,
deep_seed_iv_seeds/seed_iv_strict_loso_emotion_shallow_convnet_none_seed20260532,20260532,5,,27555,,0.3249879501069766,0.3441117764471058,0.2678034353502504,0.2805074042408657,,
deep_seed_iv_seeds/seed_iv_strict_loso_emotion_shallow_convnet_none_seed20260532,20260532,6,,27555,,0.3234530832163113,0.3109780439121756,0.3030866628692387,0.2887181450712818,,
deep_seed_iv_seeds/seed_iv_strict_loso_emotion_shallow_convnet_none_seed20260532,20260532,7,,27555,,0.5063879405924314,0.4914171656686626,0.4699530050634484,0.4607944064718884,,
deep_seed_iv_seeds/seed_iv_strict_loso_emotion_shallow_convnet_none_seed20260532,20260532,8,,27555,,0.4014018393352536,0.3972055888223553,0.3960742815269832,0.3918337606479641,,
deep_seed_iv_seeds/seed_iv_strict_loso_emotion_shallow_convnet_none_seed20260532,20260532,9,,27555,,0.379296432763447,0.3768463073852295,0.3635062008164202,0.3608899831524011,,
deep_seed_iv_seeds/seed_iv_strict_loso_emotion_shallow_convnet_none_seed20260532,20260532,10,,27555,,0.4335286439449673,0.4475049900199601,0.4115246516124325,0.415677424881741,,
deep_seed_iv_seeds/seed_iv_strict_loso_emotion_shallow_convnet_none_seed20260532,20260532,11,,27555,,0.3005056368871158,0.304191616766467,0.2819154706410597,0.2823263947170346,,
deep_seed_iv_seeds/seed_iv_strict_loso_emotion_shallow_convnet_none_seed20260532,20260532,12,,27555,,0.3659089431942139,0.3836327345309381,0.3443072895047643,0.3543414944314966,,
deep_seed_iv_seeds/seed_iv_strict_loso_emotion_shallow_convnet_none_seed20260532,20260532,13,,27555,,0.2764577087028459,0.2447105788423153,0.1722238550179868,0.1642848549071234,,
deep_seed_iv_seeds/seed_iv_strict_loso_emotion_shallow_convnet_none_seed20260532,20260532,14,,27555,,0.4240535841922955,0.4379241516966068,0.4184992276070278,0.4228141907547448,,
deep_seed_iv_seeds/seed_iv_strict_loso_emotion_shallow_convnet_none_seed20260532,20260532,15,,27555,,0.3703982083224217,0.3676646706586826,0.3637654301394682,0.3636777581476399,,
deep_seed_iv_seeds/seed_iv_strict_loso_emotion_shallow_convnet_none_seed20260533,20260533,1,,27555,,0.3659033261114275,0.3864271457085828,0.339198536491981,0.3518906661502054,,
deep_seed_iv_seeds/seed_iv_strict_loso_emotion_shallow_convnet_none_seed20260533,20260533,2,,27555,,0.4574357184102791,0.4435129740518962,0.3888141537389616,0.3769388327399658,,
deep_seed_iv_seeds/seed_iv_strict_loso_emotion_shallow_convnet_none_seed20260533,20260533,3,,27555,,0.357309831961085,0.3544910179640718,0.303020792963425,0.295132172779198,,
deep_seed_iv_seeds/seed_iv_strict_loso_emotion_shallow_convnet_none_seed20260533,20260533,4,,27555,,0.3655327969925022,0.3652694610778443,0.3345995763546756,0.3330739068034653,,
deep_seed_iv_seeds/seed_iv_strict_loso_emotion_shallow_convnet_none_seed20260533,20260533,5,,27555,,0.3478459804371021,0.3684630738522954,0.2959420964854513,0.309714924712074,,
deep_seed_iv_seeds/seed_iv_strict_loso_emotion_shallow_convnet_none_seed20260533,20260533,6,,27555,,0.340845160836742,0.3273453093812375,0.2951502658324299,0.2871981884192979,,
deep_seed_iv_seeds/seed_iv_strict_loso_emotion_shallow_convnet_none_seed20260533,20260533,7,,27555,,0.5020333812306237,0.4882235528942116,0.4852189537499434,0.478648104881104,,
deep_seed_iv_seeds/seed_iv_strict_loso_emotion_shallow_convnet_none_seed20260533,20260533,8,,27555,,0.4104750251947855,0.4207584830339321,0.4109164405829475,0.4127145953190886,,
deep_seed_iv_seeds/seed_iv_strict_loso_emotion_shallow_convnet_none_seed20260533,20260533,9,,27555,,0.3496248534436364,0.3624750499001996,0.3179461076377124,0.3263060695498618,,
deep_seed_iv_seeds/seed_iv_strict_loso_emotion_shallow_convnet_none_seed20260533,20260533,10,,27555,,0.4029118342873824,0.4155688622754491,0.3622847276007964,0.3757170973556267,,
deep_seed_iv_seeds/seed_iv_strict_loso_emotion_shallow_convnet_none_seed20260533,20260533,11,,27555,,0.2929649146394254,0.2962075848303393,0.2837144929880383,0.2853115919815222,,
deep_seed_iv_seeds/seed_iv_strict_loso_emotion_shallow_convnet_none_seed20260533,20260533,12,,27555,,0.3582058182867759,0.3728542914171657,0.3485740126696005,0.35609051804954,,
deep_seed_iv_seeds/seed_iv_strict_loso_emotion_shallow_convnet_none_seed20260533,20260533,13,,27555,,0.306136682409268,0.2806387225548902,0.2407491929091587,0.2361600308580046,,
deep_seed_iv_seeds/seed_iv_strict_loso_emotion_shallow_convnet_none_seed20260533,20260533,14,,27555,,0.4426253574856092,0.4554890219560878,0.4040616404820457,0.4081597800282135,,
deep_seed_iv_seeds/seed_iv_strict_loso_emotion_shallow_convnet_none_seed20260533,20260533,15,,27555,,0.3628834412341266,0.3596806387225549,0.3475056700403355,0.3460133136786424,,
deep_seed_iv_seeds/seed_iv_strict_loso_emotion_shallow_convnet_none_seed20260534,20260534,1,,27555,,0.3632776420460972,0.3800399201596806,0.3259922295452747,0.3331776720068412,,
deep_seed_iv_seeds/seed_iv_strict_loso_emotion_shallow_convnet_none_seed20260534,20260534,2,,27555,,0.5041362202669625,0.486626746506986,0.4309682534040759,0.4169595507590019,,
deep_seed_iv_seeds/seed_iv_strict_loso_emotion_shallow_convnet_none_seed20260534,20260534,3,,27555,,0.3630586227776243,0.3600798403193613,0.3020146776087488,0.2936438256059727,,
deep_seed_iv_seeds/seed_iv_strict_loso_emotion_shallow_convnet_none_seed20260534,20260534,4,,27555,,0.3876132021106136,0.3788423153692615,0.3406221406349093,0.3335789669396293,,
deep_seed_iv_seeds/seed_iv_strict_loso_emotion_shallow_convnet_none_seed20260534,20260534,5,,27555,,0.3251009964643609,0.3421157684630738,0.2817493926859801,0.2904236750361982,,
deep_seed_iv_seeds/seed_iv_strict_loso_emotion_shallow_convnet_none_seed20260534,20260534,6,,27555,,0.3549357689115331,0.3489021956087824,0.3533188136998866,0.3433310658824697,,
deep_seed_iv_seeds/seed_iv_strict_loso_emotion_shallow_convnet_none_seed20260534,20260534,7,,27555,,0.4901188378903589,0.4710578842315369,0.4514768610282595,0.4455878333628594,,
deep_seed_iv_seeds/seed_iv_strict_loso_emotion_shallow_convnet_none_seed20260534,20260534,8,,27555,,0.369290659876155,0.3872255489021956,0.344528639653222,0.3516506182570164,,
deep_seed_iv_seeds/seed_iv_strict_loso_emotion_shallow_convnet_none_seed20260534,20260534,9,,27555,,0.3601247130506183,0.3632734530938123,0.3221479917629336,0.3195513626140187,,
deep_seed_iv_seeds/seed_iv_strict_loso_emotion_shallow_convnet_none_seed20260534,20260534,10,,27555,,0.413567854586572,0.4259481037924151,0.3986762536051532,0.4077053790005727,,
deep_seed_iv_seeds/seed_iv_strict_loso_emotion_shallow_convnet_none_seed20260534,20260534,11,,27555,,0.3132307593359073,0.3169660678642714,0.3057062879132503,0.3054472267373057,,
deep_seed_iv_seeds/seed_iv_strict_loso_emotion_shallow_convnet_none_seed20260534,20260534,12,,27555,,0.3542617801503747,0.3640718562874251,0.3352876803012174,0.3394624220715266,,
deep_seed_iv_seeds/seed_iv_strict_loso_emotion_shallow_convnet_none_seed20260534,20260534,13,,27555,,0.2823060694999254,0.2530938123752495,0.1838838282947198,0.1765100886064759,,
deep_seed_iv_seeds/seed_iv_strict_loso_emotion_shallow_convnet_none_seed20260534,20260534,14,,27555,,0.4167383373017931,0.4319361277445109,0.3985599617824599,0.402082723752599,,
deep_seed_iv_seeds/seed_iv_strict_loso_emotion_shallow_convnet_none_seed20260534,20260534,15,,27555,,0.3507870601195086,0.3481037924151696,0.3394619814614915,0.3363309573158959,,
deep_seed_iv_seeds/seed_iv_strict_loso_emotion_shallow_convnet_time_shuffle_seed20260530,20260530,1,,27555,,0.298539890168951,0.3105788423153692,0.2832716731976564,0.2930590547529517,,
deep_seed_iv_seeds/seed_iv_strict_loso_emotion_shallow_convnet_time_shuffle_seed20260530,20260530,2,,27555,,0.3319704859215576,0.3121756487025948,0.2713982853354727,0.2641913459299374,,
deep_seed_iv_seeds/seed_iv_strict_loso_emotion_shallow_convnet_time_shuffle_seed20260530,20260530,3,,27555,,0.274983104629068,0.2706586826347305,0.2462145601496502,0.2429792475728699,,
deep_seed_iv_seeds/seed_iv_strict_loso_emotion_shallow_convnet_time_shuffle_seed20260530,20260530,4,,27555,,0.3180915134120355,0.3225548902195608,0.3133610130842153,0.3178464661439953,,
deep_seed_iv_seeds/seed_iv_strict_loso_emotion_shallow_convnet_time_shuffle_seed20260530,20260530,5,,27555,,0.2764019554090329,0.2942115768463074,0.233519606820179,0.2450226941540028,,
deep_seed_iv_seeds/seed_iv_strict_loso_emotion_shallow_convnet_time_shuffle_seed20260530,20260530,6,,27555,,0.2827586130078123,0.2834331337325349,0.26353485813564,0.2625740020283001,,
deep_seed_iv_seeds/seed_iv_strict_loso_emotion_shallow_convnet_time_shuffle_seed20260530,20260530,7,,27555,,0.3554695432705459,0.3588822355289421,0.3559107357064653,0.3555899263487076,,
deep_seed_iv_seeds/seed_iv_strict_loso_emotion_shallow_convnet_time_shuffle_seed20260530,20260530,8,,27555,,0.3091993229257354,0.3245508982035928,0.2860403946593495,0.2948703521579915,,
deep_seed_iv_seeds/seed_iv_strict_loso_emotion_shallow_convnet_time_shuffle_seed20260530,20260530,9,,27555,,0.342693766256374,0.3524950099800399,0.3081283942475829,0.310123662511686,,
deep_seed_iv_seeds/seed_iv_strict_loso_emotion_shallow_convnet_time_shuffle_seed20260530,20260530,10,,27555,,0.35184919075686,0.3536926147704591,0.3475367010144665,0.3510521047644644,,
deep_seed_iv_seeds/seed_iv_strict_loso_emotion_shallow_convnet_time_shuffle_seed20260530,20260530,11,,27555,,0.2904868777703496,0.3081836327345309,0.2109583269925209,0.2194800028921482,,
deep_seed_iv_seeds/seed_iv_strict_loso_emotion_shallow_convnet_time_shuffle_seed20260530,20260530,12,,27555,,0.274005674754867,0.2802395209580838,0.2671524042177722,0.2719457112221092,,
deep_seed_iv_seeds/seed_iv_strict_loso_emotion_shallow_convnet_time_shuffle_seed20260530,20260530,13,,27555,,0.3255418251080971,0.3189620758483034,0.315514339364325,0.3154671133172319,,
deep_seed_iv_seeds/seed_iv_strict_loso_emotion_shallow_convnet_time_shuffle_seed20260530,20260530,14,,27555,,0.3033909716442126,0.2922155688622754,0.2878324996918319,0.2838415701817514,,
deep_seed_iv_seeds/seed_iv_strict_loso_emotion_shallow_convnet_time_shuffle_seed20260530,20260530,15,,27555,,0.3224187739295248,0.3189620758483034,0.3176579075107373,0.3170195319776973,,
deep_seed_iv_seeds/seed_iv_strict_loso_emotion_shallow_convnet_time_shuffle_seed20260531,20260531,1,,27555,,0.2939597541019542,0.304191616766467,0.2846279841717462,0.291757761964774,,
deep_seed_iv_seeds/seed_iv_strict_loso_emotion_shallow_convnet_time_shuffle_seed20260531,20260531,2,,27555,,0.301190462197929,0.2758483033932136,0.2436207637891205,0.235405140130681,,
deep_seed_iv_seeds/seed_iv_strict_loso_emotion_shallow_convnet_time_shuffle_seed20260531,20260531,3,,27555,,0.2753141736463334,0.2638722554890219,0.2537171356730186,0.25085727386279,,
deep_seed_iv_seeds/seed_iv_strict_loso_emotion_shallow_convnet_time_shuffle_seed20260531,20260531,4,,27555,,0.3561980039936601,0.368063872255489,0.3261241252687324,0.3321586972178926,,
deep_seed_iv_seeds/seed_iv_strict_loso_emotion_shallow_convnet_time_shuffle_seed20260531,20260531,5,,27555,,0.2894842113577046,0.3029940119760479,0.2366160136659374,0.2475387254735599,,
deep_seed_iv_seeds/seed_iv_strict_loso_emotion_shallow_convnet_time_shuffle_seed20260531,20260531,6,,27555,,0.2775600065380701,0.2854291417165668,0.2604370849686522,0.2629549026253899,,
deep_seed_iv_seeds/seed_iv_strict_loso_emotion_shallow_convnet_time_shuffle_seed20260531,20260531,7,,27555,,0.3749976192081062,0.3724550898203593,0.3779857523505998,0.3746983569985496,,
deep_seed_iv_seeds/seed_iv_strict_loso_emotion_shallow_convnet_time_shuffle_seed20260531,20260531,8,,27555,,0.2856297576757063,0.2898203592814371,0.2378056205205599,0.2429331845192662,,
deep_seed_iv_seeds/seed_iv_strict_loso_emotion_shallow_convnet_time_shuffle_seed20260531,20260531,9,,27555,,0.3599511640572451,0.3748502994011976,0.3464567517629764,0.3547891559100269,,
deep_seed_iv_seeds/seed_iv_strict_loso_emotion_shallow_convnet_time_shuffle_seed20260531,20260531,10,,27555,,0.334195926254294,0.328942115768463,0.3300276320930307,0.331047804438834,,
deep_seed_iv_seeds/seed_iv_strict_loso_emotion_shallow_convnet_time_shuffle_seed20260531,20260531,11,,27555,,0.2970803944795085,0.3161676646706587,0.2337400956919548,0.2452749334666541,,
deep_seed_iv_seeds/seed_iv_strict_loso_emotion_shallow_convnet_time_shuffle_seed20260531,20260531,12,,27555,,0.2984002048891975,0.3049900199600798,0.2900104648694466,0.2944581318291949,,
deep_seed_iv_seeds/seed_iv_strict_loso_emotion_shallow_convnet_time_shuffle_seed20260531,20260531,13,,27555,,0.3335648783345979,0.3269461077844311,0.3263112990620395,0.32723997038099,,
deep_seed_iv_seeds/seed_iv_strict_loso_emotion_shallow_convnet_time_shuffle_seed20260531,20260531,14,,27555,,0.3078871025792732,0.3197604790419162,0.2906980737473389,0.295823710566537,,
deep_seed_iv_seeds/seed_iv_strict_loso_emotion_shallow_convnet_time_shuffle_seed20260531,20260531,15,,27555,,0.3174795622376406,0.3321357285429142,0.2789564201523866,0.286238391223926,,
deep_seed_iv_seeds/seed_iv_strict_loso_emotion_shallow_convnet_time_shuffle_seed20260532,20260532,1,,27555,,0.2767824873835184,0.2830339321357285,0.2704478635259022,0.2752803971072241,,
deep_seed_iv_seeds/seed_iv_strict_loso_emotion_shallow_convnet_time_shuffle_seed20260532,20260532,2,,27555,,0.3245783951076662,0.3025948103792415,0.2657994503231848,0.2564904943792002,,
deep_seed_iv_seeds/seed_iv_strict_loso_emotion_shallow_convnet_time_shuffle_seed20260532,20260532,3,,27555,,0.2842940341413145,0.2818363273453094,0.2624340523794822,0.261778823512106,,
deep_seed_iv_seeds/seed_iv_strict_loso_emotion_shallow_convnet_time_shuffle_seed20260532,20260532,4,,27555,,0.3114217343133032,0.318562874251497,0.2924325933109185,0.296068997184964,,
deep_seed_iv_seeds/seed_iv_strict_loso_emotion_shallow_convnet_time_shuffle_seed20260532,20260532,5,,27555,,0.2764584929575554,0.2962075848303393,0.1989985158612763,0.2105045544931198,,
deep_seed_iv_seeds/seed_iv_strict_loso_emotion_shallow_convnet_time_shuffle_seed20260532,20260532,6,,27555,,0.3041690426619792,0.2978043912175648,0.276731578465633,0.2734026204655774,,
deep_seed_iv_seeds/seed_iv_strict_loso_emotion_shallow_convnet_time_shuffle_seed20260532,20260532,7,,27555,,0.380389723868809,0.3820359281437125,0.3777188748230702,0.3755623706974631,,
deep_seed_iv_seeds/seed_iv_strict_loso_emotion_shallow_convnet_time_shuffle_seed20260532,20260532,8,,27555,,0.3106625851585342,0.3245508982035928,0.2935895214743383,0.3000998989539036,,
deep_seed_iv_seeds/seed_iv_strict_loso_emotion_shallow_convnet_time_shuffle_seed20260532,20260532,9,,27555,,0.3161792594911581,0.3209580838323353,0.3138632644454471,0.3179557260613954,,
deep_seed_iv_seeds/seed_iv_strict_loso_emotion_shallow_convnet_time_shuffle_seed20260532,20260532,10,,27555,,0.34028173924022,0.3516966067864271,0.3063232233939373,0.3112659503659731,,
deep_seed_iv_seeds/seed_iv_strict_loso_emotion_shallow_convnet_time_shuffle_seed20260532,20260532,11,,27555,,0.3098113158231678,0.3225548902195608,0.249734835549404,0.2559293328339533,,
deep_seed_iv_seeds/seed_iv_strict_loso_emotion_shallow_convnet_time_shuffle_seed20260532,20260532,12,,27555,,0.2898216459086137,0.2922155688622754,0.2900361191190947,0.2934458661655714,,
deep_seed_iv_seeds/seed_iv_strict_loso_emotion_shallow_convnet_time_shuffle_seed20260532,20260532,13,,27555,,0.3001260164074204,0.2854291417165668,0.2767321446985711,0.2755056621454494,,
deep_seed_iv_seeds/seed_iv_strict_loso_emotion_shallow_convnet_time_shuffle_seed20260532,20260532,14,,27555,,0.3033574734564621,0.3065868263473054,0.2985986954502124,0.2996800460061525,,
deep_seed_iv_seeds/seed_iv_strict_loso_emotion_shallow_convnet_time_shuffle_seed20260532,20260532,15,,27555,,0.3112592249140677,0.3169660678642714,0.3054261659191459,0.3084196535954643,,
deep_seed_iv_seeds/seed_iv_strict_loso_emotion_shallow_convnet_time_shuffle_seed20260533,20260533,1,,27555,,0.2947314725246495,0.3065868263473054,0.2663629070800921,0.27558075250614,,
deep_seed_iv_seeds/seed_iv_strict_loso_emotion_shallow_convnet_time_shuffle_seed20260533,20260533,2,,27555,,0.3026178908929029,0.2826347305389221,0.2633696063710602,0.257167100347404,,
deep_seed_iv_seeds/seed_iv_strict_loso_emotion_shallow_convnet_time_shuffle_seed20260533,20260533,3,,27555,,0.2883959303523018,0.2914171656686626,0.2744370271103363,0.2757499138370118,,
deep_seed_iv_seeds/seed_iv_strict_loso_emotion_shallow_convnet_time_shuffle_seed20260533,20260533,4,,27555,,0.3280528103876114,0.336127744510978,0.3046342031204244,0.3079834469936464,,
deep_seed_iv_seeds/seed_iv_strict_loso_emotion_shallow_convnet_time_shuffle_seed20260533,20260533,5,,27555,,0.2863301302169599,0.300998003992016,0.2563524965389943,0.2657087230959772,,
deep_seed_iv_seeds/seed_iv_strict_loso_emotion_shallow_convnet_time_shuffle_seed20260533,20260533,6,,27555,,0.2837377825201062,0.2906187624750499,0.2777220613633746,0.2797014482113043,,
deep_seed_iv_seeds/seed_iv_strict_loso_emotion_shallow_convnet_time_shuffle_seed20260533,20260533,7,,27555,,0.3856342844684641,0.3876247504990019,0.3754401375395186,0.373195888218042,,
deep_seed_iv_seeds/seed_iv_strict_loso_emotion_shallow_convnet_time_shuffle_seed20260533,20260533,8,,27555,,0.3095829467062408,0.3213572854291417,0.2899337076150484,0.2977194383809461,,
deep_seed_iv_seeds/seed_iv_strict_loso_emotion_shallow_convnet_time_shuffle_seed20260533,20260533,9,,27555,,0.3317961154060058,0.3493013972055888,0.2938941743574477,0.3034748634448018,,
deep_seed_iv_seeds/seed_iv_strict_loso_emotion_shallow_convnet_time_shuffle_seed20260533,20260533,10,,27555,,0.3402725223070958,0.3560878243512974,0.3180818036793652,0.3275287663577986,,
deep_seed_iv_seeds/seed_iv_strict_loso_emotion_shallow_convnet_time_shuffle_seed20260533,20260533,11,,27555,,0.3383870600375063,0.3437125748502994,0.3296338342751591,0.3334459448834178,,
deep_seed_iv_seeds/seed_iv_strict_loso_emotion_shallow_convnet_time_shuffle_seed20260533,20260533,12,,27555,,0.3009449786205629,0.3001996007984032,0.2966478302591513,0.2971215967640261,,
deep_seed_iv_seeds/seed_iv_strict_loso_emotion_shallow_convnet_time_shuffle_seed20260533,20260533,13,,27555,,0.3341176505651201,0.3269461077844311,0.3241090072181429,0.3252097279463811,,
deep_seed_iv_seeds/seed_iv_strict_loso_emotion_shallow_convnet_time_shuffle_seed20260533,20260533,14,,27555,,0.2867984837541692,0.3029940119760479,0.248563885714272,0.2569014818734643,,
deep_seed_iv_seeds/seed_iv_strict_loso_emotion_shallow_convnet_time_shuffle_seed20260533,20260533,15,,27555,,0.3414486030155566,0.3353293413173652,0.3307093852773248,0.3285489148460279,,
deep_seed_iv_seeds/seed_iv_strict_loso_emotion_shallow_convnet_time_shuffle_seed20260534,20260534,1,,27555,,0.2866569675195733,0.3037924151696606,0.2551421358109612,0.2663485753964185,,
deep_seed_iv_seeds/seed_iv_strict_loso_emotion_shallow_convnet_time_shuffle_seed20260534,20260534,2,,27555,,0.2971261431504688,0.2770459081836327,0.233348189801736,0.2289293033579889,,
deep_seed_iv_seeds/seed_iv_strict_loso_emotion_shallow_convnet_time_shuffle_seed20260534,20260534,3,,27555,,0.2766469038054294,0.2702594810379241,0.2562370501248026,0.2532777944379533,,
deep_seed_iv_seeds/seed_iv_strict_loso_emotion_shallow_convnet_time_shuffle_seed20260534,20260534,4,,27555,,0.3099517759586217,0.3117764471057884,0.2996501704900734,0.3032687732209839,,
deep_seed_iv_seeds/seed_iv_strict_loso_emotion_shallow_convnet_time_shuffle_seed20260534,20260534,5,,27555,,0.2811522003574143,0.2942115768463074,0.2343659674274048,0.2448833077252576,,
deep_seed_iv_seeds/seed_iv_strict_loso_emotion_shallow_convnet_time_shuffle_seed20260534,20260534,6,,27555,,0.2708664843128279,0.269061876247505,0.248521385282402,0.2473649422000278,,
deep_seed_iv_seeds/seed_iv_strict_loso_emotion_shallow_convnet_time_shuffle_seed20260534,20260534,7,,27555,,0.3795571571227363,0.3700598802395209,0.3519043229598693,0.3470999417120157,,
deep_seed_iv_seeds/seed_iv_strict_loso_emotion_shallow_convnet_time_shuffle_seed20260534,20260534,8,,27555,,0.304387251918077,0.3229540918163672,0.2567979593405914,0.2671841848005681,,
deep_seed_iv_seeds/seed_iv_strict_loso_emotion_shallow_convnet_time_shuffle_seed20260534,20260534,9,,27555,,0.3166283234341188,0.3337325349301397,0.2601470372928215,0.269117981517773,,
deep_seed_iv_seeds/seed_iv_strict_loso_emotion_shallow_convnet_time_shuffle_seed20260534,20260534,10,,27555,,0.3210279971930807,0.3197604790419162,0.3115751365770849,0.3119030710337294,,
deep_seed_iv_seeds/seed_iv_strict_loso_emotion_shallow_convnet_time_shuffle_seed20260534,20260534,11,,27555,,0.3454369532929107,0.3321357285429142,0.3115261418590834,0.3063264032423237,,
deep_seed_iv_seeds/seed_iv_strict_loso_emotion_shallow_convnet_time_shuffle_seed20260534,20260534,12,,27555,,0.2866782792598416,0.2982035928143712,0.2706304155934836,0.2775589602010451,,
deep_seed_iv_seeds/seed_iv_strict_loso_emotion_shallow_convnet_time_shuffle_seed20260534,20260534,13,,27555,,0.3169515016198675,0.3109780439121756,0.30905354047235,0.3103103191028863,,
deep_seed_iv_seeds/seed_iv_strict_loso_emotion_shallow_convnet_time_shuffle_seed20260534,20260534,14,,27555,,0.327071204834376,0.3201596806387226,0.3204789081512197,0.3169289898964199,,
deep_seed_iv_seeds/seed_iv_strict_loso_emotion_shallow_convnet_time_shuffle_seed20260534,20260534,15,,27555,,0.322401386619039,0.328942115768463,0.3171447860325186,0.3215083867113796,,
deep_signal_transforms/dreamer_strict_loso_valence_eegnet_phase_random_bs128_seed20260530,20260530,1,2.0,63376,,0.5748938167481424,0.5971030042918455,0.5170243046630658,0.5287354188380257,,5.0
deep_signal_transforms/dreamer_strict_loso_valence_eegnet_phase_random_bs128_seed20260530,20260530,2,2.0,63376,,0.5300814181728282,0.6537017167381974,0.5166735808729654,0.6104187740744692,,5.0
deep_signal_transforms/dreamer_strict_loso_valence_eegnet_phase_random_bs128_seed20260530,20260530,3,2.0,63376,,0.6201316008110651,0.6201716738197425,0.6200665892239462,0.6202191313791343,,5.0
deep_signal_transforms/dreamer_strict_loso_valence_eegnet_phase_random_bs128_seed20260530,20260530,4,2.0,63376,,0.4575471698113207,0.7025214592274678,0.4126358909721128,0.6335643347436625,,5.0
deep_signal_transforms/dreamer_strict_loso_valence_eegnet_phase_random_bs128_seed20260530,20260530,5,2.0,63376,,0.5112598394128903,0.5547210300429185,0.5105438457956225,0.5484100037218762,,5.0
deep_signal_transforms/dreamer_strict_loso_valence_eegnet_phase_random_bs128_seed20260530,20260530,6,2.0,63376,,0.5224264351909316,0.5311158798283262,0.5209909866203281,0.527043505807397,,5.0
deep_signal_transforms/dreamer_strict_loso_valence_eegnet_phase_random_bs128_seed20260530,20260530,7,2.0,63376,,0.6425080685868119,0.6105150214592274,0.6068076130207585,0.618687706359499,,5.0
deep_signal_transforms/dreamer_strict_loso_valence_eegnet_phase_random_bs128_seed20260530,20260530,8,2.0,63376,,0.5817853033042907,0.6435085836909872,0.5837039545297765,0.6344934485095732,,5.0
deep_signal_transforms/dreamer_strict_loso_valence_eegnet_phase_random_bs128_seed20260530,20260530,9,2.0,63376,,0.5874280469171009,0.6067596566523605,0.5838889096998441,0.5952457794680274,,5.0
deep_signal_transforms/dreamer_strict_loso_valence_eegnet_phase_random_bs128_seed20260530,20260530,10,2.0,63376,,0.4966600222624319,0.3849248927038626,0.3096532132166182,0.253398180618515,,5.0
deep_signal_transforms/dreamer_strict_loso_valence_eegnet_phase_random_bs128_seed20260530,20260530,11,2.0,63376,,0.5715563708801638,0.6655042918454935,0.560381307948108,0.6230053126176421,,5.0
deep_signal_transforms/dreamer_strict_loso_valence_eegnet_phase_random_bs128_seed20260530,20260530,12,2.0,63376,,0.5160032999166382,0.5069742489270386,0.4135434925503944,0.408394754631789,,5.0
deep_signal_transforms/dreamer_strict_loso_valence_eegnet_phase_random_bs128_seed20260530,20260530,13,2.0,63376,,0.587533924815937,0.5445278969957081,0.5110123991457048,0.4946667260139408,,5.0
deep_signal_transforms/dreamer_strict_loso_valence_eegnet_phase_random_bs128_seed20260530,20260530,14,2.0,63376,,0.5581120716990282,0.5748390557939914,0.5547961796833601,0.5653370601663217,,5.0
deep_signal_transforms/dreamer_strict_loso_valence_eegnet_phase_random_bs128_seed20260530,20260530,15,2.0,63376,,0.5104687683232125,0.6571888412017167,0.4311512027245231,0.5427272285260314,,5.0
deep_signal_transforms/dreamer_strict_loso_valence_eegnet_phase_random_bs128_seed20260530,20260530,16,2.0,63376,,0.5832253166432116,0.6274141630901288,0.5844275412722064,0.6191323368683272,,5.0
deep_signal_transforms/dreamer_strict_loso_valence_eegnet_phase_random_bs128_seed20260530,20260530,17,2.0,63376,,0.5385023968304374,0.6537017167381974,0.5033889384002262,0.5837121003009655,,5.0
deep_signal_transforms/dreamer_strict_loso_valence_eegnet_phase_random_bs128_seed20260530,20260530,18,2.0,63376,,0.6253240500703652,0.5901287553648069,0.5898336288405862,0.592690453595042,,5.0
deep_signal_transforms/dreamer_strict_loso_valence_eegnet_phase_random_bs128_seed20260530,20260530,19,2.0,63376,,0.5119947839357917,0.503755364806867,0.4932805747953373,0.4897238363959,,5.0
deep_signal_transforms/dreamer_strict_loso_valence_eegnet_phase_random_bs128_seed20260530,20260530,20,2.0,63376,,0.6459156349113656,0.6158798283261803,0.6091831236676272,0.6265561320646112,,5.0
deep_signal_transforms/dreamer_strict_loso_valence_eegnet_phase_random_bs128_seed20260530,20260530,21,2.0,63376,,0.5797925079665689,0.6448497854077253,0.575589503925555,0.6189116720239642,,5.0
deep_signal_transforms/dreamer_strict_loso_valence_eegnet_phase_random_bs128_seed20260530,20260530,22,2.0,63376,,0.5014112014696537,0.5887875536480687,0.4760964869460569,0.5401003200873962,,5.0
deep_signal_transforms/dreamer_strict_loso_valence_eegnet_phase_random_bs128_seed20260530,20260530,23,2.0,63376,,0.5089953575713317,0.5158261802575107,0.5081743509734384,0.5132426594024584,,5.0
deep_signal_transforms/dreamer_strict_loso_valence_eegnet_time_reverse_bs128_seed20260530,20260530,1,2.0,63376,,0.5794054315567526,0.6030042918454935,0.5125397261251863,0.5250447906269972,,5.0
deep_signal_transforms/dreamer_strict_loso_valence_eegnet_time_reverse_bs128_seed20260530,20260530,2,2.0,63376,,0.543176022207068,0.6408261802575107,0.5412299538223929,0.6190950519794972,,5.0
deep_signal_transforms/dreamer_strict_loso_valence_eegnet_time_reverse_bs128_seed20260530,20260530,3,2.0,63376,,0.6173439605399152,0.6174892703862661,0.6173217486448938,0.6175150429618618,,5.0
deep_signal_transforms/dreamer_strict_loso_valence_eegnet_time_reverse_bs128_seed20260530,20260530,4,2.0,63376,,0.4804332634521314,0.7376609442060086,0.4245137388082741,0.6518016740715025,,5.0
deep_signal_transforms/dreamer_strict_loso_valence_eegnet_time_reverse_bs128_seed20260530,20260530,5,2.0,63376,,0.5548047899938843,0.6545064377682404,0.5195168655177493,0.5850988439390405,,5.0
deep_signal_transforms/dreamer_strict_loso_valence_eegnet_time_reverse_bs128_seed20260530,20260530,6,2.0,63376,,0.5283476961660575,0.5343347639484979,0.528115029019745,0.5328234264891748,,5.0
deep_signal_transforms/dreamer_strict_loso_valence_eegnet_time_reverse_bs128_seed20260530,20260530,7,2.0,63376,,0.6521011466825744,0.6378755364806867,0.6287013666516459,0.6468618393507709,,5.0
deep_signal_transforms/dreamer_strict_loso_valence_eegnet_time_reverse_bs128_seed20260530,20260530,8,2.0,63376,,0.5572420064113102,0.6113197424892703,0.5579829700762436,0.607407006289087,,5.0
deep_signal_transforms/dreamer_strict_loso_valence_eegnet_time_reverse_bs128_seed20260530,20260530,9,2.0,63376,,0.5807686393824836,0.595225321888412,0.5797674403490792,0.5891502663463805,,5.0
deep_signal_transforms/dreamer_strict_loso_valence_eegnet_time_reverse_bs128_seed20260530,20260530,10,2.0,63376,,0.4959030260235079,0.3862660944206008,0.3153254972875225,0.2609377061521626,,5.0
deep_signal_transforms/dreamer_strict_loso_valence_eegnet_time_reverse_bs128_seed20260530,20260530,11,2.0,63376,,0.5593474684453966,0.6574570815450643,0.5434393555709746,0.6099037948666598,,5.0
deep_signal_transforms/dreamer_strict_loso_valence_eegnet_time_reverse_bs128_seed20260530,20260530,12,2.0,63376,,0.5182029563912849,0.509656652360515,0.4283449882511315,0.4236027717099014,,5.0
deep_signal_transforms/dreamer_strict_loso_valence_eegnet_time_reverse_bs128_seed20260530,20260530,13,2.0,63376,,0.5939897339030479,0.5598175965665236,0.5430075345346845,0.5318165002309707,,5.0
deep_signal_transforms/dreamer_strict_loso_valence_eegnet_time_reverse_bs128_seed20260530,20260530,14,2.0,63376,,0.5505264581351538,0.5627682403433476,0.5495762341245309,0.558177918430217,,5.0
deep_signal_transforms/dreamer_strict_loso_valence_eegnet_time_reverse_bs128_seed20260530,20260530,15,2.0,63376,,0.5153660053739593,0.6609442060085837,0.4398929278665687,0.54938032438439,,5.0
deep_signal_transforms/dreamer_strict_loso_valence_eegnet_time_reverse_bs128_seed20260530,20260530,16,2.0,63376,,0.5769702244278201,0.6161480686695279,0.5779904081393883,0.6109401096498032,,5.0
deep_signal_transforms/dreamer_strict_loso_valence_eegnet_time_reverse_bs128_seed20260530,20260530,17,2.0,63376,,0.5071772595986632,0.6370708154506438,0.4423317329618481,0.5392150894791973,,5.0
deep_signal_transforms/dreamer_strict_loso_valence_eegnet_time_reverse_bs128_seed20260530,20260530,18,2.0,63376,,0.6418203589857541,0.6282188841201717,0.6233000410891751,0.6344771304178245,,5.0
deep_signal_transforms/dreamer_strict_loso_valence_eegnet_time_reverse_bs128_seed20260530,20260530,19,2.0,63376,,0.5115856921743169,0.5064377682403434,0.5032207453311071,0.5012690847661703,,5.0
deep_signal_transforms/dreamer_strict_loso_valence_eegnet_time_reverse_bs128_seed20260530,20260530,20,2.0,63376,,0.6428959267774457,0.6223175965665236,0.6126821839046535,0.6334278172888841,,5.0
deep_signal_transforms/dreamer_strict_loso_valence_eegnet_time_reverse_bs128_seed20260530,20260530,21,2.0,63376,,0.5726881578279898,0.6582618025751072,0.5540728472468683,0.608537883828001,,5.0
deep_signal_transforms/dreamer_strict_loso_valence_eegnet_time_reverse_bs128_seed20260530,20260530,22,2.0,63376,,0.5005000904616327,0.5887875536480687,0.4740889837702609,0.5387839841263823,,5.0
deep_signal_transforms/dreamer_strict_loso_valence_eegnet_time_reverse_bs128_seed20260530,20260530,23,2.0,63376,,0.5158407664354145,0.5281652360515021,0.5101464066096955,0.5179083639077044,,5.0
deep_signal_transforms/seed_iv_strict_loso_emotion_shallow_convnet_phase_random_bs128_seed20260530,20260530,1,4.0,27555,,0.3611105212403214,0.3820359281437125,0.3232437098514704,0.3349834844797629,,5.0
deep_signal_transforms/seed_iv_strict_loso_emotion_shallow_convnet_phase_random_bs128_seed20260530,20260530,2,4.0,27555,,0.4642740551456823,0.4510978043912175,0.4103023420817641,0.399980571028005,,5.0
deep_signal_transforms/seed_iv_strict_loso_emotion_shallow_convnet_phase_random_bs128_seed20260530,20260530,3,4.0,27555,,0.3468342408941802,0.3497005988023952,0.3084867575280049,0.3040377128827364,,5.0
deep_signal_transforms/seed_iv_strict_loso_emotion_shallow_convnet_phase_random_bs128_seed20260530,20260530,4,4.0,27555,,0.4122662989292824,0.4019960079840319,0.373513274993722,0.3669520771799045,,5.0
deep_signal_transforms/seed_iv_strict_loso_emotion_shallow_convnet_phase_random_bs128_seed20260530,20260530,5,4.0,27555,,0.3510985114135611,0.3716566866267465,0.3019900817172052,0.3132699179862946,,5.0
deep_signal_transforms/seed_iv_strict_loso_emotion_shallow_convnet_phase_random_bs128_seed20260530,20260530,6,4.0,27555,,0.3201985835855447,0.3137724550898204,0.2944858574821007,0.2830315383864666,,5.0
deep_signal_transforms/seed_iv_strict_loso_emotion_shallow_convnet_phase_random_bs128_seed20260530,20260530,7,4.0,27555,,0.4992210701179112,0.486626746506986,0.4522021844608376,0.4411724527966617,,5.0
deep_signal_transforms/seed_iv_strict_loso_emotion_shallow_convnet_phase_random_bs128_seed20260530,20260530,8,4.0,27555,,0.4246213051584129,0.4323353293413173,0.4277863764548307,0.427292234555599,,5.0
deep_signal_transforms/seed_iv_strict_loso_emotion_shallow_convnet_phase_random_bs128_seed20260530,20260530,9,4.0,27555,,0.3687643832729402,0.3768463073852295,0.3189806312784749,0.3204634542369853,,5.0
deep_signal_transforms/seed_iv_strict_loso_emotion_shallow_convnet_phase_random_bs128_seed20260530,20260530,10,4.0,27555,,0.4392535882259838,0.4447105788423153,0.4383445735463672,0.4418094269476706,,5.0
deep_signal_transforms/seed_iv_strict_loso_emotion_shallow_convnet_phase_random_bs128_seed20260530,20260530,11,4.0,27555,,0.3390574397733409,0.328942115768463,0.3065817510264565,0.2994788008846142,,5.0
deep_signal_transforms/seed_iv_strict_loso_emotion_shallow_convnet_phase_random_bs128_seed20260530,20260530,12,4.0,27555,,0.364297490788191,0.3708582834331337,0.3491638215232182,0.3517553099035744,,5.0
deep_signal_transforms/seed_iv_strict_loso_emotion_shallow_convnet_phase_random_bs128_seed20260530,20260530,13,4.0,27555,,0.3494946749578663,0.328942115768463,0.279573684958235,0.2779626204835932,,5.0
deep_signal_transforms/seed_iv_strict_loso_emotion_shallow_convnet_phase_random_bs128_seed20260530,20260530,14,4.0,27555,,0.4455794671765608,0.4447105788423153,0.4198326912115667,0.4178162756212719,,5.0
deep_signal_transforms/seed_iv_strict_loso_emotion_shallow_convnet_phase_random_bs128_seed20260530,20260530,15,4.0,27555,,0.3852916488155937,0.3836327345309381,0.3816199780284582,0.3812401269788268,,5.0
deep_signal_transforms/seed_iv_strict_loso_emotion_shallow_convnet_phase_random_bs128_seed20260531,20260531,1,4.0,27555,,0.388049044266414,0.4039920159680639,0.3766998524188313,0.3848589209515218,,5.0
deep_signal_transforms/seed_iv_strict_loso_emotion_shallow_convnet_phase_random_bs128_seed20260531,20260531,2,4.0,27555,,0.3993498296669462,0.3836327345309381,0.3506557812337775,0.3402283526013398,,5.0
deep_signal_transforms/seed_iv_strict_loso_emotion_shallow_convnet_phase_random_bs128_seed20260531,20260531,3,4.0,27555,,0.3619877245474863,0.3640718562874251,0.3139194621994511,0.306998953815181,,5.0
deep_signal_transforms/seed_iv_strict_loso_emotion_shallow_convnet_phase_random_bs128_seed20260531,20260531,4,4.0,27555,,0.3667196478452249,0.3604790419161676,0.3179728662852955,0.3118823742328011,,5.0
deep_signal_transforms/seed_iv_strict_loso_emotion_shallow_convnet_phase_random_bs128_seed20260531,20260531,5,4.0,27555,,0.3572532957218525,0.3744510978043912,0.3256363956843905,0.3356870297084866,,5.0
deep_signal_transforms/seed_iv_strict_loso_emotion_shallow_convnet_phase_random_bs128_seed20260531,20260531,6,4.0,27555,,0.3529089946914243,0.3445109780439122,0.316019188579185,0.3079304034515576,,5.0
deep_signal_transforms/seed_iv_strict_loso_emotion_shallow_convnet_phase_random_bs128_seed20260531,20260531,7,4.0,27555,,0.4935517892676185,0.4790419161676646,0.4695140864344714,0.4600951309220757,,5.0
deep_signal_transforms/seed_iv_strict_loso_emotion_shallow_convnet_phase_random_bs128_seed20260531,20260531,8,4.0,27555,,0.39486613253062,0.4027944111776447,0.3928965453881424,0.3939368508521289,,5.0
deep_signal_transforms/seed_iv_strict_loso_emotion_shallow_convnet_phase_random_bs128_seed20260531,20260531,9,4.0,27555,,0.3671677674068202,0.3704590818363273,0.3501802410520453,0.3540451338111374,,5.0
deep_signal_transforms/seed_iv_strict_loso_emotion_shallow_convnet_phase_random_bs128_seed20260531,20260531,10,4.0,27555,,0.4482420012068754,0.449500998003992,0.4419491532316137,0.4434820766520883,,5.0
deep_signal_transforms/seed_iv_strict_loso_emotion_shallow_convnet_phase_random_bs128_seed20260531,20260531,11,4.0,27555,,0.3225781117705555,0.3233532934131736,0.2971818764661844,0.2960843447044746,,5.0
deep_signal_transforms/seed_iv_strict_loso_emotion_shallow_convnet_phase_random_bs128_seed20260531,20260531,12,4.0,27555,,0.3589172392038682,0.3720558882235529,0.3521993916327583,0.3595968069231682,,5.0
deep_signal_transforms/seed_iv_strict_loso_emotion_shallow_convnet_phase_random_bs128_seed20260531,20260531,13,4.0,27555,,0.2983484266692977,0.2730538922155688,0.2084099273664665,0.2036592729188045,,5.0
deep_signal_transforms/seed_iv_strict_loso_emotion_shallow_convnet_phase_random_bs128_seed20260531,20260531,14,4.0,27555,,0.3695037015889355,0.3860279441117764,0.3240428465076219,0.3286116914756702,,5.0
deep_signal_transforms/seed_iv_strict_loso_emotion_shallow_convnet_phase_random_bs128_seed20260531,20260531,15,4.0,27555,,0.3877577151206765,0.3900199600798403,0.3821216556524224,0.3826167860663798,,5.0
deep_signal_transforms/seed_iv_strict_loso_emotion_shallow_convnet_phase_random_bs128_seed20260532,20260532,1,4.0,27555,,0.3509554630110538,0.3652694610778443,0.321090864760263,0.3276854907015304,,5.0
deep_signal_transforms/seed_iv_strict_loso_emotion_shallow_convnet_phase_random_bs128_seed20260532,20260532,2,4.0,27555,,0.4181573399295196,0.4047904191616766,0.3604139964940952,0.3503066658563262,,5.0
deep_signal_transforms/seed_iv_strict_loso_emotion_shallow_convnet_phase_random_bs128_seed20260532,20260532,3,4.0,27555,,0.3286163077138611,0.3261477045908184,0.2502381467970623,0.244257789881044,,5.0
deep_signal_transforms/seed_iv_strict_loso_emotion_shallow_convnet_phase_random_bs128_seed20260532,20260532,4,4.0,27555,,0.4349388105533291,0.4291417165668663,0.4224139310415704,0.4190814812733871,,5.0
deep_signal_transforms/seed_iv_strict_loso_emotion_shallow_convnet_phase_random_bs128_seed20260532,20260532,5,4.0,27555,,0.3236639192485029,0.3441117764471058,0.2632476815260073,0.2744009806895404,,5.0
deep_signal_transforms/seed_iv_strict_loso_emotion_shallow_convnet_phase_random_bs128_seed20260532,20260532,6,4.0,27555,,0.3087168383667186,0.3021956087824351,0.2868636436153405,0.2753980660593121,,5.0
deep_signal_transforms/seed_iv_strict_loso_emotion_shallow_convnet_phase_random_bs128_seed20260532,20260532,7,4.0,27555,,0.482031406086619,0.4722554890219561,0.4586933868247251,0.4498561888904365,,5.0
deep_signal_transforms/seed_iv_strict_loso_emotion_shallow_convnet_phase_random_bs128_seed20260532,20260532,8,4.0,27555,,0.3198608003204476,0.3121756487025948,0.2501181234890826,0.2425767712756139,,5.0
deep_signal_transforms/seed_iv_strict_loso_emotion_shallow_convnet_phase_random_bs128_seed20260532,20260532,9,4.0,27555,,0.3501499498638636,0.3528942115768463,0.3254460796826364,0.325902564136227,,5.0
deep_signal_transforms/seed_iv_strict_loso_emotion_shallow_convnet_phase_random_bs128_seed20260532,20260532,10,4.0,27555,,0.4414828145721639,0.4479041916167665,0.4293928402226716,0.4318187144357091,,5.0
deep_signal_transforms/seed_iv_strict_loso_emotion_shallow_convnet_phase_random_bs128_seed20260532,20260532,11,4.0,27555,,0.3123161200245913,0.3189620758483034,0.2766394844281826,0.2754449850925007,,5.0
deep_signal_transforms/seed_iv_strict_loso_emotion_shallow_convnet_phase_random_bs128_seed20260532,20260532,12,4.0,27555,,0.3579164772554765,0.3688622754491018,0.3553792117676433,0.3619500473097296,,5.0
deep_signal_transforms/seed_iv_strict_loso_emotion_shallow_convnet_phase_random_bs128_seed20260532,20260532,13,4.0,27555,,0.2808259330837913,0.2526946107784431,0.1879571384231529,0.18077091930716,,5.0
deep_signal_transforms/seed_iv_strict_loso_emotion_shallow_convnet_phase_random_bs128_seed20260532,20260532,14,4.0,27555,,0.4287676064649597,0.4391217564870259,0.4190536179130342,0.4202113990368484,,5.0
deep_signal_transforms/seed_iv_strict_loso_emotion_shallow_convnet_phase_random_bs128_seed20260532,20260532,15,4.0,27555,,0.3861534194526976,0.3864271457085828,0.3844554444688055,0.3847508085268606,,5.0
deep_signal_transforms/seed_iv_strict_loso_emotion_shallow_convnet_phase_random_bs128_seed20260533,20260533,1,4.0,27555,,0.3760921372575214,0.3956087824351297,0.3495105983359788,0.3630231585892948,,5.0
deep_signal_transforms/seed_iv_strict_loso_emotion_shallow_convnet_phase_random_bs128_seed20260533,20260533,2,4.0,27555,,0.4542194364894892,0.4419161676646707,0.3954830338714995,0.3828454529706213,,5.0
deep_signal_transforms/seed_iv_strict_loso_emotion_shallow_convnet_phase_random_bs128_seed20260533,20260533,3,4.0,27555,,0.3467343514170281,0.3401197604790419,0.2947502867370544,0.2874225561516865,,5.0
deep_signal_transforms/seed_iv_strict_loso_emotion_shallow_convnet_phase_random_bs128_seed20260533,20260533,4,4.0,27555,,0.3359676369172313,0.3333333333333333,0.284904286017854,0.2836295705901605,,5.0
deep_signal_transforms/seed_iv_strict_loso_emotion_shallow_convnet_phase_random_bs128_seed20260533,20260533,5,4.0,27555,,0.3421929201059042,0.3580838323353293,0.3038447310266476,0.3112436993434982,,5.0
deep_signal_transforms/seed_iv_strict_loso_emotion_shallow_convnet_phase_random_bs128_seed20260533,20260533,6,4.0,27555,,0.3288152751822167,0.3265469061876248,0.301107896727666,0.291490702707075,,5.0
deep_signal_transforms/seed_iv_strict_loso_emotion_shallow_convnet_phase_random_bs128_seed20260533,20260533,7,4.0,27555,,0.4940744086606533,0.4766467065868263,0.4683125604167968,0.4581375958623908,,5.0
deep_signal_transforms/seed_iv_strict_loso_emotion_shallow_convnet_phase_random_bs128_seed20260533,20260533,8,4.0,27555,,0.4004939127085868,0.4015968063872255,0.4046905905496934,0.4020944379287049,,5.0
deep_signal_transforms/seed_iv_strict_loso_emotion_shallow_convnet_phase_random_bs128_seed20260533,20260533,9,4.0,27555,,0.3541158362556839,0.3616766467065868,0.3192371613683567,0.323207558328461,,5.0
deep_signal_transforms/seed_iv_strict_loso_emotion_shallow_convnet_phase_random_bs128_seed20260533,20260533,10,4.0,27555,,0.4188644275549575,0.4311377245508982,0.4019801784587085,0.410530256629122,,5.0
deep_signal_transforms/seed_iv_strict_loso_emotion_shallow_convnet_phase_random_bs128_seed20260533,20260533,11,4.0,27555,,0.3393952432104639,0.3441117764471058,0.3312633256562984,0.3329609403810298,,5.0
deep_signal_transforms/seed_iv_strict_loso_emotion_shallow_convnet_phase_random_bs128_seed20260533,20260533,12,4.0,27555,,0.3657091368692785,0.3812375249500998,0.3501747133877849,0.3583445302735887,,5.0
deep_signal_transforms/seed_iv_strict_loso_emotion_shallow_convnet_phase_random_bs128_seed20260533,20260533,13,4.0,27555,,0.3207792271735416,0.2942115768463074,0.2576471889372161,0.2514730498900867,,5.0
deep_signal_transforms/seed_iv_strict_loso_emotion_shallow_convnet_phase_random_bs128_seed20260533,20260533,14,4.0,27555,,0.4541287762816607,0.4662674650698603,0.4422392801257155,0.4458138382775652,,5.0
deep_signal_transforms/seed_iv_strict_loso_emotion_shallow_convnet_phase_random_bs128_seed20260533,20260533,15,4.0,27555,,0.3647054404287895,0.3600798403193613,0.3453167777508331,0.341503918340269,,5.0
deep_signal_transforms/seed_iv_strict_loso_emotion_shallow_convnet_phase_random_bs128_seed20260534,20260534,1,4.0,27555,,0.4018037283474563,0.4163672654690619,0.3956923754996599,0.4034885760827655,,5.0
deep_signal_transforms/seed_iv_strict_loso_emotion_shallow_convnet_phase_random_bs128_seed20260534,20260534,2,4.0,27555,,0.4367769848003763,0.4167664670658683,0.3631937779212139,0.3490043955838834,,5.0
deep_signal_transforms/seed_iv_strict_loso_emotion_shallow_convnet_phase_random_bs128_seed20260534,20260534,3,4.0,27555,,0.3675873087536856,0.368063872255489,0.3378023972857901,0.3331274217765366,,5.0
deep_signal_transforms/seed_iv_strict_loso_emotion_shallow_convnet_phase_random_bs128_seed20260534,20260534,4,4.0,27555,,0.3691012715313393,0.360878243512974,0.3214106311065254,0.3163355532266559,,5.0
deep_signal_transforms/seed_iv_strict_loso_emotion_shallow_convnet_phase_random_bs128_seed20260534,20260534,5,4.0,27555,,0.3305589132552935,0.3457085828343313,0.2860302952812103,0.292364989488561,,5.0
deep_signal_transforms/seed_iv_strict_loso_emotion_shallow_convnet_phase_random_bs128_seed20260534,20260534,6,4.0,27555,,0.3271864564292817,0.3281437125748503,0.2797501597315937,0.2716105701746779,,5.0
deep_signal_transforms/seed_iv_strict_loso_emotion_shallow_convnet_phase_random_bs128_seed20260534,20260534,7,4.0,27555,,0.5094282806058215,0.491816367265469,0.4588310545349595,0.4490872567690421,,5.0
deep_signal_transforms/seed_iv_strict_loso_emotion_shallow_convnet_phase_random_bs128_seed20260534,20260534,8,4.0,27555,,0.3552751152995408,0.3684630738522954,0.3359736656236617,0.3406582455070177,,5.0
deep_signal_transforms/seed_iv_strict_loso_emotion_shallow_convnet_phase_random_bs128_seed20260534,20260534,9,4.0,27555,,0.3618915235491455,0.3672654690618762,0.3206658111924263,0.3183251395132683,,5.0
deep_signal_transforms/seed_iv_strict_loso_emotion_shallow_convnet_phase_random_bs128_seed20260534,20260534,10,4.0,27555,,0.4269459132110283,0.4267465069860279,0.4154715081914849,0.4156200131166829,,5.0
deep_signal_transforms/seed_iv_strict_loso_emotion_shallow_convnet_phase_random_bs128_seed20260534,20260534,11,4.0,27555,,0.3268856536449635,0.3145708582834331,0.30212724202839,0.2962674740838524,,5.0
deep_signal_transforms/seed_iv_strict_loso_emotion_shallow_convnet_phase_random_bs128_seed20260534,20260534,12,4.0,27555,,0.3770028095746868,0.3820359281437125,0.3668100556366516,0.3685986352767765,,5.0
deep_signal_transforms/seed_iv_strict_loso_emotion_shallow_convnet_phase_random_bs128_seed20260534,20260534,13,4.0,27555,,0.2969004087032241,0.267065868263473,0.2083848508293354,0.2014570417776643,,5.0
deep_signal_transforms/seed_iv_strict_loso_emotion_shallow_convnet_phase_random_bs128_seed20260534,20260534,14,4.0,27555,,0.4445700642282857,0.4554890219560878,0.4381040761347599,0.4395788933990224,,5.0
deep_signal_transforms/seed_iv_strict_loso_emotion_shallow_convnet_phase_random_bs128_seed20260534,20260534,15,4.0,27555,,0.3647675846903231,0.3616766467065868,0.3407872042990328,0.3368298712380345,,5.0
deep_signal_transforms/seed_iv_strict_loso_emotion_shallow_convnet_time_reverse_bs128_seed20260530,20260530,1,4.0,27555,,0.3367686419601595,0.3532934131736527,0.2877123102986392,0.2940813240904796,,5.0
deep_signal_transforms/seed_iv_strict_loso_emotion_shallow_convnet_time_reverse_bs128_seed20260530,20260530,2,4.0,27555,,0.4533127729442733,0.4399201596806387,0.4012834602113028,0.3921128588267935,,5.0
deep_signal_transforms/seed_iv_strict_loso_emotion_shallow_convnet_time_reverse_bs128_seed20260530,20260530,3,4.0,27555,,0.3661290909760161,0.3660678642714571,0.3286317668871211,0.3234211609037667,,5.0
deep_signal_transforms/seed_iv_strict_loso_emotion_shallow_convnet_time_reverse_bs128_seed20260530,20260530,4,4.0,27555,,0.3489157393261329,0.3385229540918164,0.2898169606168227,0.2811678093237927,,5.0
deep_signal_transforms/seed_iv_strict_loso_emotion_shallow_convnet_time_reverse_bs128_seed20260530,20260530,5,4.0,27555,,0.3429888437597792,0.3632734530938123,0.290331571213749,0.3020965403332461,,5.0
deep_signal_transforms/seed_iv_strict_loso_emotion_shallow_convnet_time_reverse_bs128_seed20260530,20260530,6,4.0,27555,,0.3351824551060469,0.3197604790419162,0.3003242405028988,0.2847124059720191,,5.0
deep_signal_transforms/seed_iv_strict_loso_emotion_shallow_convnet_time_reverse_bs128_seed20260530,20260530,7,4.0,27555,,0.5111424434213503,0.4934131736526946,0.4462744188250926,0.4338969006069713,,5.0
deep_signal_transforms/seed_iv_strict_loso_emotion_shallow_convnet_time_reverse_bs128_seed20260530,20260530,8,4.0,27555,,0.4256641357968923,0.4259481037924151,0.4282513981416566,0.4257937060861534,,5.0
deep_signal_transforms/seed_iv_strict_loso_emotion_shallow_convnet_time_reverse_bs128_seed20260530,20260530,9,4.0,27555,,0.351952288367704,0.3604790419161676,0.3067877137467903,0.3117409634264962,,5.0
deep_signal_transforms/seed_iv_strict_loso_emotion_shallow_convnet_time_reverse_bs128_seed20260530,20260530,10,4.0,27555,,0.4029877988458563,0.4159680638722555,0.3862487878038561,0.3927412594770382,,5.0
deep_signal_transforms/seed_iv_strict_loso_emotion_shallow_convnet_time_reverse_bs128_seed20260530,20260530,11,4.0,27555,,0.3043363647222442,0.3077844311377245,0.3040000916391692,0.3050132533607366,,5.0
deep_signal_transforms/seed_iv_strict_loso_emotion_shallow_convnet_time_reverse_bs128_seed20260530,20260530,12,4.0,27555,,0.3783342422175089,0.3816367265469061,0.3639884551412462,0.3670320440816851,,5.0
deep_signal_transforms/seed_iv_strict_loso_emotion_shallow_convnet_time_reverse_bs128_seed20260530,20260530,13,4.0,27555,,0.309297195623463,0.2830339321357285,0.224352692957327,0.2201688159206042,,5.0
deep_signal_transforms/seed_iv_strict_loso_emotion_shallow_convnet_time_reverse_bs128_seed20260530,20260530,14,4.0,27555,,0.4518385720172921,0.4546906187624751,0.4351359375358778,0.4345969947971924,,5.0
deep_signal_transforms/seed_iv_strict_loso_emotion_shallow_convnet_time_reverse_bs128_seed20260530,20260530,15,4.0,27555,,0.3523316383122569,0.3425149700598802,0.3455787032155965,0.3440015002129403,,5.0
deep_signal_transforms/seed_iv_strict_loso_emotion_shallow_convnet_time_reverse_bs128_seed20260531,20260531,1,4.0,27555,,0.3760826607813162,0.3932135728542914,0.3545730545471641,0.3662833523780256,,5.0
deep_signal_transforms/seed_iv_strict_loso_emotion_shallow_convnet_time_reverse_bs128_seed20260531,20260531,2,4.0,27555,,0.4029818853358479,0.3864271457085828,0.3499027758259653,0.3377214274384073,,5.0
deep_signal_transforms/seed_iv_strict_loso_emotion_shallow_convnet_time_reverse_bs128_seed20260531,20260531,3,4.0,27555,,0.354668487966815,0.355688622754491,0.2902484978127888,0.283069161796082,,5.0
deep_signal_transforms/seed_iv_strict_loso_emotion_shallow_convnet_time_reverse_bs128_seed20260531,20260531,4,4.0,27555,,0.3685147870018482,0.3616766467065868,0.3116178144694884,0.3042674339849322,,5.0
deep_signal_transforms/seed_iv_strict_loso_emotion_shallow_convnet_time_reverse_bs128_seed20260531,20260531,5,4.0,27555,,0.313249855832294,0.328942115768463,0.2523621598258648,0.2580420891687989,,5.0
deep_signal_transforms/seed_iv_strict_loso_emotion_shallow_convnet_time_reverse_bs128_seed20260531,20260531,6,4.0,27555,,0.3441533001790736,0.336127744510978,0.3296748813794136,0.3208164155197238,,5.0
deep_signal_transforms/seed_iv_strict_loso_emotion_shallow_convnet_time_reverse_bs128_seed20260531,20260531,7,4.0,27555,,0.4986883924310933,0.479441117764471,0.4626462055094646,0.4530974183656056,,5.0
deep_signal_transforms/seed_iv_strict_loso_emotion_shallow_convnet_time_reverse_bs128_seed20260531,20260531,8,4.0,27555,,0.4038274594641434,0.4079840319361277,0.4103599692558009,0.4085768431260553,,5.0
deep_signal_transforms/seed_iv_strict_loso_emotion_shallow_convnet_time_reverse_bs128_seed20260531,20260531,9,4.0,27555,,0.3714777035493493,0.3800399201596806,0.3667330726578343,0.3719515319544742,,5.0
deep_signal_transforms/seed_iv_strict_loso_emotion_shallow_convnet_time_reverse_bs128_seed20260531,20260531,10,4.0,27555,,0.4398391721730935,0.4542914171656687,0.4261956826721884,0.4345652318156082,,5.0
deep_signal_transforms/seed_iv_strict_loso_emotion_shallow_convnet_time_reverse_bs128_seed20260531,20260531,11,4.0,27555,,0.2837839090630915,0.2946107784431138,0.2686016648408381,0.2762389693885613,,5.0
deep_signal_transforms/seed_iv_strict_loso_emotion_shallow_convnet_time_reverse_bs128_seed20260531,20260531,12,4.0,27555,,0.3534854240435409,0.3624750499001996,0.3483562599260137,0.3525478080277795,,5.0
deep_signal_transforms/seed_iv_strict_loso_emotion_shallow_convnet_time_reverse_bs128_seed20260531,20260531,13,4.0,27555,,0.3116478463985934,0.2870259481037924,0.2198570529920868,0.2161667363151714,,5.0
deep_signal_transforms/seed_iv_strict_loso_emotion_shallow_convnet_time_reverse_bs128_seed20260531,20260531,14,4.0,27555,,0.3748884354949631,0.3904191616766467,0.3347258756481132,0.3380361962183097,,5.0
deep_signal_transforms/seed_iv_strict_loso_emotion_shallow_convnet_time_reverse_bs128_seed20260531,20260531,15,4.0,27555,,0.4201224214537274,0.4263473053892215,0.4294913014716321,0.4312006553693985,,5.0
deep_signal_transforms/seed_iv_strict_loso_emotion_shallow_convnet_time_reverse_bs128_seed20260532,20260532,1,4.0,27555,,0.3526527556159217,0.3584830339321357,0.3074565115347416,0.3058801522222655,,5.0
deep_signal_transforms/seed_iv_strict_loso_emotion_shallow_convnet_time_reverse_bs128_seed20260532,20260532,2,4.0,27555,,0.4503991809127621,0.4339321357285429,0.3831433708984408,0.3732962451243001,,5.0
deep_signal_transforms/seed_iv_strict_loso_emotion_shallow_convnet_time_reverse_bs128_seed20260532,20260532,3,4.0,27555,,0.3833849090215142,0.3736526946107784,0.3341494023005192,0.3244584299611991,,5.0
deep_signal_transforms/seed_iv_strict_loso_emotion_shallow_convnet_time_reverse_bs128_seed20260532,20260532,4,4.0,27555,,0.4275611530678261,0.4195608782435129,0.4082235391030504,0.4041689786832174,,5.0
deep_signal_transforms/seed_iv_strict_loso_emotion_shallow_convnet_time_reverse_bs128_seed20260532,20260532,5,4.0,27555,,0.3187297301271909,0.336127744510978,0.2592995608634962,0.2671554556758428,,5.0
deep_signal_transforms/seed_iv_strict_loso_emotion_shallow_convnet_time_reverse_bs128_seed20260532,20260532,6,4.0,27555,,0.3296742951355986,0.3129740518962076,0.2953664318643766,0.2780809612132425,,5.0
deep_signal_transforms/seed_iv_strict_loso_emotion_shallow_convnet_time_reverse_bs128_seed20260532,20260532,7,4.0,27555,,0.5338107488494528,0.5169660678642715,0.4937522187145531,0.4843251923532884,,5.0
deep_signal_transforms/seed_iv_strict_loso_emotion_shallow_convnet_time_reverse_bs128_seed20260532,20260532,8,4.0,27555,,0.4384934832746335,0.4347305389221557,0.4388911900110239,0.4363883759709825,,5.0
deep_signal_transforms/seed_iv_strict_loso_emotion_shallow_convnet_time_reverse_bs128_seed20260532,20260532,9,4.0,27555,,0.3498381718845506,0.3532934131736527,0.3211598546572566,0.3201375095430275,,5.0
deep_signal_transforms/seed_iv_strict_loso_emotion_shallow_convnet_time_reverse_bs128_seed20260532,20260532,10,4.0,27555,,0.4274841986762112,0.4403193612774451,0.4052517324424237,0.4126726511057477,,5.0
deep_signal_transforms/seed_iv_strict_loso_emotion_shallow_convnet_time_reverse_bs128_seed20260532,20260532,11,4.0,27555,,0.2862135656332592,0.2898203592814371,0.2755116904434779,0.2752569676803889,,5.0
deep_signal_transforms/seed_iv_strict_loso_emotion_shallow_convnet_time_reverse_bs128_seed20260532,20260532,12,4.0,27555,,0.3640490738936039,0.3760479041916167,0.3602413340282647,0.3668494521707424,,5.0
deep_signal_transforms/seed_iv_strict_loso_emotion_shallow_convnet_time_reverse_bs128_seed20260532,20260532,13,4.0,27555,,0.287929766535288,0.259880239520958,0.2029041888672224,0.1967209789166397,,5.0
deep_signal_transforms/seed_iv_strict_loso_emotion_shallow_convnet_time_reverse_bs128_seed20260532,20260532,14,4.0,27555,,0.4265118787515056,0.4387225548902195,0.4157004786099392,0.4180031624930597,,5.0
deep_signal_transforms/seed_iv_strict_loso_emotion_shallow_convnet_time_reverse_bs128_seed20260532,20260532,15,4.0,27555,,0.3967165882756155,0.4023952095808383,0.3801083509598156,0.3826754615144224,,5.0
deep_signal_transforms/seed_iv_strict_loso_emotion_shallow_convnet_time_reverse_bs128_seed20260533,20260533,1,4.0,27555,,0.3766617569678383,0.3944111776447105,0.349244176579513,0.3577576153484508,,5.0
deep_signal_transforms/seed_iv_strict_loso_emotion_shallow_convnet_time_reverse_bs128_seed20260533,20260533,2,4.0,27555,,0.4548808714054597,0.4403193612774451,0.3925879297512322,0.3812202662076124,,5.0
deep_signal_transforms/seed_iv_strict_loso_emotion_shallow_convnet_time_reverse_bs128_seed20260533,20260533,3,4.0,27555,,0.3704054943316883,0.3684630738522954,0.3176308503135635,0.3096892381836846,,5.0
deep_signal_transforms/seed_iv_strict_loso_emotion_shallow_convnet_time_reverse_bs128_seed20260533,20260533,4,4.0,27555,,0.3488476501316326,0.3401197604790419,0.2978099819898183,0.2901985968045624,,5.0
deep_signal_transforms/seed_iv_strict_loso_emotion_shallow_convnet_time_reverse_bs128_seed20260533,20260533,5,4.0,27555,,0.3190608183954987,0.3365269461077844,0.2620539975844375,0.2700354484336666,,5.0
deep_signal_transforms/seed_iv_strict_loso_emotion_shallow_convnet_time_reverse_bs128_seed20260533,20260533,6,4.0,27555,,0.3503132151116934,0.3397205588822355,0.3092081870553529,0.3013054520523355,,5.0
deep_signal_transforms/seed_iv_strict_loso_emotion_shallow_convnet_time_reverse_bs128_seed20260533,20260533,7,4.0,27555,,0.4612761858689749,0.4407185628742515,0.4103835307180776,0.3983727006539597,,5.0
deep_signal_transforms/seed_iv_strict_loso_emotion_shallow_convnet_time_reverse_bs128_seed20260533,20260533,8,4.0,27555,,0.4073032480498296,0.4103792415169661,0.4138002492288086,0.4120247918485236,,5.0
deep_signal_transforms/seed_iv_strict_loso_emotion_shallow_convnet_time_reverse_bs128_seed20260533,20260533,9,4.0,27555,,0.3877153784891347,0.3912175648702595,0.3787005241665752,0.3808612944195387,,5.0
deep_signal_transforms/seed_iv_strict_loso_emotion_shallow_convnet_time_reverse_bs128_seed20260533,20260533,10,4.0,27555,,0.4291383288161606,0.4439121756487026,0.4087666778882886,0.4200605886513473,,5.0
deep_signal_transforms/seed_iv_strict_loso_emotion_shallow_convnet_time_reverse_bs128_seed20260533,20260533,11,4.0,27555,,0.2924309322078584,0.2950099800399202,0.2695372166987846,0.2702801001686706,,5.0
deep_signal_transforms/seed_iv_strict_loso_emotion_shallow_convnet_time_reverse_bs128_seed20260533,20260533,12,4.0,27555,,0.3659901838525684,0.380439121756487,0.3531382403187428,0.3603665267370217,,5.0
deep_signal_transforms/seed_iv_strict_loso_emotion_shallow_convnet_time_reverse_bs128_seed20260533,20260533,13,4.0,27555,,0.3050538012590245,0.2754491017964072,0.2209027900981354,0.2129322541626058,,5.0
deep_signal_transforms/seed_iv_strict_loso_emotion_shallow_convnet_time_reverse_bs128_seed20260533,20260533,14,4.0,27555,,0.4335451395842085,0.4491017964071856,0.3949086857313323,0.399843910217014,,5.0
deep_signal_transforms/seed_iv_strict_loso_emotion_shallow_convnet_time_reverse_bs128_seed20260533,20260533,15,4.0,27555,,0.3446812455643983,0.3393213572854291,0.3186499475731084,0.3125287702737953,,5.0
deep_signal_transforms/seed_iv_strict_loso_emotion_shallow_convnet_time_reverse_bs128_seed20260534,20260534,1,4.0,27555,,0.3902295083096812,0.4043912175648703,0.3706605606621697,0.3762094524061082,,5.0
deep_signal_transforms/seed_iv_strict_loso_emotion_shallow_convnet_time_reverse_bs128_seed20260534,20260534,2,4.0,27555,,0.4854272925015405,0.4682634730538922,0.4094044527256406,0.396560205956116,,5.0
deep_signal_transforms/seed_iv_strict_loso_emotion_shallow_convnet_time_reverse_bs128_seed20260534,20260534,3,4.0,27555,,0.3529425859283688,0.3548902195608782,0.2973007073410426,0.2909151891464109,,5.0
deep_signal_transforms/seed_iv_strict_loso_emotion_shallow_convnet_time_reverse_bs128_seed20260534,20260534,4,4.0,27555,,0.4223312803414387,0.4127744510978044,0.3964576544618616,0.3922855616878226,,5.0
deep_signal_transforms/seed_iv_strict_loso_emotion_shallow_convnet_time_reverse_bs128_seed20260534,20260534,5,4.0,27555,,0.3532443216937712,0.373253493013972,0.3112597281328361,0.3232691215879616,,5.0
deep_signal_transforms/seed_iv_strict_loso_emotion_shallow_convnet_time_reverse_bs128_seed20260534,20260534,6,4.0,27555,,0.3420732204100501,0.3341317365269461,0.3247186255455392,0.3158357859102964,,5.0
deep_signal_transforms/seed_iv_strict_loso_emotion_shallow_convnet_time_reverse_bs128_seed20260534,20260534,7,4.0,27555,,0.511004151474993,0.4886227544910179,0.4511906977951969,0.4404340311393532,,5.0
deep_signal_transforms/seed_iv_strict_loso_emotion_shallow_convnet_time_reverse_bs128_seed20260534,20260534,8,4.0,27555,,0.3891924282617343,0.4,0.3771427446955744,0.3778475491054383,,5.0
deep_signal_transforms/seed_iv_strict_loso_emotion_shallow_convnet_time_reverse_bs128_seed20260534,20260534,9,4.0,27555,,0.3640921822893288,0.3632734530938123,0.3261459068318538,0.3211101882282279,,5.0
deep_signal_transforms/seed_iv_strict_loso_emotion_shallow_convnet_time_reverse_bs128_seed20260534,20260534,10,4.0,27555,,0.4092613982827751,0.4239520958083832,0.3802232509327453,0.3928562513933196,,5.0
deep_signal_transforms/seed_iv_strict_loso_emotion_shallow_convnet_time_reverse_bs128_seed20260534,20260534,11,4.0,27555,,0.319129402531461,0.3157684630738523,0.3100938040190925,0.3060935496931616,,5.0
deep_signal_transforms/seed_iv_strict_loso_emotion_shallow_convnet_time_reverse_bs128_seed20260534,20260534,12,4.0,27555,,0.3813327674434913,0.3908183632734531,0.3766694242640453,0.3814302028703113,,5.0
deep_signal_transforms/seed_iv_strict_loso_emotion_shallow_convnet_time_reverse_bs128_seed20260534,20260534,13,4.0,27555,,0.302700098733185,0.274251497005988,0.2206579067763913,0.2137484075732733,,5.0
deep_signal_transforms/seed_iv_strict_loso_emotion_shallow_convnet_time_reverse_bs128_seed20260534,20260534,14,4.0,27555,,0.4432191170970232,0.4578842315369261,0.4404308128672667,0.4460641657882787,,5.0
deep_signal_transforms/seed_iv_strict_loso_emotion_shallow_convnet_time_reverse_bs128_seed20260534,20260534,15,4.0,27555,,0.3543248869640273,0.3516966067864271,0.3280661518946012,0.3228255126787416,,5.0
deep_stimulus_holdout/dreamer_loso_stimulus_heldout_arousal_eegnet_none_bs128_seed20260530,20260530,1,2.0,45738,,0.7856522194304858,0.6899747262005055,0.6343412020760087,0.7308287179981922,,5.0
deep_stimulus_holdout/dreamer_loso_stimulus_heldout_arousal_eegnet_none_bs128_seed20260530,20260530,2,2.0,45810,,0.6149138804457953,0.621301775147929,0.615197402431445,0.620646272037434,,5.0
deep_stimulus_holdout/dreamer_loso_stimulus_heldout_arousal_eegnet_none_bs128_seed20260530,20260530,3,2.0,42660,,0.6131358825537727,0.6472754050073638,0.5917040503702383,0.6651336646811704,,5.0
deep_stimulus_holdout/dreamer_loso_stimulus_heldout_arousal_eegnet_none_bs128_seed20260530,20260530,4,2.0,45738,,0.4177463762247955,0.5593934288121314,0.4224489131395451,0.5932741653885671,,5.0
deep_stimulus_holdout/dreamer_loso_stimulus_heldout_arousal_eegnet_none_bs128_seed20260530,20260530,5,2.0,45810,,0.5843302692682555,0.558748943364328,0.5536042678695351,0.5689572758421849,,5.0
deep_stimulus_holdout/dreamer_loso_stimulus_heldout_arousal_eegnet_none_bs128_seed20260530,20260530,6,2.0,42660,,0.4625983371809263,0.4020618556701031,0.3975128944837836,0.3828636974430935,,5.0
deep_stimulus_holdout/dreamer_loso_stimulus_heldout_arousal_eegnet_none_bs128_seed20260530,20260530,7,2.0,45738,,0.5322340977552547,0.5206402695871946,0.5042233319361997,0.5400213765362859,,5.0
deep_stimulus_holdout/dreamer_loso_stimulus_heldout_arousal_eegnet_none_bs128_seed20260530,20260530,8,2.0,45810,,0.518543377935158,0.5300084530853761,0.4302568118191646,0.6158553201144795,,5.0
deep_stimulus_holdout/dreamer_loso_stimulus_heldout_arousal_eegnet_none_bs128_seed20260530,20260530,9,2.0,42660,,0.5815187033238358,0.4285714285714285,0.4000687712490635,0.495976361428373,,5.0
deep_stimulus_holdout/dreamer_loso_stimulus_heldout_arousal_eegnet_none_bs128_seed20260530,20260530,10,2.0,45738,,0.4891810144253141,0.4043807919123842,0.3962199399248161,0.4349544185614616,,5.0
deep_stimulus_holdout/dreamer_loso_stimulus_heldout_arousal_eegnet_none_bs128_seed20260530,20260530,11,2.0,45810,,0.3715794019278812,0.3533389687235841,0.3451863696714699,0.3366014358211375,,5.0
deep_stimulus_holdout/dreamer_loso_stimulus_heldout_arousal_eegnet_none_bs128_seed20260530,20260530,12,2.0,42660,,0.5302069625553296,0.5184094256259205,0.4994939328294452,0.4943351620667701,,5.0
deep_stimulus_holdout/dreamer_loso_stimulus_heldout_arousal_eegnet_none_bs128_seed20260530,20260530,13,2.0,45738,,0.3763906004213683,0.3740522325189553,0.3530234240261507,0.3515494421224495,,5.0
deep_stimulus_holdout/dreamer_loso_stimulus_heldout_arousal_eegnet_none_bs128_seed20260530,20260530,14,2.0,45810,,0.4519893669276777,0.4311073541842772,0.4173160173160173,0.4079954984435119,,5.0
deep_stimulus_holdout/dreamer_loso_stimulus_heldout_arousal_eegnet_none_bs128_seed20260530,20260530,15,2.0,42660,,0.4798176154468064,0.4852724594992636,0.4479722951577588,0.5225726238407684,,5.0
deep_stimulus_holdout/dreamer_loso_stimulus_heldout_arousal_eegnet_none_bs128_seed20260530,20260530,16,2.0,45738,,0.551972357604108,0.7590564448188711,0.5519690650900069,0.7200511390954666,,5.0
deep_stimulus_holdout/dreamer_loso_stimulus_heldout_arousal_eegnet_none_bs128_seed20260530,20260530,17,2.0,45810,,0.5663339015862926,0.5418427726120034,0.5270820057117231,0.518395047201032,,5.0
deep_stimulus_holdout/dreamer_loso_stimulus_heldout_arousal_eegnet_none_bs128_seed20260530,20260530,18,2.0,42660,,0.7323030204435768,0.7334315169366715,0.7227958822786409,0.7231157509901607,,5.0
deep_stimulus_holdout/dreamer_loso_stimulus_heldout_arousal_eegnet_none_bs128_seed20260530,20260530,19,2.0,45738,,0.5439616957703706,0.3462510530749789,0.3440345020110981,0.3229933288684609,,5.0
deep_stimulus_holdout/dreamer_loso_stimulus_heldout_arousal_eegnet_none_bs128_seed20260530,20260530,20,2.0,45810,,0.3405668857800999,0.3989856297548605,0.3214034170533179,0.498096906481081,,5.0
deep_stimulus_holdout/dreamer_loso_stimulus_heldout_arousal_eegnet_none_bs128_seed20260530,20260530,21,2.0,42660,,0.4746710665283495,0.2717231222385861,0.2679883690192968,0.3063369690854013,,5.0
deep_stimulus_holdout/dreamer_loso_stimulus_heldout_arousal_eegnet_none_bs128_seed20260530,20260530,22,2.0,45738,,0.586051355274182,0.5265374894692502,0.4648520729046335,0.5957231179734852,,5.0
deep_stimulus_holdout/dreamer_loso_stimulus_heldout_arousal_eegnet_none_bs128_seed20260530,20260530,23,2.0,45810,,0.6489424716114306,0.6153846153846154,0.5885720618978281,0.5776517172657922,,5.0
deep_stimulus_holdout/dreamer_loso_stimulus_heldout_valence_eegnet_none_bs128_seed20260530,20260530,1,2.0,45738,,0.8089278329197684,0.6840775063184499,0.6378721649081959,0.7247251297760554,,5.0
deep_stimulus_holdout/dreamer_loso_stimulus_heldout_valence_eegnet_none_bs128_seed20260530,20260530,2,2.0,45810,,0.3473388147807421,0.1758241758241758,0.1696512452441715,0.2296255021538211,,5.0
deep_stimulus_holdout/dreamer_loso_stimulus_heldout_valence_eegnet_none_bs128_seed20260530,20260530,3,2.0,42660,,0.5655675488503177,0.5493372606774669,0.5476063464967764,0.5541178807955642,,5.0
deep_stimulus_holdout/dreamer_loso_stimulus_heldout_valence_eegnet_none_bs128_seed20260530,20260530,4,2.0,45738,,0.4045226130653266,0.6781802864363943,0.4041164658634538,0.6774993825343497,,5.0
deep_stimulus_holdout/dreamer_loso_stimulus_heldout_valence_eegnet_none_bs128_seed20260530,20260530,5,2.0,45810,,0.5047196028825514,0.8664412510566357,0.5046903818023786,0.8592849529507156,,5.0
deep_stimulus_holdout/dreamer_loso_stimulus_heldout_valence_eegnet_none_bs128_seed20260530,20260530,6,2.0,42660,,0.5090223928482094,0.5029455081001473,0.49909918180462,0.4967719927854774,,5.0
deep_stimulus_holdout/dreamer_loso_stimulus_heldout_valence_eegnet_none_bs128_seed20260530,20260530,7,2.0,45738,,0.6116522565611969,0.5998315080033698,0.5936844441657965,0.6072837703270032,,5.0
deep_stimulus_holdout/dreamer_loso_stimulus_heldout_valence_eegnet_none_bs128_seed20260530,20260530,8,2.0,45810,,0.2490896197485433,0.3355874894336433,0.2639773677144811,0.456296149892502,,5.0
deep_stimulus_holdout/dreamer_loso_stimulus_heldout_valence_eegnet_none_bs128_seed20260530,20260530,9,2.0,42660,,0.5214757571127899,0.5986745213549337,0.4881684201208434,0.5407069785522651,,5.0
deep_stimulus_holdout/dreamer_loso_stimulus_heldout_valence_eegnet_none_bs128_seed20260530,20260530,11,2.0,45810,,0.5212888429602234,0.5080304311073541,0.4611313560117963,0.5577515135868855,,5.0
deep_stimulus_holdout/dreamer_loso_stimulus_heldout_valence_eegnet_none_bs128_seed20260530,20260530,12,2.0,42660,,0.4400880635380821,0.4204712812960235,0.3601377018754396,0.3485629144566226,,5.0
deep_stimulus_holdout/dreamer_loso_stimulus_heldout_valence_eegnet_none_bs128_seed20260530,20260530,13,2.0,45738,,0.5388392857142857,0.1297388374052232,0.1294917039917817,0.1425032782094778,,5.0
deep_stimulus_holdout/dreamer_loso_stimulus_heldout_valence_eegnet_none_bs128_seed20260530,20260530,14,2.0,45810,,0.4634734260565746,0.3338968723584108,0.3171987249352506,0.2759497877872279,,5.0
deep_stimulus_holdout/dreamer_loso_stimulus_heldout_valence_eegnet_none_bs128_seed20260530,20260530,15,2.0,42660,,0.3849320816069649,0.4219440353460972,0.3825538729753289,0.4170059100343098,,5.0
deep_stimulus_holdout/dreamer_loso_stimulus_heldout_valence_eegnet_none_bs128_seed20260530,20260530,16,2.0,45738,,0.455813097866078,0.3833192923336141,0.3705600083453587,0.3461739211962079,,5.0
deep_stimulus_holdout/dreamer_loso_stimulus_heldout_valence_eegnet_none_bs128_seed20260530,20260530,17,2.0,45810,,0.5292472305678949,0.779374471682164,0.5246384710245668,0.7390755893610429,,5.0
deep_stimulus_holdout/dreamer_loso_stimulus_heldout_valence_eegnet_none_bs128_seed20260530,20260530,18,2.0,42660,,0.6348585423027722,0.6531664212076583,0.6349951921842321,0.6529865080490106,,5.0
deep_stimulus_holdout/dreamer_loso_stimulus_heldout_valence_eegnet_none_bs128_seed20260530,20260530,19,2.0,45738,,0.3921372945793476,0.3294018534119629,0.3189568677199861,0.2960063209274113,,5.0
deep_stimulus_holdout/dreamer_loso_stimulus_heldout_valence_eegnet_none_bs128_seed20260530,20260530,20,2.0,45810,,0.7677092916283348,0.5731191885038038,0.4864449455124375,0.6631819307067669,,5.0
deep_stimulus_holdout/dreamer_loso_stimulus_heldout_valence_eegnet_none_bs128_seed20260530,20260530,21,2.0,42660,,0.5792070903980415,0.6531664212076583,0.5513200122057724,0.5957105645064399,,5.0
deep_stimulus_holdout/dreamer_loso_stimulus_heldout_valence_eegnet_none_bs128_seed20260530,20260530,22,2.0,45738,,0.410797803617571,0.5366470092670598,0.3783375612282987,0.4874891506106165,,5.0
deep_stimulus_holdout/dreamer_loso_stimulus_heldout_valence_eegnet_none_bs128_seed20260530,20260530,23,2.0,45810,,0.3909949599332826,0.2409129332206255,0.2408472967796891,0.2365570603221182,,5.0
deep_stimulus_holdout/dreamer_loso_stimulus_heldout_valence_shallow_convnet_none_bs128_seed20260530,20260530,1,2.0,45738,,0.5279388957816378,0.2729570345408593,0.2724923281458508,0.2601466282517916,,5.0
deep_stimulus_holdout/dreamer_loso_stimulus_heldout_valence_shallow_convnet_none_bs128_seed20260530,20260530,2,2.0,45810,,0.3048815547378105,0.4032121724429416,0.3068942280881122,0.5233365928401211,,5.0
deep_stimulus_holdout/dreamer_loso_stimulus_heldout_valence_shallow_convnet_none_bs128_seed20260530,20260530,3,2.0,42660,,0.6380730925960323,0.5994108983799705,0.5992857406318548,0.5976378302816647,,5.0
deep_stimulus_holdout/dreamer_loso_stimulus_heldout_valence_shallow_convnet_none_bs128_seed20260530,20260530,4,2.0,45738,,0.4904522613065327,0.8222409435551812,0.4512251502542764,0.7564768736360659,,5.0
deep_stimulus_holdout/dreamer_loso_stimulus_heldout_valence_shallow_convnet_none_bs128_seed20260530,20260530,5,2.0,45810,,0.3825274072370438,0.6593406593406593,0.4089319343556631,0.7312112154727166,,5.0
deep_stimulus_holdout/dreamer_loso_stimulus_heldout_valence_shallow_convnet_none_bs128_seed20260530,20260530,6,2.0,42660,,0.5567586379405975,0.5493372606774669,0.5437709698385652,0.5410991502358924,,5.0
deep_stimulus_holdout/dreamer_loso_stimulus_heldout_valence_shallow_convnet_none_bs128_seed20260530,20260530,7,2.0,45738,,0.5629231052244297,0.5838247683235046,0.5605812175894008,0.5880818288975164,,5.0
deep_stimulus_holdout/dreamer_loso_stimulus_heldout_valence_shallow_convnet_none_bs128_seed20260530,20260530,8,2.0,45810,,0.3106984053971174,0.3964497041420118,0.3050611790878754,0.5161708022315799,,5.0
deep_stimulus_holdout/dreamer_loso_stimulus_heldout_valence_shallow_convnet_none_bs128_seed20260530,20260530,9,2.0,42660,,0.5066322191083616,0.5905743740795287,0.4598852597393307,0.5185779757603778,,5.0
deep_stimulus_holdout/dreamer_loso_stimulus_heldout_valence_shallow_convnet_none_bs128_seed20260530,20260530,11,2.0,45810,,0.4958392254976612,0.4513947590870668,0.421247274023831,0.5015289101737069,,5.0
deep_stimulus_holdout/dreamer_loso_stimulus_heldout_valence_shallow_convnet_none_bs128_seed20260530,20260530,12,2.0,42660,,0.4744200016977152,0.4594992636229749,0.4305877997952617,0.4230292471605655,,5.0
deep_stimulus_holdout/dreamer_loso_stimulus_heldout_valence_shallow_convnet_none_bs128_seed20260530,20260530,13,2.0,45738,,0.5629464285714285,0.1752316764953664,0.1720136830037627,0.2178048606613129,,5.0
deep_stimulus_holdout/dreamer_loso_stimulus_heldout_valence_shallow_convnet_none_bs128_seed20260530,20260530,14,2.0,45810,,0.5235721964657664,0.4395604395604395,0.4394306604296134,0.4361357124969708,,5.0
deep_stimulus_holdout/dreamer_loso_stimulus_heldout_valence_shallow_convnet_none_bs128_seed20260530,20260530,15,2.0,42660,,0.6401488116276471,0.6237113402061856,0.6220140390210052,0.6276095374336879,,5.0
deep_stimulus_holdout/dreamer_loso_stimulus_heldout_valence_shallow_convnet_none_bs128_seed20260530,20260530,16,2.0,45738,,0.4983903605592347,0.3807919123841617,0.3210888165190088,0.2663044416200189,,5.0
deep_stimulus_holdout/dreamer_loso_stimulus_heldout_valence_shallow_convnet_none_bs128_seed20260530,20260530,17,2.0,45810,,0.5149646102519676,0.7345731191885038,0.5139713194117339,0.7157513847031584,,5.0
deep_stimulus_holdout/dreamer_loso_stimulus_heldout_valence_shallow_convnet_none_bs128_seed20260530,20260530,18,2.0,42660,,0.6925977274644788,0.7253313696612665,0.6979312212002865,0.7180291296068734,,5.0
deep_stimulus_holdout/dreamer_loso_stimulus_heldout_valence_shallow_convnet_none_bs128_seed20260530,20260530,19,2.0,45738,,0.4045529801324503,0.3445661331086773,0.3364846300639168,0.3165584813352326,,5.0
deep_stimulus_holdout/dreamer_loso_stimulus_heldout_valence_shallow_convnet_none_bs128_seed20260530,20260530,20,2.0,45810,,0.7985280588776449,0.6297548605240912,0.5262288786482334,0.7117519311599425,,5.0
deep_stimulus_holdout/dreamer_loso_stimulus_heldout_valence_shallow_convnet_none_bs128_seed20260530,20260530,21,2.0,42660,,0.5800865898993562,0.6391752577319587,0.5683754696224339,0.6046764518894994,,5.0
deep_stimulus_holdout/dreamer_loso_stimulus_heldout_valence_shallow_convnet_none_bs128_seed20260530,20260530,22,2.0,45738,,0.4442167312661499,0.5754001684919966,0.4081487285419189,0.5176175790956148,,5.0
deep_stimulus_holdout/dreamer_loso_stimulus_heldout_valence_shallow_convnet_none_bs128_seed20260530,20260530,23,2.0,45810,,0.4513397875194894,0.2645815722738799,0.2637814313346228,0.2490301150442155,,5.0
deep_stimulus_holdout/dreamer_loso_stimulus_seen_arousal_eegnet_none_bs128_seed20260530,20260530,1,2.0,45810,,0.6396068886097153,0.3993260320134794,0.3956958382869037,0.4273811161395155,,5.0
deep_stimulus_holdout/dreamer_loso_stimulus_seen_arousal_eegnet_none_bs128_seed20260530,20260530,2,2.0,42660,,0.5917325227963526,0.5798816568047337,0.5792454842050048,0.5774061156014402,,5.0
deep_stimulus_holdout/dreamer_loso_stimulus_seen_arousal_eegnet_none_bs128_seed20260530,20260530,3,2.0,45738,,0.5848782292022305,0.53240058910162,0.5171948895991956,0.5589632425892578,,5.0
deep_stimulus_holdout/dreamer_loso_stimulus_seen_arousal_eegnet_none_bs128_seed20260530,20260530,4,2.0,45810,,0.7444507427502003,0.6882898062342039,0.641956890367182,0.7201911581426452,,5.0
deep_stimulus_holdout/dreamer_loso_stimulus_seen_arousal_eegnet_none_bs128_seed20260530,20260530,5,2.0,42660,,0.6846035507481797,0.6720202874049028,0.6610315186246418,0.6805843043885802,,5.0
deep_stimulus_holdout/dreamer_loso_stimulus_seen_arousal_eegnet_none_bs128_seed20260530,20260530,6,2.0,45738,,0.4821916454284242,0.3784977908689249,0.3419590713782119,0.2985693419829904,,5.0
deep_stimulus_holdout/dreamer_loso_stimulus_seen_arousal_eegnet_none_bs128_seed20260530,20260530,7,2.0,45810,,0.456643260035986,0.3108677337826453,0.2861216003199698,0.2333821032117339,,5.0
deep_stimulus_holdout/dreamer_loso_stimulus_seen_arousal_eegnet_none_bs128_seed20260530,20260530,8,2.0,42660,,0.561634690738107,0.6720202874049028,0.5065873773466457,0.7290161513081855,,5.0
deep_stimulus_holdout/dreamer_loso_stimulus_seen_arousal_eegnet_none_bs128_seed20260530,20260530,9,2.0,45738,,0.6384031881785793,0.6649484536082474,0.5506055177720611,0.7168618157178152,,5.0
deep_stimulus_holdout/dreamer_loso_stimulus_seen_arousal_eegnet_none_bs128_seed20260530,20260530,10,2.0,45810,,0.4988019723576041,0.3487784330244313,0.3487710377847948,0.3499820082752767,,5.0
deep_stimulus_holdout/dreamer_loso_stimulus_seen_arousal_eegnet_none_bs128_seed20260530,20260530,11,2.0,42660,,0.4369018844082749,0.400676246830093,0.3583013343554645,0.3389259631910784,,5.0
deep_stimulus_holdout/dreamer_loso_stimulus_seen_arousal_eegnet_none_bs128_seed20260530,20260530,12,2.0,45738,,0.4557461201318122,0.4432989690721649,0.4174610524022225,0.4109564020517474,,5.0
deep_stimulus_holdout/dreamer_loso_stimulus_seen_arousal_eegnet_none_bs128_seed20260530,20260530,13,2.0,45810,,0.3792697608649975,0.3765796124684077,0.3483634529214516,0.3466499209651588,,5.0
deep_stimulus_holdout/dreamer_loso_stimulus_seen_arousal_eegnet_none_bs128_seed20260530,20260530,14,2.0,42660,,0.4467609581322777,0.4573119188503803,0.4451705940108001,0.4537042108980479,,5.0
deep_stimulus_holdout/dreamer_loso_stimulus_seen_arousal_eegnet_none_bs128_seed20260530,20260530,15,2.0,45738,,0.4071877823750416,0.2584683357879234,0.2543437353970609,0.2255123702886555,,5.0
deep_stimulus_holdout/dreamer_loso_stimulus_seen_arousal_eegnet_none_bs128_seed20260530,20260530,16,2.0,45810,,0.5130538071563273,0.6882898062342039,0.5123362202975794,0.6739766113052778,,5.0
deep_stimulus_holdout/dreamer_loso_stimulus_seen_arousal_eegnet_none_bs128_seed20260530,20260530,17,2.0,42660,,0.8227296367996764,0.812341504649197,0.8123027444253859,0.8120223028060474,,5.0
deep_stimulus_holdout/dreamer_loso_stimulus_seen_arousal_eegnet_none_bs128_seed20260530,20260530,18,2.0,45738,,0.6184892359416518,0.6200294550810015,0.5913083442787788,0.5919465911854948,,5.0
deep_stimulus_holdout/dreamer_loso_stimulus_seen_arousal_eegnet_none_bs128_seed20260530,20260530,19,2.0,45810,,0.607473488280963,0.4717775905644482,0.4675313525544577,0.4937698987482661,,5.0
deep_stimulus_holdout/dreamer_loso_stimulus_seen_arousal_eegnet_none_bs128_seed20260530,20260530,20,2.0,42660,,0.2756404854205292,0.4539306846999155,0.3200084707758234,0.5523953981755336,,5.0
deep_stimulus_holdout/dreamer_loso_stimulus_seen_arousal_eegnet_none_bs128_seed20260530,20260530,21,2.0,45738,,0.4991409942873773,0.1642120765832106,0.1572987941728835,0.1013180683136495,,5.0
deep_stimulus_holdout/dreamer_loso_stimulus_seen_arousal_eegnet_none_bs128_seed20260530,20260530,22,2.0,45810,,0.4077445924737146,0.5973041280539174,0.4162983720968511,0.6504283590004695,,5.0
deep_stimulus_holdout/dreamer_loso_stimulus_seen_arousal_eegnet_none_bs128_seed20260530,20260530,23,2.0,42660,,0.4143994336733219,0.3803888419273035,0.3260191839999129,0.3061160056514932,,5.0
deep_stimulus_holdout/dreamer_loso_stimulus_seen_valence_eegnet_none_bs128_seed20260530,20260530,1,2.0,45810,,0.6355536600496279,0.6697556866048863,0.5721263839334976,0.7093584019742326,,5.0
deep_stimulus_holdout/dreamer_loso_stimulus_seen_valence_eegnet_none_bs128_seed20260530,20260530,2,2.0,42660,,0.4166139604415823,0.5300084530853761,0.3859479442847007,0.635099714304717,,5.0
deep_stimulus_holdout/dreamer_loso_stimulus_seen_valence_eegnet_none_bs128_seed20260530,20260530,3,2.0,45738,,0.6844318778564336,0.6288659793814433,0.6265036834924966,0.6195917807063192,,5.0
deep_stimulus_holdout/dreamer_loso_stimulus_seen_valence_eegnet_none_bs128_seed20260530,20260530,4,2.0,45810,,0.1301507537688442,0.2181971356360572,0.1791147994467496,0.3002851313386957,,5.0
deep_stimulus_holdout/dreamer_loso_stimulus_seen_valence_eegnet_none_bs128_seed20260530,20260530,5,2.0,42660,,0.5274072370438516,0.8994082840236687,0.5325896043959693,0.8794572680515513,,5.0
deep_stimulus_holdout/dreamer_loso_stimulus_seen_valence_eegnet_none_bs128_seed20260530,20260530,6,2.0,45738,,0.5826980173791994,0.5677466863033873,0.5386574206702652,0.5325154056392247,,5.0
deep_stimulus_holdout/dreamer_loso_stimulus_seen_valence_eegnet_none_bs128_seed20260530,20260530,7,2.0,45810,,0.5582858106450821,0.645324347093513,0.5437820497019725,0.6023501962331648,,5.0
deep_stimulus_holdout/dreamer_loso_stimulus_seen_valence_eegnet_none_bs128_seed20260530,20260530,8,2.0,42660,,0.4777579730144127,0.8605240912933221,0.4742831133363678,0.8517632012607679,,5.0
deep_stimulus_holdout/dreamer_loso_stimulus_seen_valence_eegnet_none_bs128_seed20260530,20260530,9,2.0,45738,,0.6427620222510553,0.6590574374079529,0.6424110583143521,0.6594551324716225,,5.0
deep_stimulus_holdout/dreamer_loso_stimulus_seen_valence_eegnet_none_bs128_seed20260530,20260530,11,2.0,42660,,0.5082331665397586,0.6939983093829247,0.5083057775328373,0.6919549252635291,,5.0
deep_stimulus_holdout/dreamer_loso_stimulus_seen_valence_eegnet_none_bs128_seed20260530,20260530,12,2.0,45738,,0.5102559414592951,0.4823269513991163,0.3551918030738473,0.3383247850539111,,5.0
deep_stimulus_holdout/dreamer_loso_stimulus_seen_valence_eegnet_none_bs128_seed20260530,20260530,13,2.0,45810,,0.6133928571428572,0.2704296545914069,0.2518617176128093,0.3564180686206342,,5.0
deep_stimulus_holdout/dreamer_loso_stimulus_seen_valence_eegnet_none_bs128_seed20260530,20260530,14,2.0,42660,,0.4983807028152925,0.4716821639898563,0.4635107493761669,0.4890883964888797,,5.0
deep_stimulus_holdout/dreamer_loso_stimulus_seen_valence_eegnet_none_bs128_seed20260530,20260530,15,2.0,45738,,0.5095145037750176,0.614138438880707,0.4121736601935652,0.4882910390957543,,5.0
deep_stimulus_holdout/dreamer_loso_stimulus_seen_valence_eegnet_none_bs128_seed20260530,20260530,16,2.0,45810,,0.5463790777532499,0.5678180286436394,0.5442368620183539,0.5724469243145288,,5.0
deep_stimulus_holdout/dreamer_loso_stimulus_seen_valence_eegnet_none_bs128_seed20260530,20260530,17,2.0,42660,,0.5263003889185851,0.7827557058326289,0.5190242883788183,0.7384994063283936,,5.0
deep_stimulus_holdout/dreamer_loso_stimulus_seen_valence_eegnet_none_bs128_seed20260530,20260530,18,2.0,45738,,0.7898679940986133,0.7739322533136966,0.771538702233562,0.7767046398165863,,5.0
deep_stimulus_holdout/dreamer_loso_stimulus_seen_valence_eegnet_none_bs128_seed20260530,20260530,19,2.0,45810,,0.4245538999264164,0.4928390901432182,0.4141606763386415,0.4725816594624996,,5.0
deep_stimulus_holdout/dreamer_loso_stimulus_seen_valence_eegnet_none_bs128_seed20260530,20260530,20,2.0,42660,,0.4886489957068384,0.8892645815722738,0.4781860607631932,0.866165883736335,,5.0
deep_stimulus_holdout/dreamer_loso_stimulus_seen_valence_eegnet_none_bs128_seed20260530,20260530,21,2.0,45738,,0.5992247710581196,0.6561119293078056,0.59123883407037,0.6250543846377579,,5.0
deep_stimulus_holdout/dreamer_loso_stimulus_seen_valence_eegnet_none_bs128_seed20260530,20260530,22,2.0,45810,,0.5116392118863049,0.5341196293176074,0.5049784129258499,0.5467677267098633,,5.0
deep_stimulus_holdout/dreamer_loso_stimulus_seen_valence_eegnet_none_bs128_seed20260530,20260530,23,2.0,42660,,0.3507696073099097,0.4539306846999155,0.3601014837391566,0.5090268600985067,,5.0
deep_stimulus_holdout/dreamer_loso_stimulus_seen_valence_shallow_convnet_none_bs128_seed20260530,20260530,1,2.0,45810,,0.7680107526881721,0.7017691659646167,0.6389877863539827,0.7400721490805996,,5.0
deep_stimulus_holdout/dreamer_loso_stimulus_seen_valence_shallow_convnet_none_bs128_seed20260530,20260530,2,2.0,42660,,0.3157725774302361,0.4319526627218935,0.3216696815590976,0.5507900889644032,,5.0
deep_stimulus_holdout/dreamer_loso_stimulus_seen_valence_shallow_convnet_none_bs128_seed20260530,20260530,3,2.0,45738,,0.6468765837225995,0.6008836524300442,0.5999952175680464,0.5956085704369323,,5.0
deep_stimulus_holdout/dreamer_loso_stimulus_seen_valence_shallow_convnet_none_bs128_seed20260530,20260530,4,2.0,45810,,0.2528554229480737,0.4203875315922493,0.2971737409205136,0.4962495435551289,,5.0
deep_stimulus_holdout/dreamer_loso_stimulus_seen_valence_shallow_convnet_none_bs128_seed20260530,20260530,5,2.0,42660,,0.5139336093222938,0.9095519864750634,0.5110153941243505,0.8808185430190664,,5.0
deep_stimulus_holdout/dreamer_loso_stimulus_seen_valence_shallow_convnet_none_bs128_seed20260530,20260530,6,2.0,45738,,0.594458884816583,0.5868924889543446,0.5817209419539103,0.5792550387484052,,5.0
deep_stimulus_holdout/dreamer_loso_stimulus_seen_valence_shallow_convnet_none_bs128_seed20260530,20260530,7,2.0,45810,,0.5566577753249938,0.6545914069081719,0.5322819359550993,0.5973658883732912,,5.0
deep_stimulus_holdout/dreamer_loso_stimulus_seen_valence_shallow_convnet_none_bs128_seed20260530,20260530,8,2.0,42660,,0.4509161300214658,0.7937447168216399,0.4581625144539051,0.8153719264264349,,5.0
deep_stimulus_holdout/dreamer_loso_stimulus_seen_valence_shallow_convnet_none_bs128_seed20260530,20260530,9,2.0,45738,,0.6126701950330756,0.646539027982327,0.6144099378881988,0.63899852724595,,5.0
deep_stimulus_holdout/dreamer_loso_stimulus_seen_valence_shallow_convnet_none_bs128_seed20260530,20260530,11,2.0,42660,,0.4977269842996483,0.7295012679628065,0.4918712282284217,0.7030652932086722,,5.0
deep_stimulus_holdout/dreamer_loso_stimulus_seen_valence_shallow_convnet_none_bs128_seed20260530,20260530,12,2.0,45738,,0.5165157223669633,0.4882179675994109,0.3583203645800401,0.3413124951176021,,5.0
deep_stimulus_holdout/dreamer_loso_stimulus_seen_valence_shallow_convnet_none_bs128_seed20260530,20260530,13,2.0,45810,,0.8309834754797442,0.8399326032013479,0.6375281260045002,0.87781213331936,,5.0
deep_stimulus_holdout/dreamer_loso_stimulus_seen_valence_shallow_convnet_none_bs128_seed20260530,20260530,14,2.0,42660,,0.5344654975475375,0.5004226542688082,0.4933266371425527,0.5164900644761149,,5.0
deep_stimulus_holdout/dreamer_loso_stimulus_seen_valence_shallow_convnet_none_bs128_seed20260530,20260530,15,2.0,45738,,0.495498710496852,0.601620029455081,0.3890731712184725,0.4686787361010974,,5.0
deep_stimulus_holdout/dreamer_loso_stimulus_seen_valence_shallow_convnet_none_bs128_seed20260530,20260530,16,2.0,45810,,0.4848632572970321,0.5197978096040438,0.4848906118670288,0.5213793654885688,,5.0
deep_stimulus_holdout/dreamer_loso_stimulus_seen_valence_shallow_convnet_none_bs128_seed20260530,20260530,17,2.0,42660,,0.4909567212873021,0.7202028740490279,0.4865862053141205,0.7000029365268368,,5.0
deep_stimulus_holdout/dreamer_loso_stimulus_seen_valence_shallow_convnet_none_bs128_seed20260530,20260530,18,2.0,45738,,0.7726951413892886,0.7901325478645066,0.7761853018922154,0.7885279974429156,,5.0
deep_stimulus_holdout/dreamer_loso_stimulus_seen_valence_shallow_convnet_none_bs128_seed20260530,20260530,19,2.0,45810,,0.4646967745891587,0.5754001684919966,0.4066648153290753,0.4927651614137887,,5.0
deep_stimulus_holdout/dreamer_loso_stimulus_seen_valence_shallow_convnet_none_bs128_seed20260530,20260530,20,2.0,42660,,0.4926402943882245,0.9053254437869822,0.4751552795031056,0.8731932186303902,,5.0
deep_stimulus_holdout/dreamer_loso_stimulus_seen_valence_shallow_convnet_none_bs128_seed20260530,20260530,21,2.0,45738,,0.5322173361138816,0.6134020618556701,0.4835203922332826,0.5373039911077515,,5.0
deep_stimulus_holdout/dreamer_loso_stimulus_seen_valence_shallow_convnet_none_bs128_seed20260530,20260530,22,2.0,45810,,0.5240923772609819,0.565290648694187,0.5220581809101692,0.5720722122681506,,5.0
deep_stimulus_holdout/dreamer_loso_stimulus_seen_valence_shallow_convnet_none_bs128_seed20260530,20260530,23,2.0,42660,,0.399726694223866,0.5824175824175825,0.4073242464808729,0.6031129067273645,,5.0
deep_stimulus_holdout/seed_iv_loso_stimulus_heldout_emotion_eegnet_none_bs128_seed20260530,20260530,1,4.0,22506,,0.3294545709210602,0.3224400871459695,0.3197329850127435,0.3156537607998019,,5.0
deep_stimulus_holdout/seed_iv_loso_stimulus_heldout_emotion_eegnet_none_bs128_seed20260530,20260530,2,4.0,22660,,0.3949844480681955,0.3235955056179775,0.3014585724358817,0.2745230725900222,,5.0
deep_stimulus_holdout/seed_iv_loso_stimulus_heldout_emotion_eegnet_none_bs128_seed20260530,20260530,3,4.0,23265,,0.2559511919806038,0.2384615384615384,0.2222550422326095,0.2226057812797593,,5.0
deep_stimulus_holdout/seed_iv_loso_stimulus_heldout_emotion_eegnet_none_bs128_seed20260530,20260530,4,4.0,23232,,0.3545984994083237,0.4631043256997455,0.2983188924663011,0.3356034048816848,,5.0
deep_stimulus_holdout/seed_iv_loso_stimulus_heldout_emotion_eegnet_none_bs128_seed20260530,20260530,5,4.0,23232,,0.2859985747269128,0.2798982188295165,0.2278234158742114,0.2174031211390943,,5.0
deep_stimulus_holdout/seed_iv_loso_stimulus_heldout_emotion_eegnet_none_bs128_seed20260530,20260530,6,4.0,22880,,0.3008676959155755,0.2705882352941176,0.2610552534049868,0.2491788495109433,,5.0
deep_stimulus_holdout/seed_iv_loso_stimulus_heldout_emotion_eegnet_none_bs128_seed20260530,20260530,7,4.0,22506,,0.3890576752892041,0.4139433551198257,0.3521687070291415,0.3596068514506813,,5.0
deep_stimulus_holdout/seed_iv_loso_stimulus_heldout_emotion_eegnet_none_bs128_seed20260530,20260530,8,4.0,22660,,0.2988967880305412,0.2719101123595505,0.2794509336404757,0.2766639052406207,,5.0
deep_stimulus_holdout/seed_iv_loso_stimulus_heldout_emotion_eegnet_none_bs128_seed20260530,20260530,9,4.0,23265,,0.4479734461352108,0.4871794871794871,0.4348134111028838,0.4712952503177733,,5.0
deep_stimulus_holdout/seed_iv_loso_stimulus_heldout_emotion_eegnet_none_bs128_seed20260530,20260530,10,4.0,23232,,0.2932749630027499,0.2569974554707379,0.2190603923973022,0.1959601892717903,,5.0
deep_stimulus_holdout/seed_iv_loso_stimulus_heldout_emotion_eegnet_none_bs128_seed20260530,20260530,11,4.0,23232,,0.3565421679590767,0.3180661577608142,0.2720779604420157,0.2378122340833847,,5.0
deep_stimulus_holdout/seed_iv_loso_stimulus_heldout_emotion_eegnet_none_bs128_seed20260530,20260530,12,4.0,22880,,0.2941987492671487,0.28,0.2700056193555317,0.2681036854074728,,5.0
deep_stimulus_holdout/seed_iv_loso_stimulus_heldout_emotion_eegnet_none_bs128_seed20260530,20260530,13,4.0,22506,,0.4056031107347726,0.4226579520697168,0.3612824050006576,0.3680417296225325,,5.0
deep_stimulus_holdout/seed_iv_loso_stimulus_heldout_emotion_eegnet_none_bs128_seed20260530,20260530,14,4.0,22660,,0.3985713486166625,0.4067415730337079,0.3895304030504961,0.4016855591089772,,5.0
deep_stimulus_holdout/seed_iv_loso_stimulus_heldout_emotion_eegnet_none_bs128_seed20260530,20260530,15,4.0,23265,,0.3976430151062504,0.4384615384615384,0.3697777576197387,0.410636752579786,,5.0
deep_stimulus_holdout/seed_iv_loso_stimulus_heldout_emotion_eegnet_none_bs128_seed20260531,20260531,1,4.0,22506,,0.4001878155460339,0.3877995642701525,0.3744041117862188,0.3675500559754913,,5.0
deep_stimulus_holdout/seed_iv_loso_stimulus_heldout_emotion_eegnet_none_bs128_seed20260531,20260531,2,4.0,22660,,0.2732077247202491,0.247191011235955,0.1988699996099412,0.1898601286646678,,5.0
deep_stimulus_holdout/seed_iv_loso_stimulus_heldout_emotion_eegnet_none_bs128_seed20260531,20260531,3,4.0,23265,,0.2761774338980221,0.2769230769230769,0.2397278475977229,0.2600905639875925,,5.0
deep_stimulus_holdout/seed_iv_loso_stimulus_heldout_emotion_eegnet_none_bs128_seed20260531,20260531,4,4.0,23232,,0.4221066611835203,0.3587786259541984,0.3651541456746313,0.3624121068463728,,5.0
deep_stimulus_holdout/seed_iv_loso_stimulus_heldout_emotion_eegnet_none_bs128_seed20260531,20260531,5,4.0,23232,,0.2230163718944646,0.2315521628498727,0.1799451456100015,0.1845395887378216,,5.0
deep_stimulus_holdout/seed_iv_loso_stimulus_heldout_emotion_eegnet_none_bs128_seed20260531,20260531,6,4.0,22880,,0.266890104879161,0.2352941176470588,0.1973398566760577,0.1803432727440019,,5.0
deep_stimulus_holdout/seed_iv_loso_stimulus_heldout_emotion_eegnet_none_bs128_seed20260531,20260531,7,4.0,22506,,0.3158858527144121,0.3398692810457516,0.272591245938486,0.2820045331950993,,5.0
deep_stimulus_holdout/seed_iv_loso_stimulus_heldout_emotion_eegnet_none_bs128_seed20260531,20260531,8,4.0,22660,,0.2379613187275275,0.2359550561797752,0.2007360851470757,0.2132820896603609,,5.0
deep_stimulus_holdout/seed_iv_loso_stimulus_heldout_emotion_eegnet_none_bs128_seed20260531,20260531,9,4.0,23265,,0.383296827046827,0.4333333333333333,0.3720733014158864,0.4177764309919953,,5.0
deep_stimulus_holdout/seed_iv_loso_stimulus_heldout_emotion_eegnet_none_bs128_seed20260531,20260531,10,4.0,23232,,0.3447621965036549,0.2824427480916031,0.2482103223875098,0.2125583824542551,,5.0
deep_stimulus_holdout/seed_iv_loso_stimulus_heldout_emotion_eegnet_none_bs128_seed20260531,20260531,11,4.0,23232,,0.2188899671620296,0.2111959287531806,0.213777245816247,0.2162519153877797,,5.0
deep_stimulus_holdout/seed_iv_loso_stimulus_heldout_emotion_eegnet_none_bs128_seed20260531,20260531,12,4.0,22880,,0.3058859357696566,0.3317647058823529,0.2861832684557755,0.3063198312807523,,5.0
deep_stimulus_holdout/seed_iv_loso_stimulus_heldout_emotion_eegnet_none_bs128_seed20260531,20260531,13,4.0,22506,,0.4098082689773284,0.4226579520697168,0.3756658146731054,0.3817932884240516,,5.0
deep_stimulus_holdout/seed_iv_loso_stimulus_heldout_emotion_eegnet_none_bs128_seed20260531,20260531,14,4.0,22660,,0.3626923868985504,0.3955056179775281,0.3474505747666847,0.3737034752775443,,5.0
deep_stimulus_holdout/seed_iv_loso_stimulus_heldout_emotion_eegnet_none_bs128_seed20260531,20260531,15,4.0,23265,,0.3432792157056863,0.3666666666666666,0.3394729878448511,0.3589965812645341,,5.0
deep_stimulus_holdout/seed_iv_loso_stimulus_heldout_emotion_eegnet_none_bs128_seed20260532,20260532,1,4.0,22506,,0.4208749021130841,0.4030501089324618,0.3469409784093439,0.3346699506509347,,5.0
deep_stimulus_holdout/seed_iv_loso_stimulus_heldout_emotion_eegnet_none_bs128_seed20260532,20260532,2,4.0,22660,,0.3463864492143543,0.3011235955056179,0.2908753467684618,0.2802393909051199,,5.0
deep_stimulus_holdout/seed_iv_loso_stimulus_heldout_emotion_eegnet_none_bs128_seed20260532,20260532,3,4.0,23265,,0.232067193648076,0.2102564102564102,0.1534766121618714,0.1558496246735337,,5.0
deep_stimulus_holdout/seed_iv_loso_stimulus_heldout_emotion_eegnet_none_bs128_seed20260532,20260532,4,4.0,23232,,0.4570240223354286,0.4910941475826972,0.4433232804423408,0.4675920946718075,,5.0
deep_stimulus_holdout/seed_iv_loso_stimulus_heldout_emotion_eegnet_none_bs128_seed20260532,20260532,5,4.0,23232,,0.2238564671325364,0.2264631043256997,0.1946479889141109,0.1991347526302319,,5.0
deep_stimulus_holdout/seed_iv_loso_stimulus_heldout_emotion_eegnet_none_bs128_seed20260532,20260532,6,4.0,22880,,0.3335209432610253,0.3105882352941176,0.3178092592427028,0.3115301001222957,,5.0
deep_stimulus_holdout/seed_iv_loso_stimulus_heldout_emotion_eegnet_none_bs128_seed20260532,20260532,7,4.0,22506,,0.4065084453329429,0.4226579520697168,0.3863867086424012,0.3929210304480982,,5.0
deep_stimulus_holdout/seed_iv_loso_stimulus_heldout_emotion_eegnet_none_bs128_seed20260532,20260532,8,4.0,22660,,0.2748788223081387,0.2921348314606741,0.2445610178456564,0.2671921102163096,,5.0
deep_stimulus_holdout/seed_iv_loso_stimulus_heldout_emotion_eegnet_none_bs128_seed20260532,20260532,9,4.0,23265,,0.4198278393131334,0.4641025641025641,0.4050886202254536,0.4369696877463029,,5.0
deep_stimulus_holdout/seed_iv_loso_stimulus_heldout_emotion_eegnet_none_bs128_seed20260532,20260532,10,4.0,23232,,0.3413458606441578,0.2951653944020356,0.2768878416499138,0.2586777176352084,,5.0
deep_stimulus_holdout/seed_iv_loso_stimulus_heldout_emotion_eegnet_none_bs128_seed20260532,20260532,11,4.0,23232,,0.371408267519156,0.3384223918575064,0.3395352728484295,0.3163540341788504,,5.0
deep_stimulus_holdout/seed_iv_loso_stimulus_heldout_emotion_eegnet_none_bs128_seed20260532,20260532,12,4.0,22880,,0.2497495277180639,0.2470588235294117,0.2060369344005511,0.2024575912410397,,5.0
deep_stimulus_holdout/seed_iv_loso_stimulus_heldout_emotion_eegnet_none_bs128_seed20260532,20260532,13,4.0,22506,,0.4103053435114503,0.420479302832244,0.3503951437991151,0.3570182609924037,,5.0
deep_stimulus_holdout/seed_iv_loso_stimulus_heldout_emotion_eegnet_none_bs128_seed20260532,20260532,14,4.0,22660,,0.3538145486341001,0.4089887640449438,0.3381450555991951,0.3677633392095536,,5.0
deep_stimulus_holdout/seed_iv_loso_stimulus_heldout_emotion_eegnet_none_bs128_seed20260532,20260532,15,4.0,23265,,0.3160879831835714,0.3333333333333333,0.2932663247730812,0.3148291013071598,,5.0
deep_stimulus_holdout/seed_iv_loso_stimulus_heldout_emotion_shallow_convnet_none_bs128_seed20260530,20260530,1,4.0,22506,,0.4246336005195169,0.4095860566448802,0.3703071383113078,0.3623716792772041,,5.0
deep_stimulus_holdout/seed_iv_loso_stimulus_heldout_emotion_shallow_convnet_none_bs128_seed20260530,20260530,2,4.0,22660,,0.3718878937196488,0.3146067415730337,0.2813134738975049,0.2550760814760129,,5.0
deep_stimulus_holdout/seed_iv_loso_stimulus_heldout_emotion_shallow_convnet_none_bs128_seed20260530,20260530,3,4.0,23265,,0.3026325655002125,0.2923076923076923,0.2655313682622856,0.2690172884392082,,5.0
deep_stimulus_holdout/seed_iv_loso_stimulus_heldout_emotion_shallow_convnet_none_bs128_seed20260530,20260530,4,4.0,23232,,0.5021829076901126,0.5674300254452926,0.4931389183148765,0.5341206587464796,,5.0
deep_stimulus_holdout/seed_iv_loso_stimulus_heldout_emotion_shallow_convnet_none_bs128_seed20260530,20260530,5,4.0,23232,,0.3275630611351336,0.3358778625954198,0.2800367386875549,0.2882475931357253,,5.0
deep_stimulus_holdout/seed_iv_loso_stimulus_heldout_emotion_shallow_convnet_none_bs128_seed20260530,20260530,6,4.0,22880,,0.3528301087877011,0.3576470588235294,0.3523560902915064,0.3539828981942877,,5.0
deep_stimulus_holdout/seed_iv_loso_stimulus_heldout_emotion_shallow_convnet_none_bs128_seed20260530,20260530,7,4.0,22506,,0.4857510075189885,0.4989106753812636,0.4424717814153026,0.452496388654545,,5.0
deep_stimulus_holdout/seed_iv_loso_stimulus_heldout_emotion_shallow_convnet_none_bs128_seed20260530,20260530,8,4.0,22660,,0.3693236981515236,0.3303370786516854,0.3142081521654063,0.3053880186290497,,5.0
deep_stimulus_holdout/seed_iv_loso_stimulus_heldout_emotion_shallow_convnet_none_bs128_seed20260530,20260530,9,4.0,23265,,0.363560113927761,0.382051282051282,0.3412013420854994,0.3590039902490281,,5.0
deep_stimulus_holdout/seed_iv_loso_stimulus_heldout_emotion_shallow_convnet_none_bs128_seed20260530,20260530,10,4.0,23232,,0.3298997227654081,0.4529262086513995,0.3144665701057475,0.3971996766354352,,5.0
deep_stimulus_holdout/seed_iv_loso_stimulus_heldout_emotion_shallow_convnet_none_bs128_seed20260530,20260530,11,4.0,23232,,0.2845229088467594,0.2519083969465648,0.2357011657199976,0.2211622458318513,,5.0
deep_stimulus_holdout/seed_iv_loso_stimulus_heldout_emotion_shallow_convnet_none_bs128_seed20260530,20260530,12,4.0,22880,,0.3201397303107289,0.3152941176470588,0.2720294484000741,0.2654380047388344,,5.0
deep_stimulus_holdout/seed_iv_loso_stimulus_heldout_emotion_shallow_convnet_none_bs128_seed20260530,20260530,13,4.0,22506,,0.390325111893499,0.4117647058823529,0.3292207649475505,0.3368357274279088,,5.0
deep_stimulus_holdout/seed_iv_loso_stimulus_heldout_emotion_shallow_convnet_none_bs128_seed20260530,20260530,14,4.0,22660,,0.3721671337127827,0.3797752808988764,0.3387036078064763,0.3548856312256333,,5.0
deep_stimulus_holdout/seed_iv_loso_stimulus_heldout_emotion_shallow_convnet_none_bs128_seed20260530,20260530,15,4.0,23265,,0.3690610435095729,0.4256410256410256,0.3350616260432211,0.3809161780940922,,5.0
deep_stimulus_holdout/seed_iv_loso_stimulus_heldout_emotion_shallow_convnet_none_bs128_seed20260531,20260531,1,4.0,22506,,0.3901224939357862,0.3812636165577342,0.3283157048502317,0.3274548215563098,,5.0
deep_stimulus_holdout/seed_iv_loso_stimulus_heldout_emotion_shallow_convnet_none_bs128_seed20260531,20260531,2,4.0,22660,,0.3769287733103012,0.2898876404494382,0.2673545387591247,0.2406314507557809,,5.0
deep_stimulus_holdout/seed_iv_loso_stimulus_heldout_emotion_shallow_convnet_none_bs128_seed20260531,20260531,3,4.0,23265,,0.2679628642863937,0.2769230769230769,0.2617386114337334,0.2755542154322642,,5.0
deep_stimulus_holdout/seed_iv_loso_stimulus_heldout_emotion_shallow_convnet_none_bs128_seed20260531,20260531,4,4.0,23232,,0.4666400202540711,0.5318066157760815,0.4444967983568926,0.4755946227029067,,5.0
deep_stimulus_holdout/seed_iv_loso_stimulus_heldout_emotion_shallow_convnet_none_bs128_seed20260531,20260531,5,4.0,23232,,0.2610968745146848,0.2824427480916031,0.2383046173427298,0.2571766106740685,,5.0
deep_stimulus_holdout/seed_iv_loso_stimulus_heldout_emotion_shallow_convnet_none_bs128_seed20260531,20260531,6,4.0,22880,,0.2907543482509283,0.2752941176470588,0.2624454167432783,0.2518561165946554,,5.0
deep_stimulus_holdout/seed_iv_loso_stimulus_heldout_emotion_shallow_convnet_none_bs128_seed20260531,20260531,7,4.0,22506,,0.5247001317892136,0.5359477124183006,0.4975621021002552,0.5049316106924832,,5.0
deep_stimulus_holdout/seed_iv_loso_stimulus_heldout_emotion_shallow_convnet_none_bs128_seed20260531,20260531,8,4.0,22660,,0.2896747331456974,0.3235955056179775,0.277477161963716,0.2941963588644165,,5.0
deep_stimulus_holdout/seed_iv_loso_stimulus_heldout_emotion_shallow_convnet_none_bs128_seed20260531,20260531,9,4.0,23265,,0.4009901283798343,0.4384615384615384,0.3986462152720975,0.4278484841845046,,5.0
deep_stimulus_holdout/seed_iv_loso_stimulus_heldout_emotion_shallow_convnet_none_bs128_seed20260531,20260531,10,4.0,23232,,0.3670463605616308,0.460559796437659,0.3579598651315237,0.4408283190607199,,5.0
deep_stimulus_holdout/seed_iv_loso_stimulus_heldout_emotion_shallow_convnet_none_bs128_seed20260531,20260531,11,4.0,23232,,0.321218932545688,0.3053435114503817,0.3029417279788894,0.3002975702012552,,5.0
deep_stimulus_holdout/seed_iv_loso_stimulus_heldout_emotion_shallow_convnet_none_bs128_seed20260531,20260531,12,4.0,22880,,0.2988157123314442,0.3176470588235294,0.2621388175668415,0.2711877439955809,,5.0
deep_stimulus_holdout/seed_iv_loso_stimulus_heldout_emotion_shallow_convnet_none_bs128_seed20260531,20260531,13,4.0,22506,,0.3932255887539871,0.4161220043572984,0.3510996331433473,0.3592578153510958,,5.0
deep_stimulus_holdout/seed_iv_loso_stimulus_heldout_emotion_shallow_convnet_none_bs128_seed20260531,20260531,14,4.0,22660,,0.4559550082692365,0.4269662921348314,0.4160174622729796,0.4048512201291062,,5.0
deep_stimulus_holdout/seed_iv_loso_stimulus_heldout_emotion_shallow_convnet_none_bs128_seed20260531,20260531,15,4.0,23265,,0.3225673819423819,0.3487179487179487,0.315923987931659,0.3370869453517334,,5.0
deep_stimulus_holdout/seed_iv_loso_stimulus_heldout_emotion_shallow_convnet_none_bs128_seed20260532,20260532,1,4.0,22506,,0.4262776232101815,0.4161220043572984,0.4063058307688788,0.4024257327866069,,5.0
deep_stimulus_holdout/seed_iv_loso_stimulus_heldout_emotion_shallow_convnet_none_bs128_seed20260532,20260532,2,4.0,22660,,0.4048157574593418,0.3078651685393258,0.2605654399360957,0.2200207941151945,,5.0
deep_stimulus_holdout/seed_iv_loso_stimulus_heldout_emotion_shallow_convnet_none_bs128_seed20260532,20260532,3,4.0,23265,,0.3118685892582951,0.2948717948717949,0.2977232147589493,0.2945193491761977,,5.0
deep_stimulus_holdout/seed_iv_loso_stimulus_heldout_emotion_shallow_convnet_none_bs128_seed20260532,20260532,4,4.0,23232,,0.4663580298719573,0.5139949109414759,0.4307249322493225,0.4680158188350331,,5.0
deep_stimulus_holdout/seed_iv_loso_stimulus_heldout_emotion_shallow_convnet_none_bs128_seed20260532,20260532,5,4.0,23232,,0.2693556933765288,0.2824427480916031,0.2235150477989722,0.2356000254726533,,5.0
deep_stimulus_holdout/seed_iv_loso_stimulus_heldout_emotion_shallow_convnet_none_bs128_seed20260532,20260532,6,4.0,22880,,0.2760500944563872,0.2470588235294117,0.2277394013712395,0.2098519749864204,,5.0
deep_stimulus_holdout/seed_iv_loso_stimulus_heldout_emotion_shallow_convnet_none_bs128_seed20260532,20260532,7,4.0,22506,,0.5020462344574678,0.5076252723311547,0.5061518408561951,0.5116567236624177,,5.0
deep_stimulus_holdout/seed_iv_loso_stimulus_heldout_emotion_shallow_convnet_none_bs128_seed20260532,20260532,8,4.0,22660,,0.3465968356660663,0.2898876404494382,0.2831735386838614,0.2799653720822992,,5.0
deep_stimulus_holdout/seed_iv_loso_stimulus_heldout_emotion_shallow_convnet_none_bs128_seed20260532,20260532,9,4.0,23265,,0.4166252164413929,0.4307692307692308,0.4051448204091168,0.4284402432028847,,5.0
deep_stimulus_holdout/seed_iv_loso_stimulus_heldout_emotion_shallow_convnet_none_bs128_seed20260532,20260532,10,4.0,23232,,0.3724333420056566,0.4020356234096692,0.3607052938448287,0.4004667414869202,,5.0
deep_stimulus_holdout/seed_iv_loso_stimulus_heldout_emotion_shallow_convnet_none_bs128_seed20260532,20260532,11,4.0,23232,,0.3059935100153472,0.2824427480916031,0.2818255411906682,0.2641263555915979,,5.0
deep_stimulus_holdout/seed_iv_loso_stimulus_heldout_emotion_shallow_convnet_none_bs128_seed20260532,20260532,12,4.0,22880,,0.3250117256204807,0.3388235294117647,0.2801108590303669,0.2841895055137304,,5.0
deep_stimulus_holdout/seed_iv_loso_stimulus_heldout_emotion_shallow_convnet_none_bs128_seed20260532,20260532,13,4.0,22506,,0.3902450515378591,0.4139433551198257,0.3447049341183067,0.3519607232358102,,5.0
deep_stimulus_holdout/seed_iv_loso_stimulus_heldout_emotion_shallow_convnet_none_bs128_seed20260532,20260532,14,4.0,22660,,0.4457761956789265,0.4561797752808988,0.4098890521181395,0.4144654668183954,,5.0
deep_stimulus_holdout/seed_iv_loso_stimulus_heldout_emotion_shallow_convnet_none_bs128_seed20260532,20260532,15,4.0,23265,,0.3634342103092103,0.4179487179487179,0.3389729276264892,0.3827280064628238,,5.0
deep_stimulus_holdout/seed_iv_loso_stimulus_seen_emotion_eegnet_none_bs128_seed20260530,20260530,1,4.0,23232,,0.3541812833850091,0.3442265795206972,0.3214467386005768,0.3166410742416244,,5.0
deep_stimulus_holdout/seed_iv_loso_stimulus_seen_emotion_eegnet_none_bs128_seed20260530,20260530,2,4.0,23232,,0.306379391300636,0.2696629213483146,0.1984109526174419,0.1809046451404972,,5.0
deep_stimulus_holdout/seed_iv_loso_stimulus_seen_emotion_eegnet_none_bs128_seed20260530,20260530,3,4.0,22880,,0.2805007657948834,0.2897435897435897,0.2455082848186296,0.2673844775913742,,5.0
deep_stimulus_holdout/seed_iv_loso_stimulus_seen_emotion_eegnet_none_bs128_seed20260530,20260530,4,4.0,22506,,0.3694620222179327,0.460559796437659,0.3329983684678229,0.4054956055522833,,5.0
deep_stimulus_holdout/seed_iv_loso_stimulus_seen_emotion_eegnet_none_bs128_seed20260530,20260530,5,4.0,22660,,0.2349988633420467,0.2748091603053435,0.1959556907286641,0.2303247985057337,,5.0
deep_stimulus_holdout/seed_iv_loso_stimulus_seen_emotion_eegnet_none_bs128_seed20260530,20260530,6,4.0,23265,,0.2679831932773109,0.2423529411764705,0.2105758827486044,0.1999281404633505,,5.0
deep_stimulus_holdout/seed_iv_loso_stimulus_seen_emotion_eegnet_none_bs128_seed20260530,20260530,7,4.0,23232,,0.3472531180563956,0.3747276688453159,0.2941916017394562,0.3034224906322404,,5.0
deep_stimulus_holdout/seed_iv_loso_stimulus_seen_emotion_eegnet_none_bs128_seed20260530,20260530,8,4.0,23232,,0.277612824446061,0.3123595505617977,0.2777439485263748,0.3005821214913532,,5.0
deep_stimulus_holdout/seed_iv_loso_stimulus_seen_emotion_eegnet_none_bs128_seed20260530,20260530,9,4.0,22880,,0.3408137128725364,0.4,0.3047512471723201,0.3518797077955989,,5.0
deep_stimulus_holdout/seed_iv_loso_stimulus_seen_emotion_eegnet_none_bs128_seed20260530,20260530,10,4.0,22506,,0.2557530374112835,0.2646310432569974,0.2033219003617702,0.23522494410827,,5.0
deep_stimulus_holdout/seed_iv_loso_stimulus_seen_emotion_eegnet_none_bs128_seed20260530,20260530,11,4.0,22660,,0.291015323921264,0.2951653944020356,0.2336119317402739,0.2304871333160511,,5.0
deep_stimulus_holdout/seed_iv_loso_stimulus_seen_emotion_eegnet_none_bs128_seed20260530,20260530,12,4.0,23265,,0.2474053807569539,0.2752941176470588,0.2297439215656155,0.254257431069433,,5.0
deep_stimulus_holdout/seed_iv_loso_stimulus_seen_emotion_eegnet_none_bs128_seed20260530,20260530,13,4.0,23232,,0.318103667814782,0.3398692810457516,0.2659351760992802,0.27483371047685,,5.0
deep_stimulus_holdout/seed_iv_loso_stimulus_seen_emotion_eegnet_none_bs128_seed20260530,20260530,14,4.0,23232,,0.4025738793390787,0.4044943820224719,0.3798469680822622,0.3863788657708022,,5.0
deep_stimulus_holdout/seed_iv_loso_stimulus_seen_emotion_eegnet_none_bs128_seed20260530,20260530,15,4.0,22880,,0.3228438967409556,0.3717948717948718,0.2849925291482828,0.3227937436002258,,5.0
deep_stimulus_holdout/seed_iv_loso_stimulus_seen_emotion_eegnet_none_bs128_seed20260531,20260531,1,4.0,23232,,0.4323813101248496,0.4183006535947712,0.3859354514073491,0.3790129990932099,,5.0
deep_stimulus_holdout/seed_iv_loso_stimulus_seen_emotion_eegnet_none_bs128_seed20260531,20260531,2,4.0,23232,,0.3253430927126274,0.3213483146067415,0.2834317208504091,0.2931958210353086,,5.0
deep_stimulus_holdout/seed_iv_loso_stimulus_seen_emotion_eegnet_none_bs128_seed20260531,20260531,3,4.0,22880,,0.2800241094358741,0.2564102564102564,0.2545672136536089,0.2538748442926886,,5.0
deep_stimulus_holdout/seed_iv_loso_stimulus_seen_emotion_eegnet_none_bs128_seed20260531,20260531,4,4.0,22506,,0.4470449058493422,0.376590330788804,0.3548667005563557,0.313448055248529,,5.0
deep_stimulus_holdout/seed_iv_loso_stimulus_seen_emotion_eegnet_none_bs128_seed20260531,20260531,5,4.0,22660,,0.3042737354567466,0.3307888040712468,0.2544669625703412,0.2749141934813108,,5.0
deep_stimulus_holdout/seed_iv_loso_stimulus_seen_emotion_eegnet_none_bs128_seed20260531,20260531,6,4.0,23265,,0.3036307080971923,0.2752941176470588,0.2076103071623427,0.1839458525869448,,5.0
deep_stimulus_holdout/seed_iv_loso_stimulus_seen_emotion_eegnet_none_bs128_seed20260531,20260531,7,4.0,23232,,0.4211227231344187,0.4422657952069717,0.4029564735542492,0.4082974925857768,,5.0
deep_stimulus_holdout/seed_iv_loso_stimulus_seen_emotion_eegnet_none_bs128_seed20260531,20260531,8,4.0,23232,,0.2995828372245518,0.3146067415730337,0.2580912863070539,0.2872753636702093,,5.0
deep_stimulus_holdout/seed_iv_loso_stimulus_seen_emotion_eegnet_none_bs128_seed20260531,20260531,9,4.0,22880,,0.4278363467701702,0.4487179487179487,0.4271035463365674,0.4435902582975182,,5.0
deep_stimulus_holdout/seed_iv_loso_stimulus_seen_emotion_eegnet_none_bs128_seed20260531,20260531,10,4.0,22506,,0.3365806987654528,0.2926208651399491,0.2705767696176678,0.2479837502960816,,5.0
deep_stimulus_holdout/seed_iv_loso_stimulus_seen_emotion_eegnet_none_bs128_seed20260531,20260531,11,4.0,22660,,0.2673504109319996,0.2315521628498727,0.2056622986211875,0.1818262169613053,,5.0
deep_stimulus_holdout/seed_iv_loso_stimulus_seen_emotion_eegnet_none_bs128_seed20260531,20260531,12,4.0,23265,,0.2717959742036349,0.3011764705882352,0.2551545504581882,0.2809859701991222,,5.0
deep_stimulus_holdout/seed_iv_loso_stimulus_seen_emotion_eegnet_none_bs128_seed20260531,20260531,13,4.0,23232,,0.3656401008473983,0.3899782135076253,0.3168701012914451,0.3266571546996106,,5.0
deep_stimulus_holdout/seed_iv_loso_stimulus_seen_emotion_eegnet_none_bs128_seed20260531,20260531,14,4.0,23232,,0.3679603980313677,0.3707865168539326,0.3614930190531326,0.3744602982000415,,5.0
deep_stimulus_holdout/seed_iv_loso_stimulus_seen_emotion_eegnet_none_bs128_seed20260531,20260531,15,4.0,22880,,0.321968055240114,0.3666666666666666,0.2952534192387352,0.3285688275192426,,5.0
deep_stimulus_holdout/seed_iv_loso_stimulus_seen_emotion_eegnet_none_bs128_seed20260532,20260532,1,4.0,23232,,0.3835752121679007,0.3681917211328976,0.3106260630382695,0.3017411572245829,,5.0
deep_stimulus_holdout/seed_iv_loso_stimulus_seen_emotion_eegnet_none_bs128_seed20260532,20260532,2,4.0,23232,,0.2060148024329084,0.1730337078651685,0.172771394876658,0.1536154235480078,,5.0
deep_stimulus_holdout/seed_iv_loso_stimulus_seen_emotion_eegnet_none_bs128_seed20260532,20260532,3,4.0,22880,,0.212134755149461,0.1923076923076923,0.1799365002855854,0.1780667241481835,,5.0
deep_stimulus_holdout/seed_iv_loso_stimulus_seen_emotion_eegnet_none_bs128_seed20260532,20260532,4,4.0,22506,,0.2381178680631904,0.1297709923664122,0.098324386693405,0.0824315828589729,,5.0
deep_stimulus_holdout/seed_iv_loso_stimulus_seen_emotion_eegnet_none_bs128_seed20260532,20260532,5,4.0,22660,,0.2538317699466653,0.2620865139949109,0.2037008487884822,0.2070183816899165,,5.0
deep_stimulus_holdout/seed_iv_loso_stimulus_seen_emotion_eegnet_none_bs128_seed20260532,20260532,6,4.0,23265,,0.2725965735131261,0.2517647058823529,0.2446686822877299,0.2384443199502023,,5.0
deep_stimulus_holdout/seed_iv_loso_stimulus_seen_emotion_eegnet_none_bs128_seed20260532,20260532,7,4.0,23232,,0.3316216121577141,0.3572984749455338,0.2883514623388734,0.2969278934000795,,5.0
deep_stimulus_holdout/seed_iv_loso_stimulus_seen_emotion_eegnet_none_bs128_seed20260532,20260532,8,4.0,23232,,0.2593506174454099,0.2629213483146067,0.2114045252746066,0.227962424459103,,5.0
deep_stimulus_holdout/seed_iv_loso_stimulus_seen_emotion_eegnet_none_bs128_seed20260532,20260532,9,4.0,22880,,0.3994005762388115,0.4564102564102564,0.3679689391290314,0.4069785668420576,,5.0
deep_stimulus_holdout/seed_iv_loso_stimulus_seen_emotion_eegnet_none_bs128_seed20260532,20260532,10,4.0,22506,,0.276779015215731,0.2671755725190839,0.2434142703662382,0.2570700475628441,,5.0
deep_stimulus_holdout/seed_iv_loso_stimulus_seen_emotion_eegnet_none_bs128_seed20260532,20260532,11,4.0,22660,,0.3670860343829391,0.3282442748091603,0.3355862499082838,0.3211219340886826,,5.0
deep_stimulus_holdout/seed_iv_loso_stimulus_seen_emotion_eegnet_none_bs128_seed20260532,20260532,12,4.0,23265,,0.2992329489935509,0.2870588235294117,0.2587186697961092,0.2509980990993873,,5.0
deep_stimulus_holdout/seed_iv_loso_stimulus_seen_emotion_eegnet_none_bs128_seed20260532,20260532,13,4.0,23232,,0.3470314002126454,0.3725490196078431,0.2886927573086307,0.2999305495394976,,5.0
deep_stimulus_holdout/seed_iv_loso_stimulus_seen_emotion_eegnet_none_bs128_seed20260532,20260532,14,4.0,23232,,0.3762390345200891,0.3775280898876405,0.3688985896507708,0.3747104395781862,,5.0
deep_stimulus_holdout/seed_iv_loso_stimulus_seen_emotion_eegnet_none_bs128_seed20260532,20260532,15,4.0,22880,,0.2955616350836939,0.3256410256410256,0.2900880522706657,0.3099899314567909,,5.0
deep_stimulus_holdout/seed_iv_loso_stimulus_seen_emotion_shallow_convnet_none_bs128_seed20260530,20260530,1,4.0,23232,,0.3893793492032164,0.3725490196078431,0.3432389558186222,0.3305039719434636,,5.0
deep_stimulus_holdout/seed_iv_loso_stimulus_seen_emotion_shallow_convnet_none_bs128_seed20260530,20260530,2,4.0,23232,,0.3649152153498101,0.3011235955056179,0.2697329079124275,0.2452569018724788,,5.0
deep_stimulus_holdout/seed_iv_loso_stimulus_seen_emotion_shallow_convnet_none_bs128_seed20260530,20260530,3,4.0,22880,,0.2689864719276483,0.2615384615384615,0.2245574797774897,0.2342660349514983,,5.0
deep_stimulus_holdout/seed_iv_loso_stimulus_seen_emotion_shallow_convnet_none_bs128_seed20260530,20260530,4,4.0,22506,,0.5354959589771134,0.5852417302798982,0.5392375756234545,0.576299534491654,,5.0
deep_stimulus_holdout/seed_iv_loso_stimulus_seen_emotion_shallow_convnet_none_bs128_seed20260530,20260530,5,4.0,22660,,0.2754758232320087,0.27735368956743,0.2229570386615986,0.2221166417954218,,5.0
deep_stimulus_holdout/seed_iv_loso_stimulus_seen_emotion_shallow_convnet_none_bs128_seed20260530,20260530,6,4.0,23265,,0.3389928994853756,0.3011764705882352,0.2627119600803811,0.243596670531655,,5.0
deep_stimulus_holdout/seed_iv_loso_stimulus_seen_emotion_shallow_convnet_none_bs128_seed20260530,20260530,7,4.0,23232,,0.4790437642055403,0.4967320261437908,0.4464825589198781,0.4555106027252216,,5.0
deep_stimulus_holdout/seed_iv_loso_stimulus_seen_emotion_shallow_convnet_none_bs128_seed20260530,20260530,8,4.0,23232,,0.3634306069828503,0.3775280898876405,0.352864267819402,0.3663216965345194,,5.0
deep_stimulus_holdout/seed_iv_loso_stimulus_seen_emotion_shallow_convnet_none_bs128_seed20260530,20260530,9,4.0,22880,,0.3895946103666691,0.4512820512820513,0.3574718537321212,0.4073323238861256,,5.0
deep_stimulus_holdout/seed_iv_loso_stimulus_seen_emotion_shallow_convnet_none_bs128_seed20260530,20260530,10,4.0,22506,,0.3790629834470527,0.4783715012722646,0.3753794604501976,0.4479313001875568,,5.0
deep_stimulus_holdout/seed_iv_loso_stimulus_seen_emotion_shallow_convnet_none_bs128_seed20260530,20260530,11,4.0,22660,,0.2732349539671987,0.2620865139949109,0.2648604155968334,0.2644305335529267,,5.0
deep_stimulus_holdout/seed_iv_loso_stimulus_seen_emotion_shallow_convnet_none_bs128_seed20260530,20260530,12,4.0,23265,,0.3623770438407921,0.3458823529411765,0.3287424642777651,0.3153504853903679,,5.0
deep_stimulus_holdout/seed_iv_loso_stimulus_seen_emotion_shallow_convnet_none_bs128_seed20260530,20260530,13,4.0,23232,,0.3780868599150692,0.4008714596949891,0.3049246154293313,0.3134929301097384,,5.0
deep_stimulus_holdout/seed_iv_loso_stimulus_seen_emotion_shallow_convnet_none_bs128_seed20260530,20260530,14,4.0,23232,,0.3988930189661138,0.4134831460674157,0.3538907588460018,0.3759239971019045,,5.0
deep_stimulus_holdout/seed_iv_loso_stimulus_seen_emotion_shallow_convnet_none_bs128_seed20260530,20260530,15,4.0,22880,,0.3476098027568616,0.3897435897435897,0.3442892080610648,0.3791010590243578,,5.0
deep_stimulus_holdout/seed_iv_loso_stimulus_seen_emotion_shallow_convnet_none_bs128_seed20260531,20260531,1,4.0,23232,,0.4036028751695115,0.3877995642701525,0.3357299498746867,0.3268028913969746,,5.0
deep_stimulus_holdout/seed_iv_loso_stimulus_seen_emotion_shallow_convnet_none_bs128_seed20260531,20260531,2,4.0,23232,,0.3863882338436555,0.3168539325842696,0.2977846932030337,0.273542371506422,,5.0
deep_stimulus_holdout/seed_iv_loso_stimulus_seen_emotion_shallow_convnet_none_bs128_seed20260531,20260531,3,4.0,22880,,0.2765732037790861,0.2615384615384615,0.2544906482406482,0.2558793841486149,,5.0
deep_stimulus_holdout/seed_iv_loso_stimulus_seen_emotion_shallow_convnet_none_bs128_seed20260531,20260531,4,4.0,22506,,0.4317298627255154,0.5343511450381679,0.4182491723241297,0.4760211761880107,,5.0
deep_stimulus_holdout/seed_iv_loso_stimulus_seen_emotion_shallow_convnet_none_bs128_seed20260531,20260531,5,4.0,22660,,0.3181799928018499,0.3104325699745547,0.2603082069909199,0.2510252864470739,,5.0
deep_stimulus_holdout/seed_iv_loso_stimulus_seen_emotion_shallow_convnet_none_bs128_seed20260531,20260531,6,4.0,23265,,0.2994550843593251,0.2611764705882353,0.2468242267223168,0.2271426602665262,,5.0
deep_stimulus_holdout/seed_iv_loso_stimulus_seen_emotion_shallow_convnet_none_bs128_seed20260531,20260531,7,4.0,23232,,0.5327190597762766,0.55119825708061,0.5051049871110237,0.5124921583582132,,5.0
deep_stimulus_holdout/seed_iv_loso_stimulus_seen_emotion_shallow_convnet_none_bs128_seed20260531,20260531,8,4.0,23232,,0.3946893257824895,0.397752808988764,0.3791342487360011,0.3970366856306656,,5.0
deep_stimulus_holdout/seed_iv_loso_stimulus_seen_emotion_shallow_convnet_none_bs128_seed20260531,20260531,9,4.0,22880,,0.4339338429411959,0.4846153846153846,0.4218365736601172,0.4534304755320643,,5.0
deep_stimulus_holdout/seed_iv_loso_stimulus_seen_emotion_shallow_convnet_none_bs128_seed20260531,20260531,10,4.0,22506,,0.3303598454647946,0.4376590330788804,0.3255142490530762,0.4085456653226451,,5.0
deep_stimulus_holdout/seed_iv_loso_stimulus_seen_emotion_shallow_convnet_none_bs128_seed20260531,20260531,11,4.0,22660,,0.4195199816756463,0.3333333333333333,0.3322191550606425,0.2926169797750582,,5.0
deep_stimulus_holdout/seed_iv_loso_stimulus_seen_emotion_shallow_convnet_none_bs128_seed20260531,20260531,12,4.0,23265,,0.3222158165591817,0.3341176470588235,0.2931887949789974,0.2928437124064084,,5.0
deep_stimulus_holdout/seed_iv_loso_stimulus_seen_emotion_shallow_convnet_none_bs128_seed20260531,20260531,13,4.0,23232,,0.352066289337807,0.3769063180827887,0.278985157390016,0.2883926383971101,,5.0
deep_stimulus_holdout/seed_iv_loso_stimulus_seen_emotion_shallow_convnet_none_bs128_seed20260531,20260531,14,4.0,23232,,0.4767669930313177,0.4966292134831461,0.4582422646417513,0.4720428345498891,,5.0
deep_stimulus_holdout/seed_iv_loso_stimulus_seen_emotion_shallow_convnet_none_bs128_seed20260531,20260531,15,4.0,22880,,0.371122732703615,0.4153846153846154,0.3634583296089418,0.4039131758203477,,5.0
deep_stimulus_holdout/seed_iv_loso_stimulus_seen_emotion_shallow_convnet_none_bs128_seed20260532,20260532,1,4.0,23232,,0.3946187662746946,0.3943355119825708,0.3589500290734208,0.3618791878781371,,5.0
deep_stimulus_holdout/seed_iv_loso_stimulus_seen_emotion_shallow_convnet_none_bs128_seed20260532,20260532,2,4.0,23232,,0.3665892646146608,0.3123595505617977,0.2872671197957464,0.270714160928642,,5.0
deep_stimulus_holdout/seed_iv_loso_stimulus_seen_emotion_shallow_convnet_none_bs128_seed20260532,20260532,3,4.0,22880,,0.3067617006955242,0.3051282051282051,0.2880712226467997,0.2949667385392226,,5.0
deep_stimulus_holdout/seed_iv_loso_stimulus_seen_emotion_shallow_convnet_none_bs128_seed20260532,20260532,4,4.0,22506,,0.5144806817005587,0.5699745547073791,0.507887569102101,0.5424706874542762,,5.0
deep_stimulus_holdout/seed_iv_loso_stimulus_seen_emotion_shallow_convnet_none_bs128_seed20260532,20260532,5,4.0,22660,,0.2561804084142058,0.272264631043257,0.2009550652399818,0.2063739837449337,,5.0
deep_stimulus_holdout/seed_iv_loso_stimulus_seen_emotion_shallow_convnet_none_bs128_seed20260532,20260532,6,4.0,23265,,0.2682431111979675,0.2376470588235294,0.2352822114272496,0.2153183382999278,,5.0
deep_stimulus_holdout/seed_iv_loso_stimulus_seen_emotion_shallow_convnet_none_bs128_seed20260532,20260532,7,4.0,23232,,0.5194051658825103,0.5315904139433552,0.489608167955709,0.4974556712903311,,5.0
deep_stimulus_holdout/seed_iv_loso_stimulus_seen_emotion_shallow_convnet_none_bs128_seed20260532,20260532,8,4.0,23232,,0.3578610252854272,0.3123595505617977,0.3215665965886619,0.3218365524868098,,5.0
deep_stimulus_holdout/seed_iv_loso_stimulus_seen_emotion_shallow_convnet_none_bs128_seed20260532,20260532,9,4.0,22880,,0.4886669818655113,0.5128205128205128,0.4777836423087886,0.4973538501114744,,5.0
deep_stimulus_holdout/seed_iv_loso_stimulus_seen_emotion_shallow_convnet_none_bs128_seed20260532,20260532,10,4.0,22506,,0.352208924659891,0.4402035623409669,0.3426047884739591,0.4124304367625857,,5.0
deep_stimulus_holdout/seed_iv_loso_stimulus_seen_emotion_shallow_convnet_none_bs128_seed20260532,20260532,11,4.0,22660,,0.3251489858722154,0.2977099236641221,0.2834545180073063,0.2849076994582885,,5.0
deep_stimulus_holdout/seed_iv_loso_stimulus_seen_emotion_shallow_convnet_none_bs128_seed20260532,20260532,12,4.0,23265,,0.3298788352550322,0.3317647058823529,0.2945484875644826,0.2899163273133735,,5.0
deep_stimulus_holdout/seed_iv_loso_stimulus_seen_emotion_shallow_convnet_none_bs128_seed20260532,20260532,13,4.0,23232,,0.3329890048322712,0.3594771241830065,0.2382048640866677,0.249259621503796,,5.0
deep_stimulus_holdout/seed_iv_loso_stimulus_seen_emotion_shallow_convnet_none_bs128_seed20260532,20260532,14,4.0,23232,,0.4848021104944376,0.4741573033707865,0.47476540881038,0.4742234737063109,,5.0
deep_stimulus_holdout/seed_iv_loso_stimulus_seen_emotion_shallow_convnet_none_bs128_seed20260532,20260532,15,4.0,22880,,0.3508791718350541,0.3846153846153846,0.3537152023104588,0.3843388388036851,,5.0
deep_stimulus_holdout_matched/dreamer_loso_stimulus_heldout_arousal_eegnet_none_bs128_seed20260530,20260530,1,2.0,45616,,0.5889421063651592,0.3496208930075821,0.3483216703646811,0.3680061190863702,,5.0
deep_stimulus_holdout_matched/dreamer_loso_stimulus_heldout_arousal_eegnet_none_bs128_seed20260530,20260530,2,2.0,42660,,0.6321479229989868,0.628909551986475,0.6282454622047847,0.6300119410240811,,5.0
deep_stimulus_holdout_matched/dreamer_loso_stimulus_heldout_arousal_eegnet_none_bs128_seed20260530,20260530,3,2.0,42660,,0.6100091043587117,0.6524300441826215,0.5921714343886796,0.6685913571541767,,5.0
deep_stimulus_holdout_matched/dreamer_loso_stimulus_heldout_arousal_eegnet_none_bs128_seed20260530,20260530,4,2.0,45307,,0.4215141127036827,0.5602358887952822,0.4254022835013687,0.5944718998786063,,5.0
deep_stimulus_holdout_matched/dreamer_loso_stimulus_heldout_arousal_eegnet_none_bs128_seed20260530,20260530,5,2.0,42660,,0.5851169886801587,0.5629754860524091,0.5567679719165817,0.5735725994700003,,5.0
deep_stimulus_holdout_matched/dreamer_loso_stimulus_heldout_arousal_eegnet_none_bs128_seed20260530,20260530,6,2.0,42660,,0.4588931169268204,0.4013254786450663,0.397724886110655,0.3846941702718332,,5.0
deep_stimulus_holdout_matched/dreamer_loso_stimulus_heldout_arousal_eegnet_none_bs128_seed20260530,20260530,7,2.0,44644,,0.4746817529364988,0.4347093513058129,0.4303363079720174,0.4501411484548802,,5.0
deep_stimulus_holdout_matched/dreamer_loso_stimulus_heldout_arousal_eegnet_none_bs128_seed20260530,20260530,8,2.0,42660,,0.4624452152207354,0.4361792054099746,0.3690000663738221,0.5292901882709632,,5.0
deep_stimulus_holdout_matched/dreamer_loso_stimulus_heldout_arousal_eegnet_none_bs128_seed20260530,20260530,9,2.0,42660,,0.5834315165910147,0.4278350515463917,0.3998993354433079,0.4948617014455996,,5.0
deep_stimulus_holdout_matched/dreamer_loso_stimulus_heldout_arousal_eegnet_none_bs128_seed20260530,20260530,10,2.0,44990,,0.4430702162572555,0.3639427127211457,0.357374930892627,0.3932240733732916,,5.0
deep_stimulus_holdout_matched/dreamer_loso_stimulus_heldout_arousal_eegnet_none_bs128_seed20260530,20260530,11,2.0,42660,,0.2971261469618191,0.2933220625528318,0.2933175179352331,0.293528085217306,,5.0
deep_stimulus_holdout_matched/dreamer_loso_stimulus_heldout_arousal_eegnet_none_bs128_seed20260530,20260530,12,2.0,42660,,0.5302069625553296,0.5184094256259205,0.4994939328294452,0.4943351620667701,,5.0
deep_stimulus_holdout_matched/dreamer_loso_stimulus_heldout_arousal_eegnet_none_bs128_seed20260530,20260530,13,2.0,45613,,0.3758582112860817,0.3740522325189553,0.361870899728162,0.3607567534363211,,5.0
deep_stimulus_holdout_matched/dreamer_loso_stimulus_heldout_arousal_eegnet_none_bs128_seed20260530,20260530,14,2.0,42660,,0.5055693605709498,0.4708368554522401,0.4253003259351234,0.4084805267441163,,5.0
deep_stimulus_holdout_matched/dreamer_loso_stimulus_heldout_arousal_eegnet_none_bs128_seed20260530,20260530,15,2.0,42660,,0.4803823655300328,0.4845360824742268,0.4478597449908925,0.5218411571715611,,5.0
deep_stimulus_holdout_matched/dreamer_loso_stimulus_heldout_arousal_eegnet_none_bs128_seed20260530,20260530,16,2.0,44733,,0.5674242609781783,0.780960404380792,0.5704112426364962,0.7363675614602191,,5.0
deep_stimulus_holdout_matched/dreamer_loso_stimulus_heldout_arousal_eegnet_none_bs128_seed20260530,20260530,17,2.0,42490,,0.6543240197636453,0.6517328825021133,0.6510844104896025,0.6526483724021284,,5.0
deep_stimulus_holdout_matched/dreamer_loso_stimulus_heldout_arousal_eegnet_none_bs128_seed20260530,20260530,18,2.0,42660,,0.7323030204435768,0.7334315169366715,0.7227958822786409,0.7231157509901607,,5.0
deep_stimulus_holdout_matched/dreamer_loso_stimulus_heldout_arousal_eegnet_none_bs128_seed20260530,20260530,19,2.0,45120,,0.5506804470459536,0.3774220724515585,0.3773584369953685,0.3738850016783271,,5.0
deep_stimulus_holdout_matched/dreamer_loso_stimulus_heldout_arousal_eegnet_none_bs128_seed20260530,20260530,20,2.0,42660,,0.4304174391819765,0.3541842772612003,0.317292410700797,0.4395051031972602,,5.0
deep_stimulus_holdout_matched/dreamer_loso_stimulus_heldout_arousal_eegnet_none_bs128_seed20260530,20260530,21,2.0,42660,,0.4742509517126133,0.2547864506627393,0.2530220544752496,0.2796483969410037,,5.0
deep_stimulus_holdout_matched/dreamer_loso_stimulus_heldout_arousal_eegnet_none_bs128_seed20260530,20260530,22,2.0,45402,,0.6110327696682912,0.4827295703454086,0.4446034591022428,0.549419617021557,,5.0
deep_stimulus_holdout_matched/dreamer_loso_stimulus_heldout_arousal_eegnet_none_bs128_seed20260530,20260530,23,2.0,42660,,0.7358374989164669,0.7193575655114116,0.7174579880294659,0.7150492454492667,,5.0
deep_stimulus_holdout_matched/dreamer_loso_stimulus_heldout_valence_eegnet_none_bs128_seed20260530,20260530,1,2.0,36479,,0.5202026468155501,0.2737994945240101,0.2735721263617052,0.2649429632494692,,5.0
deep_stimulus_holdout_matched/dreamer_loso_stimulus_heldout_valence_eegnet_none_bs128_seed20260530,20260530,2,2.0,38165,,0.321991911990187,0.3212172442941673,0.268349809183088,0.4331033569663574,,5.0
deep_stimulus_holdout_matched/dreamer_loso_stimulus_heldout_valence_eegnet_none_bs128_seed20260530,20260530,3,2.0,39908,,0.5249153245871716,0.4617083946980854,0.4494050045619552,0.4302529292761565,,5.0
deep_stimulus_holdout_matched/dreamer_loso_stimulus_heldout_valence_eegnet_none_bs128_seed20260530,20260530,4,2.0,35411,,0.471859296482412,0.7910699241786016,0.4416745061147695,0.7404652629893776,,5.0
deep_stimulus_holdout_matched/dreamer_loso_stimulus_heldout_valence_eegnet_none_bs128_seed20260530,20260530,5,2.0,38762,,0.3296438975774302,0.588334742180896,0.3742066530889341,0.68085540495329,,5.0
deep_stimulus_holdout_matched/dreamer_loso_stimulus_heldout_valence_eegnet_none_bs128_seed20260530,20260530,6,2.0,39644,,0.5207332325528282,0.4970544918998527,0.3899551632034401,0.3764030513121542,,5.0
deep_stimulus_holdout_matched/dreamer_loso_stimulus_heldout_valence_eegnet_none_bs128_seed20260530,20260530,7,2.0,36474,,0.5819613073338239,0.607413647851727,0.580815842760661,0.609548588728602,,5.0
deep_stimulus_holdout_matched/dreamer_loso_stimulus_heldout_valence_eegnet_none_bs128_seed20260530,20260530,8,2.0,38270,,0.3651535188592456,0.5401521555367709,0.3743466898954704,0.6441549270884569,,5.0
deep_stimulus_holdout_matched/dreamer_loso_stimulus_heldout_valence_eegnet_none_bs128_seed20260530,20260530,9,2.0,40082,,0.4968303989820792,0.5957290132547864,0.4134739972386448,0.4857018767694803,,5.0
deep_stimulus_holdout_matched/dreamer_loso_stimulus_heldout_valence_eegnet_none_bs128_seed20260530,20260530,11,2.0,38097,,0.5283639725878386,0.6923076923076923,0.5272613098427029,0.6970300494597664,,5.0
deep_stimulus_holdout_matched/dreamer_loso_stimulus_heldout_valence_eegnet_none_bs128_seed20260530,20260530,12,2.0,39472,,0.4256509540942145,0.4101620029455081,0.3747924372138737,0.3660321732555742,,5.0
deep_stimulus_holdout_matched/dreamer_loso_stimulus_heldout_valence_eegnet_none_bs128_seed20260530,20260530,13,2.0,35879,,0.5915178571428571,0.2291491154170176,0.2185873338489486,0.2991783192922578,,5.0
deep_stimulus_holdout_matched/dreamer_loso_stimulus_heldout_valence_eegnet_none_bs128_seed20260530,20260530,14,2.0,38142,,0.4928761002486058,0.4970414201183432,0.4758255792738551,0.5165635593828091,,5.0
deep_stimulus_holdout_matched/dreamer_loso_stimulus_heldout_valence_eegnet_none_bs128_seed20260530,20260530,15,2.0,40016,,0.3894071477923386,0.4403534609720176,0.3779892771734938,0.4214991728468825,,5.0
deep_stimulus_holdout_matched/dreamer_loso_stimulus_heldout_valence_eegnet_none_bs128_seed20260530,20260530,16,2.0,36013,,0.4610927152317881,0.3824768323504633,0.3655290144698625,0.337311771297522,,5.0
deep_stimulus_holdout_matched/dreamer_loso_stimulus_heldout_valence_eegnet_none_bs128_seed20260530,20260530,17,2.0,38300,,0.5159714670156489,0.801352493660186,0.4905655536884773,0.7357643407440786,,5.0
deep_stimulus_holdout_matched/dreamer_loso_stimulus_heldout_valence_eegnet_none_bs128_seed20260530,20260530,18,2.0,40424,,0.5938213302747064,0.6406480117820325,0.5926854692785776,0.6235626425640635,,5.0
deep_stimulus_holdout_matched/dreamer_loso_stimulus_heldout_valence_eegnet_none_bs128_seed20260530,20260530,19,2.0,35212,,0.4438358474368408,0.4128053917438922,0.4127787182244367,0.4138556615724508,,5.0
deep_stimulus_holdout_matched/dreamer_loso_stimulus_heldout_valence_eegnet_none_bs128_seed20260530,20260530,20,2.0,38066,,0.7214140601042625,0.5054945054945055,0.437988320506355,0.6011557090996651,,5.0
deep_stimulus_holdout_matched/dreamer_loso_stimulus_heldout_valence_eegnet_none_bs128_seed20260530,20260530,21,2.0,39717,,0.5588743313083688,0.6421207658321061,0.5116120056831637,0.5640386016404311,,5.0
deep_stimulus_holdout_matched/dreamer_loso_stimulus_heldout_valence_eegnet_none_bs128_seed20260530,20260530,22,2.0,35088,,0.404297480620155,0.4128053917438922,0.3963465841890098,0.431027642965369,,5.0
deep_stimulus_holdout_matched/dreamer_loso_stimulus_heldout_valence_eegnet_none_bs128_seed20260530,20260530,23,2.0,38718,,0.4217905834149171,0.5131022823330516,0.4166666666666667,0.5608188655525933,,5.0
deep_stimulus_holdout_matched/dreamer_loso_stimulus_heldout_valence_shallow_convnet_none_bs128_seed20260530,20260530,1,2.0,36479,,0.4887303556658395,0.3176074136478517,0.313921792493221,0.3476854713465617,,5.0
deep_stimulus_holdout_matched/dreamer_loso_stimulus_heldout_valence_shallow_convnet_none_bs128_seed20260530,20260530,2,2.0,38165,,0.3525711054891138,0.4995773457311919,0.3570416069920311,0.6106375084112561,,5.0
deep_stimulus_holdout_matched/dreamer_loso_stimulus_heldout_valence_shallow_convnet_none_bs128_seed20260530,20260530,3,2.0,39908,,0.6091343959896991,0.553019145802651,0.5485577557629253,0.5381147983366045,,5.0
deep_stimulus_holdout_matched/dreamer_loso_stimulus_heldout_valence_shallow_convnet_none_bs128_seed20260530,20260530,4,2.0,35411,,0.4854271356783919,0.8138163437236732,0.4486762656758012,0.752203680450585,,5.0
deep_stimulus_holdout_matched/dreamer_loso_stimulus_heldout_valence_shallow_convnet_none_bs128_seed20260530,20260530,5,2.0,38762,,0.5189934069303894,0.918850380388842,0.5172413793103449,0.8860963562044974,,5.0
deep_stimulus_holdout_matched/dreamer_loso_stimulus_heldout_valence_shallow_convnet_none_bs128_seed20260530,20260530,6,2.0,39644,,0.5234249420874615,0.5036818851251841,0.4367919071587678,0.4265011413177808,,5.0
deep_stimulus_holdout_matched/dreamer_loso_stimulus_heldout_valence_shallow_convnet_none_bs128_seed20260530,20260530,7,2.0,36474,,0.58758124846701,0.6107834877843302,0.5858952131258457,0.6135203427295931,,5.0
deep_stimulus_holdout_matched/dreamer_loso_stimulus_heldout_valence_shallow_convnet_none_bs128_seed20260530,20260530,8,2.0,38270,,0.4021580803434529,0.7041420118343196,0.4240217899352311,0.7605055958770452,,5.0
deep_stimulus_holdout_matched/dreamer_loso_stimulus_heldout_valence_shallow_convnet_none_bs128_seed20260530,20260530,9,2.0,40082,,0.4937337671962256,0.5927835051546392,0.4092005837394728,0.4819547137586932,,5.0
deep_stimulus_holdout_matched/dreamer_loso_stimulus_heldout_valence_shallow_convnet_none_bs128_seed20260530,20260530,11,2.0,38097,,0.4901827477428478,0.5680473372781065,0.4722590580485092,0.6089094008383514,,5.0
deep_stimulus_holdout_matched/dreamer_loso_stimulus_heldout_valence_shallow_convnet_none_bs128_seed20260530,20260530,12,2.0,39472,,0.5001665066896511,0.4756995581737849,0.3839810192228788,0.3699781888486947,,5.0
deep_stimulus_holdout_matched/dreamer_loso_stimulus_heldout_valence_shallow_convnet_none_bs128_seed20260530,20260530,13,2.0,35879,,0.596875,0.2392586352148273,0.226913115258978,0.3135786653490399,,5.0
deep_stimulus_holdout_matched/dreamer_loso_stimulus_heldout_valence_shallow_convnet_none_bs128_seed20260530,20260530,14,2.0,38142,,0.5267503191560842,0.5376162299239222,0.5114054301792568,0.5551219830380602,,5.0
deep_stimulus_holdout_matched/dreamer_loso_stimulus_heldout_valence_shallow_convnet_none_bs128_seed20260530,20260530,15,2.0,40016,,0.6396836327732185,0.6590574374079529,0.6401862607249564,0.658389968136207,,5.0
deep_stimulus_holdout_matched/dreamer_loso_stimulus_heldout_valence_shallow_convnet_none_bs128_seed20260530,20260530,16,2.0,36013,,0.5058728844738778,0.4035383319292334,0.3675907531154054,0.3265622444338987,,5.0
deep_stimulus_holdout_matched/dreamer_loso_stimulus_heldout_valence_shallow_convnet_none_bs128_seed20260530,20260530,17,2.0,38300,,0.5200242382909701,0.7726120033812341,0.5126639948667138,0.7319951270508402,,5.0
deep_stimulus_holdout_matched/dreamer_loso_stimulus_heldout_valence_shallow_convnet_none_bs128_seed20260530,20260530,18,2.0,40424,,0.5352954455797747,0.6347569955817378,0.460359883991091,0.5281307822776119,,5.0
deep_stimulus_holdout_matched/dreamer_loso_stimulus_heldout_valence_shallow_convnet_none_bs128_seed20260530,20260530,19,2.0,35212,,0.3685798381162619,0.3479359730412805,0.3475465298609217,0.3518841211456077,,5.0
deep_stimulus_holdout_matched/dreamer_loso_stimulus_heldout_valence_shallow_convnet_none_bs128_seed20260530,20260530,20,2.0,38066,,0.4826548604722477,0.8520710059171598,0.4817754681605751,0.8487383460773504,,5.0
deep_stimulus_holdout_matched/dreamer_loso_stimulus_heldout_valence_shallow_convnet_none_bs128_seed20260530,20260530,21,2.0,39717,,0.5462711941245806,0.6296023564064801,0.4960957181628592,0.5499567653512728,,5.0
deep_stimulus_holdout_matched/dreamer_loso_stimulus_heldout_valence_shallow_convnet_none_bs128_seed20260530,20260530,22,2.0,35088,,0.4474644702842377,0.4700926705981466,0.4429537612146308,0.4857337977619286,,5.0
deep_stimulus_holdout_matched/dreamer_loso_stimulus_heldout_valence_shallow_convnet_none_bs128_seed20260530,20260530,23,2.0,38718,,0.4152208201892745,0.5156382079459002,0.4133391838525669,0.5622318930086533,,5.0
deep_stimulus_holdout_matched/dreamer_loso_stimulus_seen_arousal_eegnet_none_bs128_seed20260530,20260530,1,2.0,45616,,0.5992174413735343,0.4161752316764954,0.4053712350067119,0.4595937932931878,,5.0
deep_stimulus_holdout_matched/dreamer_loso_stimulus_seen_arousal_eegnet_none_bs128_seed20260530,20260530,2,2.0,42660,,0.5891185410334346,0.5731191885038038,0.5706340929819051,0.5669616740439881,,5.0
deep_stimulus_holdout_matched/dreamer_loso_stimulus_seen_arousal_eegnet_none_bs128_seed20260530,20260530,3,2.0,42660,,0.6086975076818026,0.4977908689248895,0.4953730341388569,0.512400764227725,,5.0
deep_stimulus_holdout_matched/dreamer_loso_stimulus_seen_arousal_eegnet_none_bs128_seed20260530,20260530,4,2.0,45307,,0.2931771353505907,0.3226621735467565,0.2859926021690727,0.3842779589100021,,5.0
deep_stimulus_holdout_matched/dreamer_loso_stimulus_seen_arousal_eegnet_none_bs128_seed20260530,20260530,5,2.0,42660,,0.6846035507481797,0.6720202874049028,0.6610315186246418,0.6805843043885802,,5.0
deep_stimulus_holdout_matched/dreamer_loso_stimulus_seen_arousal_eegnet_none_bs128_seed20260530,20260530,6,2.0,42660,,0.4349697958069473,0.3512518409425625,0.3301554295069154,0.2968913782805837,,5.0
deep_stimulus_holdout_matched/dreamer_loso_stimulus_seen_arousal_eegnet_none_bs128_seed20260530,20260530,7,2.0,44644,,0.4595645962356207,0.3260320134793597,0.3096228225782999,0.2673893312427854,,5.0
deep_stimulus_holdout_matched/dreamer_loso_stimulus_seen_arousal_eegnet_none_bs128_seed20260530,20260530,8,2.0,42660,,0.5644573767161061,0.6889264581572274,0.5145627603678825,0.7410634171577085,,5.0
deep_stimulus_holdout_matched/dreamer_loso_stimulus_seen_arousal_eegnet_none_bs128_seed20260530,20260530,9,2.0,42660,,0.6099386491548417,0.6237113402061856,0.5192587332652107,0.6836107024803939,,5.0
deep_stimulus_holdout_matched/dreamer_loso_stimulus_seen_arousal_eegnet_none_bs128_seed20260530,20260530,10,2.0,44990,,0.4467602230331529,0.3032855939342881,0.3031589827026513,0.2979758354075183,,5.0
deep_stimulus_holdout_matched/dreamer_loso_stimulus_seen_arousal_eegnet_none_bs128_seed20260530,20260530,11,2.0,42660,,0.4438082900052747,0.4065934065934066,0.3619260556887331,0.3420897560856993,,5.0
deep_stimulus_holdout_matched/dreamer_loso_stimulus_seen_arousal_eegnet_none_bs128_seed20260530,20260530,12,2.0,42660,,0.4724858345387117,0.4668630338733431,0.4633418919863061,0.4610371445693364,,5.0
deep_stimulus_holdout_matched/dreamer_loso_stimulus_seen_arousal_eegnet_none_bs128_seed20260530,20260530,13,2.0,45613,,0.3402562850312051,0.3386689132266217,0.3287906280862074,0.3277616400507476,,5.0
deep_stimulus_holdout_matched/dreamer_loso_stimulus_seen_arousal_eegnet_none_bs128_seed20260530,20260530,14,2.0,42660,,0.4406353838596897,0.4505494505494505,0.4393773694954797,0.4476059082358294,,5.0
deep_stimulus_holdout_matched/dreamer_loso_stimulus_seen_arousal_eegnet_none_bs128_seed20260530,20260530,15,2.0,42660,,0.4279468064868978,0.3107511045655375,0.3107451245778538,0.3096896567516777,,5.0
deep_stimulus_holdout_matched/dreamer_loso_stimulus_seen_arousal_eegnet_none_bs128_seed20260530,20260530,16,2.0,44733,,0.5552480549908975,0.6832350463352991,0.5539770228891678,0.6864715539646232,,5.0
deep_stimulus_holdout_matched/dreamer_loso_stimulus_seen_arousal_eegnet_none_bs128_seed20260530,20260530,17,2.0,42490,,0.7920367534456356,0.7912087912087912,0.7900470272930745,0.7916708564025422,,5.0
deep_stimulus_holdout_matched/dreamer_loso_stimulus_seen_arousal_eegnet_none_bs128_seed20260530,20260530,18,2.0,42660,,0.5672707553820292,0.5684830633284241,0.5487471562363199,0.549303097281168,,5.0
deep_stimulus_holdout_matched/dreamer_loso_stimulus_seen_arousal_eegnet_none_bs128_seed20260530,20260530,19,2.0,45120,,0.567422220045227,0.4220724515585509,0.4206410869391983,0.4365316602557402,,5.0
deep_stimulus_holdout_matched/dreamer_loso_stimulus_seen_arousal_eegnet_none_bs128_seed20260530,20260530,20,2.0,42660,,0.2756404854205292,0.4539306846999155,0.3200084707758234,0.5523953981755336,,5.0
deep_stimulus_holdout_matched/dreamer_loso_stimulus_seen_arousal_eegnet_none_bs128_seed20260530,20260530,21,2.0,42660,,0.4929753986396729,0.1737849779086892,0.1692803915026137,0.1244147108981015,,5.0
deep_stimulus_holdout_matched/dreamer_loso_stimulus_seen_arousal_eegnet_none_bs128_seed20260530,20260530,22,2.0,45402,,0.413163919143764,0.489469250210615,0.3901611492054448,0.5674229996426483,,5.0
deep_stimulus_holdout_matched/dreamer_loso_stimulus_seen_arousal_eegnet_none_bs128_seed20260530,20260530,23,2.0,42660,,0.4151651304573954,0.3812341504649197,0.3272895070475054,0.3074829663300668,,5.0
deep_stimulus_holdout_matched/dreamer_loso_stimulus_seen_valence_eegnet_none_bs128_seed20260530,20260530,1,2.0,36479,,0.6838838916459884,0.4785172704296546,0.4659623722148934,0.5209417891223916,,5.0
deep_stimulus_holdout_matched/dreamer_loso_stimulus_seen_valence_eegnet_none_bs128_seed20260530,20260530,2,2.0,38165,,0.4415440049064704,0.4623837700760778,0.3631386490604367,0.5737423212799233,,5.0
deep_stimulus_holdout_matched/dreamer_loso_stimulus_seen_valence_eegnet_none_bs128_seed20260530,20260530,3,2.0,39908,,0.6233073516833036,0.6303387334315169,0.6186246867167919,0.6341777907581916,,5.0
deep_stimulus_holdout_matched/dreamer_loso_stimulus_seen_valence_eegnet_none_bs128_seed20260530,20260530,4,2.0,35411,,0.3809045226130653,0.6385846672283066,0.3897172236503856,0.6533591196834603,,5.0
deep_stimulus_holdout_matched/dreamer_loso_stimulus_seen_valence_eegnet_none_bs128_seed20260530,20260530,5,2.0,38762,,0.5322753756516406,0.8385460693153001,0.5271851831701504,0.8486004312637373,,5.0
deep_stimulus_holdout_matched/dreamer_loso_stimulus_seen_valence_eegnet_none_bs128_seed20260530,20260530,6,2.0,39644,,0.6040141817746794,0.5972017673048601,0.5934182921429247,0.5913388248783497,,5.0
deep_stimulus_holdout_matched/dreamer_loso_stimulus_seen_valence_eegnet_none_bs128_seed20260530,20260530,7,2.0,36474,,0.5940428010792249,0.6208930075821398,0.5933346935792333,0.6221416043330805,,5.0
deep_stimulus_holdout_matched/dreamer_loso_stimulus_seen_valence_eegnet_none_bs128_seed20260530,20260530,8,2.0,38270,,0.4082863768782582,0.7066779374471682,0.4276442284230765,0.7624171166105763,,5.0
deep_stimulus_holdout_matched/dreamer_loso_stimulus_seen_valence_eegnet_none_bs128_seed20260530,20260530,9,2.0,40082,,0.6216887360588861,0.6391752577319587,0.6214317573595005,0.639537369984458,,5.0
deep_stimulus_holdout_matched/dreamer_loso_stimulus_seen_valence_eegnet_none_bs128_seed20260530,20260530,11,2.0,38097,,0.5195823815221727,0.6703296703296703,0.5166876178504085,0.6823077613775288,,5.0
deep_stimulus_holdout_matched/dreamer_loso_stimulus_seen_valence_eegnet_none_bs128_seed20260530,20260530,12,2.0,39472,,0.5211180543312417,0.4963181148748159,0.4058124539425202,0.3921512221036832,,5.0
deep_stimulus_holdout_matched/dreamer_loso_stimulus_seen_valence_eegnet_none_bs128_seed20260530,20260530,13,2.0,35879,,0.546741737739872,0.2240943555181128,0.2125046732068752,0.2972542251078007,,5.0
deep_stimulus_holdout_matched/dreamer_loso_stimulus_seen_valence_eegnet_none_bs128_seed20260530,20260530,14,2.0,38142,,0.5063512060740442,0.474218089602705,0.4674873353596758,0.4906148142248212,,5.0
deep_stimulus_holdout_matched/dreamer_loso_stimulus_seen_valence_eegnet_none_bs128_seed20260530,20260530,15,2.0,40016,,0.4981176218415153,0.5964653902798233,0.4166227674091912,0.4881781876494957,,5.0
deep_stimulus_holdout_matched/dreamer_loso_stimulus_seen_valence_eegnet_none_bs128_seed20260530,20260530,16,2.0,36013,,0.5197541084130488,0.4785172704296546,0.4784639682004507,0.4770292498643802,,5.0
deep_stimulus_holdout_matched/dreamer_loso_stimulus_seen_valence_eegnet_none_bs128_seed20260530,20260530,17,2.0,38300,,0.5472185869905812,0.6754015215553677,0.538089853822814,0.6932839713065839,,5.0
deep_stimulus_holdout_matched/dreamer_loso_stimulus_seen_valence_eegnet_none_bs128_seed20260530,20260530,18,2.0,40424,,0.7794527763652658,0.7628865979381443,0.7606249384148811,0.7657650736950248,,5.0
deep_stimulus_holdout_matched/dreamer_loso_stimulus_seen_valence_eegnet_none_bs128_seed20260530,20260530,19,2.0,35212,,0.4162067696835909,0.3858466722830665,0.3858449287242763,0.3861265134688975,,5.0
deep_stimulus_holdout_matched/dreamer_loso_stimulus_seen_valence_eegnet_none_bs128_seed20260530,20260530,20,2.0,38066,,0.4845091613002146,0.8816568047337278,0.4755674333772418,0.8621520318539734,,5.0
deep_stimulus_holdout_matched/dreamer_loso_stimulus_seen_valence_eegnet_none_bs128_seed20260530,20260530,21,2.0,39717,,0.549156768519358,0.6134020618556701,0.52895168211721,0.5703690857454635,,5.0
deep_stimulus_holdout_matched/dreamer_loso_stimulus_seen_valence_eegnet_none_bs128_seed20260530,20260530,22,2.0,35088,,0.4973611111111111,0.5930918281381634,0.4908090537282016,0.5702127864938298,,5.0
deep_stimulus_holdout_matched/dreamer_loso_stimulus_seen_valence_eegnet_none_bs128_seed20260530,20260530,23,2.0,38718,,0.4050137785996591,0.4573119188503803,0.3899906830302641,0.5131559974187211,,5.0
deep_stimulus_holdout_matched/dreamer_loso_stimulus_seen_valence_shallow_convnet_none_bs128_seed20260530,20260530,1,2.0,36479,,0.6650589330024814,0.4608256107834877,0.4496699526516798,0.5022797723620406,,5.0
deep_stimulus_holdout_matched/dreamer_loso_stimulus_seen_valence_shallow_convnet_none_bs128_seed20260530,20260530,2,2.0,38165,,0.3808551824593683,0.4032121724429416,0.3221939802371028,0.5184996733324239,,5.0
deep_stimulus_holdout_matched/dreamer_loso_stimulus_seen_valence_shallow_convnet_none_bs128_seed20260530,20260530,3,2.0,39908,,0.6361342148290324,0.6001472754050073,0.6001297121658842,0.5995130473255552,,5.0
deep_stimulus_holdout_matched/dreamer_loso_stimulus_seen_valence_shallow_convnet_none_bs128_seed20260530,20260530,4,2.0,35411,,0.4077208961474036,0.6764953664700927,0.4084779020151368,0.6778371309980273,,5.0
deep_stimulus_holdout_matched/dreamer_loso_stimulus_seen_valence_shallow_convnet_none_bs128_seed20260530,20260530,5,2.0,38762,,0.5441007359705612,0.8951817413355875,0.5531279701703506,0.880640324976872,,5.0
deep_stimulus_holdout_matched/dreamer_loso_stimulus_seen_valence_shallow_convnet_none_bs128_seed20260530,20260530,6,2.0,39644,,0.6059609131148789,0.5986745213549337,0.5941745283665485,0.5919087976311378,,5.0
deep_stimulus_holdout_matched/dreamer_loso_stimulus_seen_valence_shallow_convnet_none_bs128_seed20260530,20260530,7,2.0,36474,,0.6163125459896983,0.615838247683235,0.6049570853039061,0.6227977728598617,,5.0
deep_stimulus_holdout_matched/dreamer_loso_stimulus_seen_valence_shallow_convnet_none_bs128_seed20260530,20260530,8,2.0,38270,,0.4242228227537565,0.7185122569737954,0.4377063430550976,0.7705755544108747,,5.0
deep_stimulus_holdout_matched/dreamer_loso_stimulus_seen_valence_shallow_convnet_none_bs128_seed20260530,20260530,9,2.0,40082,,0.6204744824315171,0.6502209131075111,0.6223367289167525,0.6450067973645236,,5.0
deep_stimulus_holdout_matched/dreamer_loso_stimulus_seen_valence_shallow_convnet_none_bs128_seed20260530,20260530,11,2.0,38097,,0.5050604626708728,0.5841081994928149,0.4859247482776894,0.62247001215327,,5.0
deep_stimulus_holdout_matched/dreamer_loso_stimulus_seen_valence_shallow_convnet_none_bs128_seed20260530,20260530,12,2.0,39472,,0.5136470188772878,0.4852724594992636,0.3535513264482649,0.3363609665068621,,5.0
deep_stimulus_holdout_matched/dreamer_loso_stimulus_seen_valence_shallow_convnet_none_bs128_seed20260530,20260530,13,2.0,35879,,0.7618536780383796,0.6697556866048863,0.5091357149488147,0.7582267755583043,,5.0
deep_stimulus_holdout_matched/dreamer_loso_stimulus_seen_valence_shallow_convnet_none_bs128_seed20260530,20260530,14,2.0,38142,,0.530709534368071,0.4547759932375317,0.4547370316616752,0.4565175756783171,,5.0
deep_stimulus_holdout_matched/dreamer_loso_stimulus_seen_valence_shallow_convnet_none_bs128_seed20260530,20260530,15,2.0,40016,,0.5005484093847553,0.6023564064801178,0.4095595126522961,0.4840943942867632,,5.0
deep_stimulus_holdout_matched/dreamer_loso_stimulus_seen_valence_shallow_convnet_none_bs128_seed20260530,20260530,16,2.0,36013,,0.4751609639440765,0.3984835720303286,0.3841643123713857,0.3586111583943772,,5.0
deep_stimulus_holdout_matched/dreamer_loso_stimulus_seen_valence_shallow_convnet_none_bs128_seed20260530,20260530,17,2.0,38300,,0.4867219324276998,0.6889264581572274,0.4862833946946097,0.6851081500973665,,5.0
deep_stimulus_holdout_matched/dreamer_loso_stimulus_seen_valence_shallow_convnet_none_bs128_seed20260530,20260530,18,2.0,40424,,0.7767996606930709,0.7901325478645066,0.7781985502071992,0.7895642622617776,,5.0
deep_stimulus_holdout_matched/dreamer_loso_stimulus_seen_valence_shallow_convnet_none_bs128_seed20260530,20260530,19,2.0,35212,,0.4137800466028943,0.4060657118786858,0.4018201975883668,0.4155332087460969,,5.0
deep_stimulus_holdout_matched/dreamer_loso_stimulus_seen_valence_shallow_convnet_none_bs128_seed20260530,20260530,20,2.0,38066,,0.4972401103955842,0.9137785291631444,0.4774734982332155,0.8774534109543624,,5.0
deep_stimulus_holdout_matched/dreamer_loso_stimulus_seen_valence_shallow_convnet_none_bs128_seed20260530,20260530,21,2.0,39717,,0.5638453168918307,0.6377025036818851,0.5334245810055867,0.579228902181157,,5.0
deep_stimulus_holdout_matched/dreamer_loso_stimulus_seen_valence_shallow_convnet_none_bs128_seed20260530,20260530,22,2.0,35088,,0.4855700904392765,0.5754001684919966,0.48065143412737,0.5578333420023025,,5.0
deep_stimulus_holdout_matched/dreamer_loso_stimulus_seen_valence_shallow_convnet_none_bs128_seed20260530,20260530,23,2.0,38718,,0.3914051452191885,0.4852071005917159,0.3916135292135657,0.5366432227930701,,5.0
deep_stimulus_holdout_matched/seed_iv_loso_stimulus_heldout_emotion_eegnet_none_bs128_seed20260530,20260530,1,4.0,21923,,0.3815340710133763,0.3681917211328976,0.3488699130941005,0.3408044299096732,,5.0
deep_stimulus_holdout_matched/seed_iv_loso_stimulus_heldout_emotion_eegnet_none_bs128_seed20260530,20260530,2,4.0,22572,,0.3949614079589925,0.350561797752809,0.3289277508439336,0.3009551884213538,,5.0
deep_stimulus_holdout_matched/seed_iv_loso_stimulus_heldout_emotion_eegnet_none_bs128_seed20260530,20260530,3,4.0,22396,,0.2361988705738705,0.241025641025641,0.2080062984496123,0.229377857284834,,5.0
deep_stimulus_holdout_matched/seed_iv_loso_stimulus_heldout_emotion_eegnet_none_bs128_seed20260530,20260530,4,4.0,21923,,0.4981283168139563,0.455470737913486,0.4413918680585347,0.4222872963839884,,5.0
deep_stimulus_holdout_matched/seed_iv_loso_stimulus_heldout_emotion_eegnet_none_bs128_seed20260530,20260530,5,4.0,22572,,0.2621122677593678,0.2900763358778626,0.2584001057545655,0.2809131391289373,,5.0
deep_stimulus_holdout_matched/seed_iv_loso_stimulus_heldout_emotion_eegnet_none_bs128_seed20260530,20260530,6,4.0,22396,,0.2853094260960198,0.2611764705882353,0.2210663442331899,0.2007491435423425,,5.0
deep_stimulus_holdout_matched/seed_iv_loso_stimulus_heldout_emotion_eegnet_none_bs128_seed20260530,20260530,7,4.0,21923,,0.3595922810993894,0.3834422657952069,0.3247239320347738,0.332982520893608,,5.0
deep_stimulus_holdout_matched/seed_iv_loso_stimulus_heldout_emotion_eegnet_none_bs128_seed20260530,20260530,8,4.0,22572,,0.3224682047628259,0.3595505617977528,0.3246770900036106,0.348797376241959,,5.0
deep_stimulus_holdout_matched/seed_iv_loso_stimulus_heldout_emotion_eegnet_none_bs128_seed20260530,20260530,9,4.0,22396,,0.4556720565911742,0.4717948717948718,0.4512107332717555,0.4712612962822401,,5.0
deep_stimulus_holdout_matched/seed_iv_loso_stimulus_heldout_emotion_eegnet_none_bs128_seed20260530,20260530,10,4.0,21923,,0.2976595917294011,0.272264631043257,0.2194107455575345,0.2078902345260867,,5.0
deep_stimulus_holdout_matched/seed_iv_loso_stimulus_heldout_emotion_eegnet_none_bs128_seed20260530,20260530,11,4.0,22572,,0.3229040351398359,0.2926208651399491,0.2365006007340476,0.2212826874892659,,5.0
deep_stimulus_holdout_matched/seed_iv_loso_stimulus_heldout_emotion_eegnet_none_bs128_seed20260530,20260530,12,4.0,22396,,0.2912640870301609,0.2964705882352941,0.2896133467011903,0.2944142183793592,,5.0
deep_stimulus_holdout_matched/seed_iv_loso_stimulus_heldout_emotion_eegnet_none_bs128_seed20260530,20260530,13,4.0,21923,,0.4625440093207443,0.4684095860566449,0.4256189918092058,0.4278260027738693,,5.0
deep_stimulus_holdout_matched/seed_iv_loso_stimulus_heldout_emotion_eegnet_none_bs128_seed20260530,20260530,14,4.0,22572,,0.3985877133948917,0.3842696629213483,0.3678427596891094,0.3738564998843512,,5.0
deep_stimulus_holdout_matched/seed_iv_loso_stimulus_heldout_emotion_eegnet_none_bs128_seed20260530,20260530,15,4.0,22396,,0.3790938482114953,0.4230769230769231,0.3571063375416117,0.3964951499309894,,5.0
deep_stimulus_holdout_matched/seed_iv_loso_stimulus_heldout_emotion_eegnet_none_bs128_seed20260531,20260531,1,4.0,21923,,0.3636508477166086,0.355119825708061,0.3151332853781436,0.3119801379992527,,5.0
deep_stimulus_holdout_matched/seed_iv_loso_stimulus_heldout_emotion_eegnet_none_bs128_seed20260531,20260531,2,4.0,22572,,0.4245197848636189,0.3662921348314606,0.3189846650903222,0.2916782066640345,,5.0
deep_stimulus_holdout_matched/seed_iv_loso_stimulus_heldout_emotion_eegnet_none_bs128_seed20260531,20260531,3,4.0,22396,,0.2220822268616386,0.2179487179487179,0.2209984262192409,0.2323773765944345,,5.0
deep_stimulus_holdout_matched/seed_iv_loso_stimulus_heldout_emotion_eegnet_none_bs128_seed20260531,20260531,4,4.0,21923,,0.3852247390609832,0.3206106870229007,0.325194163822934,0.3373648182939731,,5.0
deep_stimulus_holdout_matched/seed_iv_loso_stimulus_heldout_emotion_eegnet_none_bs128_seed20260531,20260531,5,4.0,22572,,0.2645863549524774,0.27735368956743,0.226217439187895,0.230892649229745,,5.0
deep_stimulus_holdout_matched/seed_iv_loso_stimulus_heldout_emotion_eegnet_none_bs128_seed20260531,20260531,6,4.0,22396,,0.2836492736629535,0.2541176470588235,0.2511555142222932,0.2355954147860259,,5.0
deep_stimulus_holdout_matched/seed_iv_loso_stimulus_heldout_emotion_eegnet_none_bs128_seed20260531,20260531,7,4.0,21923,,0.3230268226066251,0.3529411764705882,0.2415422228505384,0.252314616912494,,5.0
deep_stimulus_holdout_matched/seed_iv_loso_stimulus_heldout_emotion_eegnet_none_bs128_seed20260531,20260531,8,4.0,22572,,0.2924932951522566,0.3191011235955056,0.2792513368983957,0.3011028574862018,,5.0
deep_stimulus_holdout_matched/seed_iv_loso_stimulus_heldout_emotion_eegnet_none_bs128_seed20260531,20260531,9,4.0,22396,,0.3685378777290542,0.3948717948717948,0.3597489514538566,0.3836658363910041,,5.0
deep_stimulus_holdout_matched/seed_iv_loso_stimulus_heldout_emotion_eegnet_none_bs128_seed20260531,20260531,10,4.0,21923,,0.3423307987769227,0.3002544529262086,0.290789558339831,0.2822547844880755,,5.0
deep_stimulus_holdout_matched/seed_iv_loso_stimulus_heldout_emotion_eegnet_none_bs128_seed20260531,20260531,11,4.0,22572,,0.3096177711774225,0.272264631043257,0.2777373290943284,0.2529109855826011,,5.0
deep_stimulus_holdout_matched/seed_iv_loso_stimulus_heldout_emotion_eegnet_none_bs128_seed20260531,20260531,12,4.0,22396,,0.3105970295094782,0.3435294117647058,0.2750310692119722,0.2978045477411498,,5.0
deep_stimulus_holdout_matched/seed_iv_loso_stimulus_heldout_emotion_eegnet_none_bs128_seed20260531,20260531,13,4.0,21923,,0.3967355111447835,0.3899782135076253,0.3542430195473611,0.3520357828404878,,5.0
deep_stimulus_holdout_matched/seed_iv_loso_stimulus_heldout_emotion_eegnet_none_bs128_seed20260531,20260531,14,4.0,22572,,0.3683172955100906,0.3865168539325843,0.3634130401133864,0.3860837007959722,,5.0
deep_stimulus_holdout_matched/seed_iv_loso_stimulus_heldout_emotion_eegnet_none_bs128_seed20260531,20260531,15,4.0,22396,,0.3102257821007821,0.3153846153846154,0.3031726251614507,0.3229060671622514,,5.0
deep_stimulus_holdout_matched/seed_iv_loso_stimulus_heldout_emotion_eegnet_none_bs128_seed20260532,20260532,1,4.0,21923,,0.4123086032253341,0.3965141612200435,0.3468163419359208,0.3373024758770122,,5.0
deep_stimulus_holdout_matched/seed_iv_loso_stimulus_heldout_emotion_eegnet_none_bs128_seed20260532,20260532,2,4.0,22572,,0.3486402078343864,0.2921348314606741,0.2690664997806069,0.2394473946795901,,5.0
deep_stimulus_holdout_matched/seed_iv_loso_stimulus_heldout_emotion_eegnet_none_bs128_seed20260532,20260532,3,4.0,22396,,0.232793242903537,0.2333333333333333,0.2290069880050922,0.2398898304942643,,5.0
deep_stimulus_holdout_matched/seed_iv_loso_stimulus_heldout_emotion_eegnet_none_bs128_seed20260532,20260532,4,4.0,21923,,0.4331247080084709,0.3587786259541984,0.3381173359440359,0.2918934918812531,,5.0
deep_stimulus_holdout_matched/seed_iv_loso_stimulus_heldout_emotion_eegnet_none_bs128_seed20260532,20260532,5,4.0,22572,,0.233853119508734,0.2493638676844783,0.2369256466450385,0.2528623512246375,,5.0
deep_stimulus_holdout_matched/seed_iv_loso_stimulus_heldout_emotion_eegnet_none_bs128_seed20260532,20260532,6,4.0,22396,,0.285701908670445,0.24,0.1919036130347868,0.1683012586259648,,5.0
deep_stimulus_holdout_matched/seed_iv_loso_stimulus_heldout_emotion_eegnet_none_bs128_seed20260532,20260532,7,4.0,21923,,0.4185899190801495,0.4400871459694989,0.3935578518698415,0.4001793123457327,,5.0
deep_stimulus_holdout_matched/seed_iv_loso_stimulus_heldout_emotion_eegnet_none_bs128_seed20260532,20260532,8,4.0,22572,,0.2413842990312142,0.2561797752808988,0.2472871128441555,0.2552211489466053,,5.0
deep_stimulus_holdout_matched/seed_iv_loso_stimulus_heldout_emotion_eegnet_none_bs128_seed20260532,20260532,9,4.0,22396,,0.3875099667379079,0.4102564102564102,0.3646823779658265,0.3831798317167359,,5.0
deep_stimulus_holdout_matched/seed_iv_loso_stimulus_heldout_emotion_eegnet_none_bs128_seed20260532,20260532,10,4.0,21923,,0.3165968684520462,0.3027989821882951,0.2776618500398225,0.2860529281773394,,5.0
deep_stimulus_holdout_matched/seed_iv_loso_stimulus_heldout_emotion_eegnet_none_bs128_seed20260532,20260532,11,4.0,22572,,0.3887784704923842,0.3435114503816794,0.3214601047316311,0.2801759648943338,,5.0
deep_stimulus_holdout_matched/seed_iv_loso_stimulus_heldout_emotion_eegnet_none_bs128_seed20260532,20260532,12,4.0,22396,,0.2833958699758973,0.2729411764705882,0.2646851020026202,0.2563899990091489,,5.0
deep_stimulus_holdout_matched/seed_iv_loso_stimulus_heldout_emotion_eegnet_none_bs128_seed20260532,20260532,13,4.0,21923,,0.3778100707332447,0.3899782135076253,0.3255416584899181,0.3323772616592685,,5.0
deep_stimulus_holdout_matched/seed_iv_loso_stimulus_heldout_emotion_eegnet_none_bs128_seed20260532,20260532,14,4.0,22572,,0.3078635852975608,0.3011235955056179,0.2546081645726132,0.2752341712981651,,5.0
deep_stimulus_holdout_matched/seed_iv_loso_stimulus_heldout_emotion_eegnet_none_bs128_seed20260532,20260532,15,4.0,22396,,0.3009130575307046,0.3487179487179487,0.2645419962760763,0.3060876484475852,,5.0
deep_stimulus_holdout_matched/seed_iv_loso_stimulus_heldout_emotion_shallow_convnet_none_bs128_seed20260530,20260530,1,4.0,21923,,0.4353651898210341,0.4226579520697168,0.4071434685841465,0.4001226772357824,,5.0
deep_stimulus_holdout_matched/seed_iv_loso_stimulus_heldout_emotion_shallow_convnet_none_bs128_seed20260530,20260530,2,4.0,22572,,0.3914157400671529,0.3438202247191011,0.3306125991187386,0.3137804014111759,,5.0
deep_stimulus_holdout_matched/seed_iv_loso_stimulus_heldout_emotion_shallow_convnet_none_bs128_seed20260530,20260530,3,4.0,22396,,0.3418890407860996,0.3025641025641025,0.2943083649246525,0.276897863031392,,5.0
deep_stimulus_holdout_matched/seed_iv_loso_stimulus_heldout_emotion_shallow_convnet_none_bs128_seed20260530,20260530,4,4.0,21923,,0.4863126260634086,0.5216284987277354,0.4405840929944331,0.474430657049175,,5.0
deep_stimulus_holdout_matched/seed_iv_loso_stimulus_heldout_emotion_shallow_convnet_none_bs128_seed20260530,20260530,5,4.0,22572,,0.2700919368003411,0.2900763358778626,0.2258174172502894,0.2376832245473101,,5.0
deep_stimulus_holdout_matched/seed_iv_loso_stimulus_heldout_emotion_shallow_convnet_none_bs128_seed20260530,20260530,6,4.0,22396,,0.3582261741906065,0.32,0.2917200008509238,0.2656417818032517,,5.0
deep_stimulus_holdout_matched/seed_iv_loso_stimulus_heldout_emotion_shallow_convnet_none_bs128_seed20260530,20260530,7,4.0,21923,,0.5342113975386613,0.5468409586056645,0.5109880916087091,0.5176071736942461,,5.0
deep_stimulus_holdout_matched/seed_iv_loso_stimulus_heldout_emotion_shallow_convnet_none_bs128_seed20260530,20260530,8,4.0,22572,,0.3765765474279995,0.3797752808988764,0.3720922720584018,0.3896693723065739,,5.0
deep_stimulus_holdout_matched/seed_iv_loso_stimulus_heldout_emotion_shallow_convnet_none_bs128_seed20260530,20260530,9,4.0,22396,,0.381998821704704,0.4076923076923077,0.3740147545841156,0.397375776201215,,5.0
deep_stimulus_holdout_matched/seed_iv_loso_stimulus_heldout_emotion_shallow_convnet_none_bs128_seed20260530,20260530,10,4.0,21923,,0.3517720913447417,0.4249363867684478,0.2938281730126799,0.3655169958478986,,5.0
deep_stimulus_holdout_matched/seed_iv_loso_stimulus_heldout_emotion_shallow_convnet_none_bs128_seed20260530,20260530,11,4.0,22572,,0.3400265299493988,0.2748091603053435,0.2762533821879564,0.2332930470402249,,5.0
deep_stimulus_holdout_matched/seed_iv_loso_stimulus_heldout_emotion_shallow_convnet_none_bs128_seed20260530,20260530,12,4.0,22396,,0.2977288124552146,0.308235294117647,0.2437398426141962,0.2445888325033831,,5.0
deep_stimulus_holdout_matched/seed_iv_loso_stimulus_heldout_emotion_shallow_convnet_none_bs128_seed20260530,20260530,13,4.0,21923,,0.3961345013974749,0.4052287581699346,0.3476207479420604,0.3526161572483514,,5.0
deep_stimulus_holdout_matched/seed_iv_loso_stimulus_heldout_emotion_shallow_convnet_none_bs128_seed20260530,20260530,14,4.0,22572,,0.4181176770029853,0.4426966292134831,0.4044249141836601,0.4271011229450013,,5.0
deep_stimulus_holdout_matched/seed_iv_loso_stimulus_heldout_emotion_shallow_convnet_none_bs128_seed20260530,20260530,15,4.0,22396,,0.3496021554845084,0.4051282051282051,0.3342866693125229,0.3842154546850934,,5.0
deep_stimulus_holdout_matched/seed_iv_loso_stimulus_heldout_emotion_shallow_convnet_none_bs128_seed20260531,20260531,1,4.0,21923,,0.4557355366112982,0.4553376906318083,0.4615149983147961,0.4613288585478756,,5.0
deep_stimulus_holdout_matched/seed_iv_loso_stimulus_heldout_emotion_shallow_convnet_none_bs128_seed20260531,20260531,2,4.0,22572,,0.4119508745591784,0.3730337078651685,0.3432269429473064,0.3280105718926263,,5.0
deep_stimulus_holdout_matched/seed_iv_loso_stimulus_heldout_emotion_shallow_convnet_none_bs128_seed20260531,20260531,3,4.0,22396,,0.3415199621081974,0.3025641025641025,0.2672591661074939,0.2543712071305725,,5.0
deep_stimulus_holdout_matched/seed_iv_loso_stimulus_heldout_emotion_shallow_convnet_none_bs128_seed20260531,20260531,4,4.0,21923,,0.5301197479990712,0.5623409669211196,0.513400123087624,0.5334933525693228,,5.0
deep_stimulus_holdout_matched/seed_iv_loso_stimulus_heldout_emotion_shallow_convnet_none_bs128_seed20260531,20260531,5,4.0,22572,,0.2591101227533162,0.2900763358778626,0.2194148287763704,0.2462838448049077,,5.0
deep_stimulus_holdout_matched/seed_iv_loso_stimulus_heldout_emotion_shallow_convnet_none_bs128_seed20260531,20260531,6,4.0,22396,,0.3080955638069181,0.2658823529411764,0.2362548721671709,0.2209510746337175,,5.0
deep_stimulus_holdout_matched/seed_iv_loso_stimulus_heldout_emotion_shallow_convnet_none_bs128_seed20260531,20260531,7,4.0,21923,,0.482787978531728,0.494553376906318,0.4597567368007743,0.467564577008384,,5.0
deep_stimulus_holdout_matched/seed_iv_loso_stimulus_heldout_emotion_shallow_convnet_none_bs128_seed20260531,20260531,8,4.0,22572,,0.3130184052952177,0.350561797752809,0.2837791361557408,0.299903198785358,,5.0
deep_stimulus_holdout_matched/seed_iv_loso_stimulus_heldout_emotion_shallow_convnet_none_bs128_seed20260531,20260531,9,4.0,22396,,0.3995783214533215,0.4282051282051282,0.3992877231596967,0.4271014792658226,,5.0
deep_stimulus_holdout_matched/seed_iv_loso_stimulus_heldout_emotion_shallow_convnet_none_bs128_seed20260531,20260531,10,4.0,21923,,0.3558575948570325,0.4300254452926209,0.3484021292430648,0.4155663697569568,,5.0
deep_stimulus_holdout_matched/seed_iv_loso_stimulus_heldout_emotion_shallow_convnet_none_bs128_seed20260531,20260531,11,4.0,22572,,0.2673276347021714,0.2620865139949109,0.2538239538239538,0.2610598900675236,,5.0
deep_stimulus_holdout_matched/seed_iv_loso_stimulus_heldout_emotion_shallow_convnet_none_bs128_seed20260531,20260531,12,4.0,22396,,0.3069728356458863,0.3011764705882352,0.2518544856722295,0.2437492436075192,,5.0
deep_stimulus_holdout_matched/seed_iv_loso_stimulus_heldout_emotion_shallow_convnet_none_bs128_seed20260531,20260531,13,4.0,21923,,0.4017513003839077,0.4226579520697168,0.352775479554003,0.3592287573811459,,5.0
deep_stimulus_holdout_matched/seed_iv_loso_stimulus_heldout_emotion_shallow_convnet_none_bs128_seed20260531,20260531,14,4.0,22572,,0.4366419531836788,0.451685393258427,0.4120436714186714,0.4308480526458054,,5.0
deep_stimulus_holdout_matched/seed_iv_loso_stimulus_heldout_emotion_shallow_convnet_none_bs128_seed20260531,20260531,15,4.0,22396,,0.3512695124827478,0.3897435897435897,0.358858180795056,0.3945898488692002,,5.0
deep_stimulus_holdout_matched/seed_iv_loso_stimulus_heldout_emotion_shallow_convnet_none_bs128_seed20260532,20260532,1,4.0,21923,,0.4081373472804945,0.392156862745098,0.3449724001781629,0.3353722819143847,,5.0
deep_stimulus_holdout_matched/seed_iv_loso_stimulus_heldout_emotion_shallow_convnet_none_bs128_seed20260532,20260532,2,4.0,22572,,0.4042116173010047,0.3280898876404494,0.3089588972004231,0.2831823941469723,,5.0
deep_stimulus_holdout_matched/seed_iv_loso_stimulus_heldout_emotion_shallow_convnet_none_bs128_seed20260532,20260532,3,4.0,22396,,0.2669289259362788,0.2487179487179487,0.2156373650984726,0.219996845137381,,5.0
deep_stimulus_holdout_matched/seed_iv_loso_stimulus_heldout_emotion_shallow_convnet_none_bs128_seed20260532,20260532,4,4.0,21923,,0.4778415846292861,0.539440203562341,0.4462571765700397,0.4818548440014467,,5.0
deep_stimulus_holdout_matched/seed_iv_loso_stimulus_heldout_emotion_shallow_convnet_none_bs128_seed20260532,20260532,5,4.0,22572,,0.3161640862357079,0.3155216284987277,0.2491481570683547,0.2376107704861123,,5.0
deep_stimulus_holdout_matched/seed_iv_loso_stimulus_heldout_emotion_shallow_convnet_none_bs128_seed20260532,20260532,6,4.0,22396,,0.3433209562894925,0.3176470588235294,0.3081130730312273,0.2948355301580584,,5.0
deep_stimulus_holdout_matched/seed_iv_loso_stimulus_heldout_emotion_shallow_convnet_none_bs128_seed20260532,20260532,7,4.0,21923,,0.4898805620459797,0.5032679738562091,0.4807929386669038,0.4879177729366276,,5.0
deep_stimulus_holdout_matched/seed_iv_loso_stimulus_heldout_emotion_shallow_convnet_none_bs128_seed20260532,20260532,8,4.0,22572,,0.3590651221676389,0.3325842696629214,0.3312555851576153,0.330569650934198,,5.0
deep_stimulus_holdout_matched/seed_iv_loso_stimulus_heldout_emotion_shallow_convnet_none_bs128_seed20260532,20260532,9,4.0,22396,,0.3618509063362005,0.3923076923076923,0.3482200382200383,0.3734537894537895,,5.0
deep_stimulus_holdout_matched/seed_iv_loso_stimulus_heldout_emotion_shallow_convnet_none_bs128_seed20260532,20260532,10,4.0,21923,,0.3330101494157372,0.3893129770992366,0.3332949038009108,0.3850351840589657,,5.0
deep_stimulus_holdout_matched/seed_iv_loso_stimulus_heldout_emotion_shallow_convnet_none_bs128_seed20260532,20260532,11,4.0,22572,,0.3275073665362156,0.2468193384223918,0.2185976664081107,0.1793915366267184,,5.0
deep_stimulus_holdout_matched/seed_iv_loso_stimulus_heldout_emotion_shallow_convnet_none_bs128_seed20260532,20260532,12,4.0,22396,,0.300797342192691,0.32,0.2675283697727487,0.2786711102525783,,5.0
deep_stimulus_holdout_matched/seed_iv_loso_stimulus_heldout_emotion_shallow_convnet_none_bs128_seed20260532,20260532,13,4.0,21923,,0.4157278011574531,0.4335511982570806,0.3803148773559541,0.3866099526118001,,5.0
deep_stimulus_holdout_matched/seed_iv_loso_stimulus_heldout_emotion_shallow_convnet_none_bs128_seed20260532,20260532,14,4.0,22572,,0.4544114060971655,0.4674157303370786,0.4455834962021276,0.4613356078278772,,5.0
deep_stimulus_holdout_matched/seed_iv_loso_stimulus_heldout_emotion_shallow_convnet_none_bs128_seed20260532,20260532,15,4.0,22396,,0.3830654446463269,0.4256410256410256,0.3719330445342439,0.4137450796746149,,5.0
deep_stimulus_holdout_matched/seed_iv_loso_stimulus_seen_emotion_eegnet_none_bs128_seed20260530,20260530,1,4.0,21923,,0.3964786176775812,0.3856209150326797,0.3642064588853361,0.359294619775619,,5.0
deep_stimulus_holdout_matched/seed_iv_loso_stimulus_seen_emotion_eegnet_none_bs128_seed20260530,20260530,2,4.0,22572,,0.4478498792991175,0.4247191011235955,0.3867637470264342,0.3700895934420548,,5.0
deep_stimulus_holdout_matched/seed_iv_loso_stimulus_seen_emotion_eegnet_none_bs128_seed20260530,20260530,3,4.0,22396,,0.2772526829512123,0.2897435897435897,0.2746081005197552,0.2953307085571188,,5.0
deep_stimulus_holdout_matched/seed_iv_loso_stimulus_seen_emotion_eegnet_none_bs128_seed20260530,20260530,4,4.0,21923,,0.409477310684582,0.4173027989821883,0.3456368616310009,0.3754790384656126,,5.0
deep_stimulus_holdout_matched/seed_iv_loso_stimulus_seen_emotion_eegnet_none_bs128_seed20260530,20260530,5,4.0,22572,,0.2282310415011006,0.2264631043256997,0.2168648184124146,0.2209327519277793,,5.0
deep_stimulus_holdout_matched/seed_iv_loso_stimulus_seen_emotion_eegnet_none_bs128_seed20260530,20260530,6,4.0,22396,,0.2764259657351312,0.2447058823529412,0.2150161873794112,0.1983246480997594,,5.0
deep_stimulus_holdout_matched/seed_iv_loso_stimulus_seen_emotion_eegnet_none_bs128_seed20260530,20260530,7,4.0,21923,,0.3705707364279393,0.3943355119825708,0.3240639642783675,0.3316035748249084,,5.0
deep_stimulus_holdout_matched/seed_iv_loso_stimulus_seen_emotion_eegnet_none_bs128_seed20260530,20260530,8,4.0,22572,,0.2602259202193504,0.2808988764044944,0.2523019783797172,0.2677934594107969,,5.0
deep_stimulus_holdout_matched/seed_iv_loso_stimulus_seen_emotion_eegnet_none_bs128_seed20260530,20260530,9,4.0,22396,,0.3231484797661269,0.3692307692307692,0.295534066956754,0.3282817567865696,,5.0
deep_stimulus_holdout_matched/seed_iv_loso_stimulus_seen_emotion_eegnet_none_bs128_seed20260530,20260530,10,4.0,21923,,0.3314388503296882,0.3231552162849873,0.2997085231152562,0.3160222685967007,,5.0
deep_stimulus_holdout_matched/seed_iv_loso_stimulus_seen_emotion_eegnet_none_bs128_seed20260530,20260530,11,4.0,22572,,0.3665498136348582,0.3206106870229007,0.3062418648505816,0.2768359689673743,,5.0
deep_stimulus_holdout_matched/seed_iv_loso_stimulus_seen_emotion_eegnet_none_bs128_seed20260530,20260530,12,4.0,22396,,0.2817187805354699,0.2894117647058823,0.2489674949718824,0.2522801481935576,,5.0
deep_stimulus_holdout_matched/seed_iv_loso_stimulus_seen_emotion_eegnet_none_bs128_seed20260530,20260530,13,4.0,21923,,0.3667122411169613,0.3899782135076253,0.3324583934495529,0.3406233903563743,,5.0
deep_stimulus_holdout_matched/seed_iv_loso_stimulus_seen_emotion_eegnet_none_bs128_seed20260530,20260530,14,4.0,22572,,0.3424666108572669,0.3393258426966292,0.3253070458952812,0.3335081309965645,,5.0
deep_stimulus_holdout_matched/seed_iv_loso_stimulus_seen_emotion_eegnet_none_bs128_seed20260530,20260530,15,4.0,22396,,0.4114279356926416,0.4384615384615384,0.389432112328744,0.4247826322012002,,5.0
deep_stimulus_holdout_matched/seed_iv_loso_stimulus_seen_emotion_eegnet_none_bs128_seed20260531,20260531,1,4.0,21923,,0.3845289331440322,0.3725490196078431,0.3345402755299806,0.3292632152951981,,5.0
deep_stimulus_holdout_matched/seed_iv_loso_stimulus_seen_emotion_eegnet_none_bs128_seed20260531,20260531,2,4.0,22572,,0.3976200855713855,0.3707865168539326,0.3339149366229914,0.3287183272525285,,5.0
deep_stimulus_holdout_matched/seed_iv_loso_stimulus_seen_emotion_eegnet_none_bs128_seed20260531,20260531,3,4.0,22396,,0.2786334370893194,0.2717948717948718,0.270857895259247,0.2780028805718276,,5.0
deep_stimulus_holdout_matched/seed_iv_loso_stimulus_seen_emotion_eegnet_none_bs128_seed20260531,20260531,4,4.0,21923,,0.4234778673917848,0.3740458015267175,0.3381744319754244,0.3038302348139931,,5.0
deep_stimulus_holdout_matched/seed_iv_loso_stimulus_seen_emotion_eegnet_none_bs128_seed20260531,20260531,5,4.0,22572,,0.2317333611283325,0.2671755725190839,0.1577314283531268,0.1852770948558362,,5.0
deep_stimulus_holdout_matched/seed_iv_loso_stimulus_seen_emotion_eegnet_none_bs128_seed20260531,20260531,6,4.0,22396,,0.3851670900918507,0.36,0.3484591073654223,0.3378486766538772,,5.0
deep_stimulus_holdout_matched/seed_iv_loso_stimulus_seen_emotion_eegnet_none_bs128_seed20260531,20260531,7,4.0,21923,,0.3074994110868472,0.3289760348583878,0.2824690462645932,0.2915015401367044,,5.0
deep_stimulus_holdout_matched/seed_iv_loso_stimulus_seen_emotion_eegnet_none_bs128_seed20260531,20260531,8,4.0,22572,,0.253228618052093,0.251685393258427,0.2179239657993943,0.2336495045573454,,5.0
deep_stimulus_holdout_matched/seed_iv_loso_stimulus_seen_emotion_eegnet_none_bs128_seed20260531,20260531,9,4.0,22396,,0.2988542194424547,0.3282051282051282,0.2529193040309274,0.2668062983114491,,5.0
deep_stimulus_holdout_matched/seed_iv_loso_stimulus_seen_emotion_eegnet_none_bs128_seed20260531,20260531,10,4.0,21923,,0.3017165605006448,0.2849872773536895,0.2543903156188253,0.2601335043508819,,5.0
deep_stimulus_holdout_matched/seed_iv_loso_stimulus_seen_emotion_eegnet_none_bs128_seed20260531,20260531,11,4.0,22572,,0.2774907453235611,0.2391857506361323,0.2322408825287597,0.2089756400006113,,5.0
deep_stimulus_holdout_matched/seed_iv_loso_stimulus_seen_emotion_eegnet_none_bs128_seed20260531,20260531,12,4.0,22396,,0.3046394371702169,0.3270588235294118,0.2936836416809714,0.3118567202581967,,5.0
deep_stimulus_holdout_matched/seed_iv_loso_stimulus_seen_emotion_eegnet_none_bs128_seed20260531,20260531,13,4.0,21923,,0.4472384748104336,0.4531590413943355,0.4127486655773454,0.4167547634322117,,5.0
deep_stimulus_holdout_matched/seed_iv_loso_stimulus_seen_emotion_eegnet_none_bs128_seed20260531,20260531,14,4.0,22572,,0.3059638689764219,0.3415730337078652,0.2631126208219804,0.2776287354767457,,5.0
deep_stimulus_holdout_matched/seed_iv_loso_stimulus_seen_emotion_eegnet_none_bs128_seed20260531,20260531,15,4.0,22396,,0.318271833161539,0.3564102564102564,0.3012976102744342,0.3265114264012622,,5.0
deep_stimulus_holdout_matched/seed_iv_loso_stimulus_seen_emotion_eegnet_none_bs128_seed20260532,20260532,1,4.0,21923,,0.3397985917017362,0.326797385620915,0.30870224386045,0.2999493748050722,,5.0
deep_stimulus_holdout_matched/seed_iv_loso_stimulus_seen_emotion_eegnet_none_bs128_seed20260532,20260532,2,4.0,22572,,0.3158377506314317,0.2674157303370786,0.2421442202249118,0.2203732268610903,,5.0
deep_stimulus_holdout_matched/seed_iv_loso_stimulus_seen_emotion_eegnet_none_bs128_seed20260532,20260532,3,4.0,22396,,0.2501467652202946,0.2358974358974359,0.1837719194060443,0.1922945283635539,,5.0
deep_stimulus_holdout_matched/seed_iv_loso_stimulus_seen_emotion_eegnet_none_bs128_seed20260532,20260532,4,4.0,21923,,0.3747756386047071,0.2977099236641221,0.2853130233000783,0.2518593947891705,,5.0
deep_stimulus_holdout_matched/seed_iv_loso_stimulus_seen_emotion_eegnet_none_bs128_seed20260532,20260532,5,4.0,22572,,0.2904473025929502,0.3282442748091603,0.2622752174837274,0.2899793076284369,,5.0
deep_stimulus_holdout_matched/seed_iv_loso_stimulus_seen_emotion_eegnet_none_bs128_seed20260532,20260532,6,4.0,22396,,0.3643267539573969,0.3411764705882353,0.3350909614920156,0.3262920121341493,,5.0
deep_stimulus_holdout_matched/seed_iv_loso_stimulus_seen_emotion_eegnet_none_bs128_seed20260532,20260532,7,4.0,21923,,0.3807129350794874,0.4030501089324618,0.344430415977479,0.3530682760550664,,5.0
deep_stimulus_holdout_matched/seed_iv_loso_stimulus_seen_emotion_eegnet_none_bs128_seed20260532,20260532,8,4.0,22572,,0.2514443804157596,0.2539325842696629,0.2322847816984543,0.2446418918730968,,5.0
deep_stimulus_holdout_matched/seed_iv_loso_stimulus_seen_emotion_eegnet_none_bs128_seed20260532,20260532,9,4.0,22396,,0.4503792395336513,0.4358974358974359,0.4365544133809906,0.44218891325749,,5.0
deep_stimulus_holdout_matched/seed_iv_loso_stimulus_seen_emotion_eegnet_none_bs128_seed20260532,20260532,10,4.0,21923,,0.3301089075949969,0.3409669211195928,0.3205003996415336,0.3471887934461869,,5.0
deep_stimulus_holdout_matched/seed_iv_loso_stimulus_seen_emotion_eegnet_none_bs128_seed20260532,20260532,11,4.0,22572,,0.3335055240920211,0.2875318066157761,0.2975909330303746,0.2767745190932793,,5.0
deep_stimulus_holdout_matched/seed_iv_loso_stimulus_seen_emotion_eegnet_none_bs128_seed20260532,20260532,12,4.0,22396,,0.28390723731353,0.2964705882352941,0.2309201547824907,0.2405341117832546,,5.0
deep_stimulus_holdout_matched/seed_iv_loso_stimulus_seen_emotion_eegnet_none_bs128_seed20260532,20260532,13,4.0,21923,,0.3138041243020583,0.3398692810457516,0.2558584355998149,0.2667236627682875,,5.0
deep_stimulus_holdout_matched/seed_iv_loso_stimulus_seen_emotion_eegnet_none_bs128_seed20260532,20260532,14,4.0,22572,,0.277732662530686,0.3213483146067415,0.2097773539447825,0.2289371850201762,,5.0
deep_stimulus_holdout_matched/seed_iv_loso_stimulus_seen_emotion_eegnet_none_bs128_seed20260532,20260532,15,4.0,22396,,0.2834492762801586,0.3282051282051282,0.2574917916790708,0.2907339902202636,,5.0
deep_stimulus_holdout_matched/seed_iv_loso_stimulus_seen_emotion_shallow_convnet_none_bs128_seed20260530,20260530,1,4.0,21923,,0.4276373759303236,0.420479302832244,0.4141207841123095,0.4121938195887459,,5.0
deep_stimulus_holdout_matched/seed_iv_loso_stimulus_seen_emotion_shallow_convnet_none_bs128_seed20260530,20260530,2,4.0,22572,,0.3895139462195375,0.3235955056179775,0.2940541541838222,0.2640360147350217,,5.0
deep_stimulus_holdout_matched/seed_iv_loso_stimulus_seen_emotion_shallow_convnet_none_bs128_seed20260530,20260530,3,4.0,22396,,0.3203591095135213,0.3,0.2879533997329087,0.2860207255530256,,5.0
deep_stimulus_holdout_matched/seed_iv_loso_stimulus_seen_emotion_shallow_convnet_none_bs128_seed20260530,20260530,4,4.0,21923,,0.5045452065831326,0.55470737913486,0.4953060926564983,0.5322303336451796,,5.0
deep_stimulus_holdout_matched/seed_iv_loso_stimulus_seen_emotion_shallow_convnet_none_bs128_seed20260530,20260530,5,4.0,22572,,0.2863313066283116,0.2951653944020356,0.2030867270589646,0.1994072003911451,,5.0
deep_stimulus_holdout_matched/seed_iv_loso_stimulus_seen_emotion_shallow_convnet_none_bs128_seed20260530,20260530,6,4.0,22396,,0.2686694677871148,0.2470588235294117,0.2343744043059096,0.2190788272196678,,5.0
deep_stimulus_holdout_matched/seed_iv_loso_stimulus_seen_emotion_shallow_convnet_none_bs128_seed20260530,20260530,7,4.0,21923,,0.504484812407286,0.5163398692810458,0.4751656438152818,0.482936357096388,,5.0
deep_stimulus_holdout_matched/seed_iv_loso_stimulus_seen_emotion_shallow_convnet_none_bs128_seed20260530,20260530,8,4.0,22572,,0.402745888313993,0.3955056179775281,0.3934358386883133,0.3910064509148231,,5.0
deep_stimulus_holdout_matched/seed_iv_loso_stimulus_seen_emotion_shallow_convnet_none_bs128_seed20260530,20260530,9,4.0,22396,,0.4335840789884907,0.4769230769230769,0.4259583037072807,0.4510201815449163,,5.0
deep_stimulus_holdout_matched/seed_iv_loso_stimulus_seen_emotion_shallow_convnet_none_bs128_seed20260530,20260530,10,4.0,21923,,0.389799879146979,0.4885496183206106,0.3662181045391036,0.4428511246519734,,5.0
deep_stimulus_holdout_matched/seed_iv_loso_stimulus_seen_emotion_shallow_convnet_none_bs128_seed20260530,20260530,11,4.0,22572,,0.3303256096379406,0.3307888040712468,0.3311725989766189,0.3328742322518416,,5.0
deep_stimulus_holdout_matched/seed_iv_loso_stimulus_seen_emotion_shallow_convnet_none_bs128_seed20260530,20260530,12,4.0,22396,,0.3421070288580548,0.3435294117647058,0.3293032979663492,0.3262952701969745,,5.0
deep_stimulus_holdout_matched/seed_iv_loso_stimulus_seen_emotion_shallow_convnet_none_bs128_seed20260530,20260530,13,4.0,21923,,0.3822612991742482,0.4008714596949891,0.3399219976235167,0.3472262009304846,,5.0
deep_stimulus_holdout_matched/seed_iv_loso_stimulus_seen_emotion_shallow_convnet_none_bs128_seed20260530,20260530,14,4.0,22572,,0.4608983406126228,0.5101123595505618,0.4393758535309058,0.4786365862406264,,5.0
deep_stimulus_holdout_matched/seed_iv_loso_stimulus_seen_emotion_shallow_convnet_none_bs128_seed20260530,20260530,15,4.0,22396,,0.3159402049107931,0.358974358974359,0.3015374343170953,0.3345941963005848,,5.0
deep_stimulus_holdout_matched/seed_iv_loso_stimulus_seen_emotion_shallow_convnet_none_bs128_seed20260531,20260531,1,4.0,21923,,0.4681304076552343,0.4531590413943355,0.439057214202294,0.4303333553154884,,5.0
deep_stimulus_holdout_matched/seed_iv_loso_stimulus_seen_emotion_shallow_convnet_none_bs128_seed20260531,20260531,2,4.0,22572,,0.4119440062339417,0.3617977528089887,0.3212593474348482,0.292914329105,,5.0
deep_stimulus_holdout_matched/seed_iv_loso_stimulus_seen_emotion_shallow_convnet_none_bs128_seed20260531,20260531,3,4.0,22396,,0.3083180344209756,0.282051282051282,0.2681861972324399,0.2654365801186611,,5.0
deep_stimulus_holdout_matched/seed_iv_loso_stimulus_seen_emotion_shallow_convnet_none_bs128_seed20260531,20260531,4,4.0,21923,,0.4538518403509214,0.5572519083969466,0.4505672777249401,0.5030791888415495,,5.0
deep_stimulus_holdout_matched/seed_iv_loso_stimulus_seen_emotion_shallow_convnet_none_bs128_seed20260531,20260531,5,4.0,22572,,0.2777070528497954,0.3053435114503817,0.2021821574316064,0.2193077737804811,,5.0
deep_stimulus_holdout_matched/seed_iv_loso_stimulus_seen_emotion_shallow_convnet_none_bs128_seed20260531,20260531,6,4.0,22396,,0.3413350921764054,0.3105882352941176,0.3032881430918973,0.285520943743933,,5.0
deep_stimulus_holdout_matched/seed_iv_loso_stimulus_seen_emotion_shallow_convnet_none_bs128_seed20260531,20260531,7,4.0,21923,,0.4755219043859705,0.4814814814814814,0.434720290625681,0.4449103863881148,,5.0
deep_stimulus_holdout_matched/seed_iv_loso_stimulus_seen_emotion_shallow_convnet_none_bs128_seed20260531,20260531,8,4.0,22572,,0.3522289758861615,0.3662921348314606,0.3539550192759971,0.3651365636860391,,5.0
deep_stimulus_holdout_matched/seed_iv_loso_stimulus_seen_emotion_shallow_convnet_none_bs128_seed20260531,20260531,9,4.0,22396,,0.4257786066609596,0.4615384615384615,0.4070348818947104,0.4283121268939211,,5.0
deep_stimulus_holdout_matched/seed_iv_loso_stimulus_seen_emotion_shallow_convnet_none_bs128_seed20260531,20260531,10,4.0,21923,,0.3240993372666515,0.361323155216285,0.3067990257500529,0.3516193066747567,,5.0
deep_stimulus_holdout_matched/seed_iv_loso_stimulus_seen_emotion_shallow_convnet_none_bs128_seed20260531,20260531,11,4.0,22572,,0.3160878304747883,0.2824427480916031,0.2992640633420387,0.28388978621967,,5.0
deep_stimulus_holdout_matched/seed_iv_loso_stimulus_seen_emotion_shallow_convnet_none_bs128_seed20260531,20260531,12,4.0,22396,,0.3486333137906325,0.3670588235294117,0.3279228557165819,0.3397971582888516,,5.0
deep_stimulus_holdout_matched/seed_iv_loso_stimulus_seen_emotion_shallow_convnet_none_bs128_seed20260531,20260531,13,4.0,21923,,0.4014253289955369,0.420479302832244,0.3346890308283085,0.3436629792861819,,5.0
deep_stimulus_holdout_matched/seed_iv_loso_stimulus_seen_emotion_shallow_convnet_none_bs128_seed20260531,20260531,14,4.0,22572,,0.5079706176452157,0.4719101123595505,0.4690947729755235,0.4623328929499989,,5.0
deep_stimulus_holdout_matched/seed_iv_loso_stimulus_seen_emotion_shallow_convnet_none_bs128_seed20260531,20260531,15,4.0,22396,,0.3404314827108945,0.3743589743589743,0.3264000938193803,0.3448048224953624,,5.0
deep_stimulus_holdout_matched/seed_iv_loso_stimulus_seen_emotion_shallow_convnet_none_bs128_seed20260532,20260532,1,4.0,21923,,0.4905418956000229,0.485838779956427,0.4860500970066519,0.4835290021609367,,5.0
deep_stimulus_holdout_matched/seed_iv_loso_stimulus_seen_emotion_shallow_convnet_none_bs128_seed20260532,20260532,2,4.0,22572,,0.397776058993578,0.350561797752809,0.3062163791192602,0.2881533352432089,,5.0
deep_stimulus_holdout_matched/seed_iv_loso_stimulus_seen_emotion_shallow_convnet_none_bs128_seed20260532,20260532,3,4.0,22396,,0.3029871399356693,0.2769230769230769,0.2148573943258718,0.2188840274330996,,5.0
deep_stimulus_holdout_matched/seed_iv_loso_stimulus_seen_emotion_shallow_convnet_none_bs128_seed20260532,20260532,4,4.0,21923,,0.5267791550919126,0.5699745547073791,0.5288327679149787,0.5578141420043609,,5.0
deep_stimulus_holdout_matched/seed_iv_loso_stimulus_seen_emotion_shallow_convnet_none_bs128_seed20260532,20260532,5,4.0,22572,,0.2884525212107101,0.2977099236641221,0.2172542647179886,0.2139765249049073,,5.0
deep_stimulus_holdout_matched/seed_iv_loso_stimulus_seen_emotion_shallow_convnet_none_bs128_seed20260532,20260532,6,4.0,22396,,0.2935215946843854,0.2705882352941176,0.2712449673979732,0.2518615789701116,,5.0
deep_stimulus_holdout_matched/seed_iv_loso_stimulus_seen_emotion_shallow_convnet_none_bs128_seed20260532,20260532,7,4.0,21923,,0.5472715812795651,0.5577342047930284,0.5089878094461909,0.5167851691942901,,5.0
deep_stimulus_holdout_matched/seed_iv_loso_stimulus_seen_emotion_shallow_convnet_none_bs128_seed20260532,20260532,8,4.0,22572,,0.3883672197201084,0.4314606741573034,0.3846183454087351,0.4100341977713638,,5.0
deep_stimulus_holdout_matched/seed_iv_loso_stimulus_seen_emotion_shallow_convnet_none_bs128_seed20260532,20260532,9,4.0,22396,,0.4072154086859968,0.4615384615384615,0.3830614321105238,0.420560841672528,,5.0
deep_stimulus_holdout_matched/seed_iv_loso_stimulus_seen_emotion_shallow_convnet_none_bs128_seed20260532,20260532,10,4.0,21923,,0.3180034633342565,0.4351145038167939,0.3016113063160259,0.3759621963967302,,5.0
deep_stimulus_holdout_matched/seed_iv_loso_stimulus_seen_emotion_shallow_convnet_none_bs128_seed20260532,20260532,11,4.0,22572,,0.2832016926727935,0.2391857506361323,0.2308867691220632,0.216030579299551,,5.0
deep_stimulus_holdout_matched/seed_iv_loso_stimulus_seen_emotion_shallow_convnet_none_bs128_seed20260532,20260532,12,4.0,22396,,0.3689909452152954,0.3529411764705882,0.3295309261210897,0.3213983720884353,,5.0
deep_stimulus_holdout_matched/seed_iv_loso_stimulus_seen_emotion_shallow_convnet_none_bs128_seed20260532,20260532,13,4.0,21923,,0.3527599335323966,0.3812636165577342,0.2915548375656357,0.3015929017304212,,5.0
deep_stimulus_holdout_matched/seed_iv_loso_stimulus_seen_emotion_shallow_convnet_none_bs128_seed20260532,20260532,14,4.0,22572,,0.4917092616357376,0.5078651685393258,0.4764463928729058,0.4849540868969033,,5.0
deep_stimulus_holdout_matched/seed_iv_loso_stimulus_seen_emotion_shallow_convnet_none_bs128_seed20260532,20260532,15,4.0,22396,,0.3433144541600423,0.3692307692307692,0.3473498894482055,0.3670300852467472,,5.0
deep_training_fit/dreamer_strict_loso_valence_eegnet_none_bs128_seed20260530_eval_train,20260530,1,2.0,63376,,0.6123578386418942,0.6319742489270386,0.5750927436023197,0.5843505839117681,0.6215182046599308,5.0
deep_training_fit/dreamer_strict_loso_valence_eegnet_none_bs128_seed20260530_eval_train,20260530,2,2.0,63376,,0.5403558374025828,0.6566523605150214,0.5319985626028814,0.6199818565554209,0.6180436007121567,5.0
deep_training_fit/dreamer_strict_loso_valence_eegnet_none_bs128_seed20260530_eval_train,20260530,3,2.0,63376,,0.5996024156861209,0.5971030042918455,0.5938821099293866,0.593008975915467,0.648107522729551,5.0
deep_training_fit/dreamer_strict_loso_valence_eegnet_none_bs128_seed20260530_eval_train,20260530,4,2.0,63376,,0.4580712788259958,0.7033261802575107,0.4129133858267717,0.6339904024872428,0.6257096865875917,5.0
deep_training_fit/dreamer_strict_loso_valence_eegnet_none_bs128_seed20260530_eval_train,20260530,5,2.0,63376,,0.4781572431888575,0.5603540772532188,0.4534116996456591,0.51567045192174,0.6172178137017296,5.0
deep_training_fit/dreamer_strict_loso_valence_eegnet_none_bs128_seed20260530_eval_train,20260530,6,2.0,63376,,0.5113196483319664,0.5168991416309013,0.511129456553642,0.5157452046154494,0.6556600694213698,5.0
deep_training_fit/dreamer_strict_loso_valence_eegnet_none_bs128_seed20260530_eval_train,20260530,7,2.0,63376,,0.6640204761103548,0.6491416309012875,0.6400651927437642,0.6578501053497221,0.6344317524036212,5.0
deep_training_fit/dreamer_strict_loso_valence_eegnet_none_bs128_seed20260530_eval_train,20260530,8,2.0,63376,,0.5677631308564852,0.6244635193133047,0.5689368949118498,0.6187365580521682,0.621440783615064,5.0
deep_training_fit/dreamer_strict_loso_valence_eegnet_none_bs128_seed20260530_eval_train,20260530,9,2.0,63376,,0.5834034300565997,0.5944206008583691,0.583412831278803,0.5912962834199443,0.6322050827510692,5.0
deep_training_fit/dreamer_strict_loso_valence_eegnet_none_bs128_seed20260530_eval_train,20260530,10,2.0,63376,,0.4975653529870397,0.3841201716738197,0.3052616268499327,0.2474989984757479,0.656798688723916,5.0
deep_training_fit/dreamer_strict_loso_valence_eegnet_none_bs128_seed20260530_eval_train,20260530,11,2.0,63376,,0.5697596305501837,0.6537017167381974,0.5637270112090256,0.6214426226707389,0.6561187114045451,5.0
deep_training_fit/dreamer_strict_loso_valence_eegnet_none_bs128_seed20260530_eval_train,20260530,12,2.0,63376,,0.5218738976881867,0.5142167381974249,0.4521276910845845,0.4480708768509168,0.6580102774451425,5.0
deep_training_fit/dreamer_strict_loso_valence_eegnet_none_bs128_seed20260530_eval_train,20260530,13,2.0,63376,,0.6077688559949348,0.5745708154506438,0.5599292148372561,0.5496800944078846,0.6231341217617676,5.0
deep_training_fit/dreamer_strict_loso_valence_eegnet_none_bs128_seed20260530_eval_train,20260530,14,2.0,63376,,0.5500438326525283,0.5622317596566524,0.5491087256312082,0.5576923453711214,0.6347464490032214,5.0
deep_training_fit/dreamer_strict_loso_valence_eegnet_none_bs128_seed20260530_eval_train,20260530,15,2.0,63376,,0.504142002029256,0.6365343347639485,0.4500183619726758,0.5496768273977686,0.6360646216274803,5.0
deep_training_fit/dreamer_strict_loso_valence_eegnet_none_bs128_seed20260530_eval_train,20260530,16,2.0,63376,,0.5937041700614769,0.6394849785407726,0.5952853598014889,0.6300136316680689,0.6428679820479095,5.0
deep_training_fit/dreamer_strict_loso_valence_eegnet_none_bs128_seed20260530_eval_train,20260530,17,2.0,63376,,0.5054180717486528,0.6408261802575107,0.4288922324391059,0.5311729928129375,0.6294384616850179,5.0
deep_training_fit/dreamer_strict_loso_valence_eegnet_none_bs128_seed20260530_eval_train,20260530,18,2.0,63376,,0.6419073895760807,0.6531652360515021,0.6371590441625621,0.6569470310699618,0.6400312173922832,5.0
deep_training_fit/dreamer_strict_loso_valence_eegnet_none_bs128_seed20260530_eval_train,20260530,19,2.0,63376,,0.5129661604949491,0.503755364806867,0.4901035673527881,0.4860304081123909,0.6146697733154376,5.0
deep_training_fit/dreamer_strict_loso_valence_eegnet_none_bs128_seed20260530_eval_train,20260530,20,2.0,63376,,0.6320601781439108,0.6089055793991416,0.6003325914633877,0.6202106184353006,0.6461366440375722,5.0
deep_training_fit/dreamer_strict_loso_valence_eegnet_none_bs128_seed20260530_eval_train,20260530,21,2.0,63376,,0.5833931050172858,0.6655042918454935,0.5694290091483054,0.6208219201651999,0.6442233167227706,5.0
deep_training_fit/dreamer_strict_loso_valence_eegnet_none_bs128_seed20260530_eval_train,20260530,22,2.0,63376,,0.5025165343761936,0.6064914163090128,0.4551053781404933,0.530759876604354,0.6364051330794958,5.0
deep_training_fit/dreamer_strict_loso_valence_eegnet_none_bs128_seed20260530_eval_train,20260530,23,2.0,63376,,0.508706147595616,0.5185085836909872,0.5057486112714482,0.5123096655372545,0.6658476413499498,5.0
deep_training_fit/seed_iv_strict_loso_emotion_shallow_convnet_none_bs128_seed20260530_eval_train,20260530,1,4.0,27555,,0.4015230466212078,0.4151696606786427,0.3818002750812471,0.3868360675183887,0.611025073030118,5.0
deep_training_fit/seed_iv_strict_loso_emotion_shallow_convnet_none_bs128_seed20260530_eval_train,20260530,2,4.0,27555,,0.4576410494807021,0.4431137724550898,0.4008840809912501,0.3904979890875415,0.6145696270225721,5.0
deep_training_fit/seed_iv_strict_loso_emotion_shallow_convnet_none_bs128_seed20260530_eval_train,20260530,3,4.0,27555,,0.367734814546628,0.3660678642714571,0.3256766289987315,0.3193429368121221,0.6082772325658311,5.0
deep_training_fit/seed_iv_strict_loso_emotion_shallow_convnet_none_bs128_seed20260530_eval_train,20260530,4,4.0,27555,,0.3348438756781737,0.3233532934131736,0.2626388352240983,0.2541691276959634,0.5796652535436857,5.0
deep_training_fit/seed_iv_strict_loso_emotion_shallow_convnet_none_bs128_seed20260530_eval_train,20260530,5,4.0,27555,,0.3635617815970852,0.3864271457085828,0.3192937751724356,0.3344113548849662,0.6393929451762838,5.0
deep_training_fit/seed_iv_strict_loso_emotion_shallow_convnet_none_bs128_seed20260530_eval_train,20260530,6,4.0,27555,,0.3136034971174164,0.2986027944111776,0.2888574372628681,0.2764429848014444,0.6432083442803254,5.0
deep_training_fit/seed_iv_strict_loso_emotion_shallow_convnet_none_bs128_seed20260530_eval_train,20260530,7,4.0,27555,,0.4941628217984008,0.4782435129740519,0.4490484174395691,0.4388629006585371,0.6323488376975038,5.0
deep_training_fit/seed_iv_strict_loso_emotion_shallow_convnet_none_bs128_seed20260530_eval_train,20260530,8,4.0,27555,,0.3793683094598991,0.3944111776447105,0.3705807505560081,0.3788593268775302,0.6250255323718918,5.0
deep_training_fit/seed_iv_strict_loso_emotion_shallow_convnet_none_bs128_seed20260530_eval_train,20260530,9,4.0,27555,,0.3474645554372773,0.3584830339321357,0.3004214787560125,0.3056006332240457,0.6234390477495874,5.0
deep_training_fit/seed_iv_strict_loso_emotion_shallow_convnet_none_bs128_seed20260530_eval_train,20260530,10,4.0,27555,,0.4452165880594583,0.4499001996007984,0.4466353403149207,0.4497620089615351,0.5936746961395227,5.0
deep_training_fit/seed_iv_strict_loso_emotion_shallow_convnet_none_bs128_seed20260530_eval_train,20260530,11,4.0,27555,,0.3207901005525762,0.3245508982035928,0.3214965146635056,0.3216110845824964,0.6407654472498889,5.0
deep_training_fit/seed_iv_strict_loso_emotion_shallow_convnet_none_bs128_seed20260530_eval_train,20260530,12,4.0,27555,,0.387361577206792,0.3940119760479041,0.380305808508242,0.3829742977635387,0.6478765022092285,5.0
deep_training_fit/seed_iv_strict_loso_emotion_shallow_convnet_none_bs128_seed20260530_eval_train,20260530,13,4.0,27555,,0.3316322242080688,0.3085828343313373,0.2554703827821502,0.2528621789723175,0.5928883779334729,5.0
deep_training_fit/seed_iv_strict_loso_emotion_shallow_convnet_none_bs128_seed20260530_eval_train,20260530,14,4.0,27555,,0.4665043148999642,0.4642714570858283,0.4478658866633329,0.446135639383181,0.6539675248593199,5.0
deep_training_fit/seed_iv_strict_loso_emotion_shallow_convnet_none_bs128_seed20260530_eval_train,20260530,15,4.0,27555,,0.3677587556248312,0.3612774451097804,0.3653307451263836,0.3631144960505709,0.5239343288738778,5.0
