run_id,seed,fold,n_test_classes,train_rows,test_rows,balanced_accuracy,accuracy,macro_f1,weighted_f1,train_balanced_accuracy,best_epoch
classical/deap__arousal@exclude_ties__strict_loso/spectral_logistic,20260530,1,2.0,56940,2400.0,0.4986111111111111,0.4020833333333333,0.2993504751050719,0.2456923989902021,,
classical/deap__arousal@exclude_ties__strict_loso/spectral_logistic,20260530,2,2.0,56880,2400.0,0.4803819444444445,0.4745833333333333,0.4722081785060861,0.4792893854444628,,
classical/deap__arousal@exclude_ties__strict_loso/spectral_logistic,20260530,3,2.0,56700,2400.0,0.4989583333333333,0.7870833333333334,0.457191176789523,0.7110900038462237,,
classical/deap__arousal@exclude_ties__strict_loso/spectral_logistic,20260530,4,2.0,56760,2400.0,0.5020833333333333,0.60125,0.3812898361339343,0.4550710231749625,,
classical/deap__arousal@exclude_ties__strict_loso/spectral_logistic,20260530,5,2.0,57000,2400.0,0.4800125313283208,0.48625,0.4746252630468858,0.4785327376529746,,
classical/deap__arousal@exclude_ties__strict_loso/spectral_logistic,20260530,6,2.0,57000,2400.0,0.475,0.52875,0.4221040106330818,0.4593421834479126,,
classical/deap__arousal@exclude_ties__strict_loso/spectral_logistic,20260530,7,2.0,56700,2400.0,0.5002222222222222,0.3758333333333333,0.2752729216709361,0.207782712501542,,
classical/deap__arousal@exclude_ties__strict_loso/spectral_logistic,20260530,8,2.0,56700,2340.0,0.5322237318840579,0.5183760683760684,0.5182133787232923,0.5198024404480818,,
classical/deap__arousal@exclude_ties__strict_loso/spectral_logistic,20260530,9,2.0,56760,2340.0,0.4989583333333333,0.3858974358974359,0.2855411198751676,0.2237481772844892,,
classical/deap__arousal@exclude_ties__strict_loso/spectral_logistic,20260530,10,2.0,56880,2400.0,0.4540824915824916,0.44125,0.4373819029057239,0.4327168611839839,,
classical/deap__arousal@exclude_ties__strict_loso/spectral_logistic,20260530,11,2.0,56760,2400.0,0.5,0.375,0.2727272727272727,0.2045454545454545,,
classical/deap__arousal@exclude_ties__strict_loso/spectral_logistic,20260530,12,2.0,56940,2400.0,0.5097402597402597,0.205,0.1896798853320592,0.117257525083612,,
classical/deap__arousal@exclude_ties__strict_loso/spectral_logistic,20260530,13,2.0,56820,2400.0,0.4995098039215686,0.8491666666666666,0.459215863001352,0.7806669671022984,,
classical/deap__arousal@exclude_ties__strict_loso/spectral_logistic,20260530,14,2.0,56820,2400.0,0.5045109211775878,0.6483333333333333,0.4629762188817307,0.5734017338741748,,
classical/deap__arousal@exclude_ties__strict_loso/spectral_logistic,20260530,15,2.0,57060,2280.0,0.5486842105263158,0.5486842105263158,0.5486528669754113,0.5486528669754113,,
classical/deap__arousal@exclude_ties__strict_loso/spectral_logistic,20260530,16,2.0,56580,2400.0,0.5104166666666667,0.5104166666666666,0.3738007562799235,0.3738007562799235,,
classical/deap__arousal@exclude_ties__strict_loso/spectral_logistic,20260530,17,2.0,56880,2340.0,0.6052083333333333,0.6230769230769231,0.6044339703645552,0.624251282302899,,
classical/deap__arousal@exclude_ties__strict_loso/spectral_logistic,20260530,18,2.0,56820,2400.0,0.5118888888888888,0.40125,0.3354881285555325,0.2832270386658895,,
classical/deap__arousal@exclude_ties__strict_loso/spectral_logistic,20260530,19,2.0,56940,2400.0,0.5146248812915479,0.395,0.3787632882760824,0.3436116443377041,,
classical/deap__arousal@exclude_ties__strict_loso/spectral_logistic,20260530,20,2.0,56940,2400.0,0.5007765830346476,0.27,0.2545056241848815,0.1953941326358743,,
classical/deap__arousal@exclude_ties__strict_loso/spectral_logistic,20260530,21,2.0,56820,2400.0,0.5234375,0.6175,0.5085543485534563,0.647387745087105,,
classical/deap__arousal@exclude_ties__strict_loso/spectral_logistic,20260530,22,2.0,57000,2340.0,0.5147916666666666,0.4064102564102564,0.323082357209398,0.2682747255791136,,
classical/deap__arousal@exclude_ties__strict_loso/spectral_logistic,20260530,23,2.0,57000,2220.0,0.4995061728395061,0.7274774774774775,0.4243229654889526,0.6162643697274972,,
classical/deap__arousal@exclude_ties__strict_loso/spectral_logistic,20260530,24,2.0,56880,2400.0,0.4785714285714286,0.6116666666666667,0.4708749393237759,0.6482861627930082,,
classical/deap__arousal@exclude_ties__strict_loso/spectral_logistic,20260530,25,2.0,56700,2340.0,0.5,0.7435897435897436,0.4264705882352941,0.6342383107088989,,
classical/deap__arousal@exclude_ties__strict_loso/spectral_logistic,20260530,26,2.0,56700,2400.0,0.5,0.575,0.365079365079365,0.4198412698412698,,
classical/deap__arousal@exclude_ties__strict_loso/spectral_logistic,20260530,27,2.0,56880,2400.0,0.4804131054131054,0.45875,0.4525700288412153,0.4729275808936826,,
classical/deap__arousal@exclude_ties__strict_loso/spectral_logistic,20260530,28,2.0,56760,2280.0,0.5,0.5263157894736842,0.3448275862068966,0.3629764065335753,,
classical/deap__arousal@exclude_ties__strict_loso/spectral_logistic,20260530,29,2.0,57000,2280.0,0.5169230769230769,0.3947368421052631,0.3628576635684344,0.3178517644576175,,
classical/deap__arousal@exclude_ties__strict_loso/spectral_logistic,20260530,30,2.0,56880,2340.0,0.5007017543859649,0.488034188034188,0.3337680893518681,0.325547870949613,,
classical/deap__arousal@exclude_ties__strict_loso/spectral_logistic,20260530,31,2.0,56820,2340.0,0.5129824561403509,0.5119658119658119,0.5116229597957218,0.511291167373054,,
classical/deap__arousal@exclude_ties__strict_loso/spectral_logistic,20260530,32,2.0,56820,2340.0,0.5,0.6923076923076923,0.4090909090909091,0.5664335664335665,,
classical/deap__arousal@tie_high__strict_loso/spectral_logistic,20260530,1,2.0,57600,2400.0,0.4956597222222222,0.4008333333333333,0.3027878787878788,0.2504969696969696,,
classical/deap__arousal@tie_high__strict_loso/spectral_logistic,20260530,2,2.0,57600,2400.0,0.4802083333333333,0.4720833333333333,0.4704571034205567,0.4763262038576455,,
classical/deap__arousal@tie_high__strict_loso/spectral_logistic,20260530,3,2.0,57600,2400.0,0.5031249999999999,0.78875,0.4649808227634655,0.714701023738618,,
classical/deap__arousal@tie_high__strict_loso/spectral_logistic,20260530,4,2.0,57600,2400.0,0.5008680555555556,0.6004166666666667,0.3780762137660354,0.4524479332031804,,
classical/deap__arousal@tie_high__strict_loso/spectral_logistic,20260530,5,2.0,57600,2400.0,0.4806182121971596,0.4891666666666667,0.4689744189471313,0.4741519183623968,,
classical/deap__arousal@tie_high__strict_loso/spectral_logistic,20260530,6,2.0,57600,2400.0,0.477237851662404,0.5275,0.4338756057298045,0.4684091937802865,,
classical/deap__arousal@tie_high__strict_loso/spectral_logistic,20260530,7,2.0,57600,2400.0,0.5002222222222222,0.3758333333333333,0.2752729216709361,0.207782712501542,,
classical/deap__arousal@tie_high__strict_loso/spectral_logistic,20260530,8,2.0,57600,2400.0,0.5302083333333334,0.5175,0.5166269073514035,0.5207355786389165,,
classical/deap__arousal@tie_high__strict_loso/spectral_logistic,20260530,9,2.0,57600,2400.0,0.4987777777777777,0.3770833333333333,0.2830938217992627,0.2181988771267167,,
classical/deap__arousal@tie_high__strict_loso/spectral_logistic,20260530,10,2.0,57600,2400.0,0.4509259259259259,0.4483333333333333,0.4481305979766178,0.4491883476638293,,
classical/deap__arousal@tie_high__strict_loso/spectral_logistic,20260530,11,2.0,57600,2400.0,0.5,0.375,0.2727272727272727,0.2045454545454545,,
classical/deap__arousal@tie_high__strict_loso/spectral_logistic,20260530,12,2.0,57600,2400.0,0.5092352092352093,0.2041666666666666,0.1886403991945875,0.1156856484221675,,
classical/deap__arousal@tie_high__strict_loso/spectral_logistic,20260530,13,2.0,57600,2400.0,0.4995098039215686,0.8491666666666666,0.459215863001352,0.7806669671022984,,
classical/deap__arousal@tie_high__strict_loso/spectral_logistic,20260530,14,2.0,57600,2400.0,0.5231244064577398,0.625,0.5162326347672855,0.5965178604223648,,
classical/deap__arousal@tie_high__strict_loso/spectral_logistic,20260530,15,2.0,57600,2400.0,0.5408312447786132,0.5395833333333333,0.5395813349884331,0.5396292952660385,,
classical/deap__arousal@tie_high__strict_loso/spectral_logistic,20260530,16,2.0,57600,2400.0,0.50875,0.50875,0.3716690141736424,0.3716690141736424,,
classical/deap__arousal@tie_high__strict_loso/spectral_logistic,20260530,17,2.0,57600,2400.0,0.5935555555555556,0.6158333333333333,0.5928685764751338,0.6170420047469228,,
classical/deap__arousal@tie_high__strict_loso/spectral_logistic,20260530,18,2.0,57600,2400.0,0.5143333333333333,0.4045833333333333,0.3410919360803846,0.2899579248699561,,
classical/deap__arousal@tie_high__strict_loso/spectral_logistic,20260530,19,2.0,57600,2400.0,0.5148385565052231,0.3970833333333333,0.3819953286619953,0.3481981981981982,,
classical/deap__arousal@tie_high__strict_loso/spectral_logistic,20260530,20,2.0,57600,2400.0,0.5018817204301076,0.2829166666666666,0.2720673101579425,0.2231896630879227,,
classical/deap__arousal@tie_high__strict_loso/spectral_logistic,20260530,21,2.0,57600,2400.0,0.5244791666666666,0.6129166666666667,0.5078274985712296,0.6442823245923562,,
classical/deap__arousal@tie_high__strict_loso/spectral_logistic,20260530,22,2.0,57600,2400.0,0.5152222222222222,0.3979166666666666,0.318999998232699,0.2610440605822943,,
classical/deap__arousal@tie_high__strict_loso/spectral_logistic,20260530,23,2.0,57600,2400.0,0.4994301994301994,0.6733333333333333,0.4048311917040756,0.5447454590543093,,
classical/deap__arousal@tie_high__strict_loso/spectral_logistic,20260530,24,2.0,57600,2400.0,0.4786435786435786,0.635,0.4753213357344503,0.6634623600956719,,
classical/deap__arousal@tie_high__strict_loso/spectral_logistic,20260530,25,2.0,57600,2400.0,0.5,0.75,0.4285714285714285,0.6428571428571428,,
classical/deap__arousal@tie_high__strict_loso/spectral_logistic,20260530,26,2.0,57600,2400.0,0.500618073316283,0.5754166666666667,0.3670596145678776,0.4215320464891297,,
classical/deap__arousal@tie_high__strict_loso/spectral_logistic,20260530,27,2.0,57600,2400.0,0.4687796771130104,0.4645833333333333,0.4519062873493253,0.4810808589289602,,
classical/deap__arousal@tie_high__strict_loso/spectral_logistic,20260530,28,2.0,57600,2400.0,0.5,0.5,0.3333333333333333,0.3333333333333333,,
classical/deap__arousal@tie_high__strict_loso/spectral_logistic,20260530,29,2.0,57600,2400.0,0.5110873694207028,0.3695833333333333,0.3358353518424661,0.2834355284555374,,
classical/deap__arousal@tie_high__strict_loso/spectral_logistic,20260530,30,2.0,57600,2400.0,0.5004166666666666,0.5004166666666666,0.339359815417463,0.339359815417463,,
classical/deap__arousal@tie_high__strict_loso/spectral_logistic,20260530,31,2.0,57600,2400.0,0.5133333333333334,0.5133333333333333,0.5079947345326897,0.5079947345326897,,
classical/deap__arousal@tie_high__strict_loso/spectral_logistic,20260530,32,2.0,57600,2400.0,0.5,0.7,0.4117647058823529,0.5764705882352941,,
classical/deap__arousal__loso_stimulus_heldout/alpha_logistic,20260530,1,2.0,48000,480.0,0.5416666666666666,0.4458333333333333,0.4423382658676776,0.4644123761770821,,
classical/deap__arousal__loso_stimulus_heldout/alpha_logistic,20260530,2,2.0,48000,480.0,0.4983333333333333,0.5979166666666667,0.4465916761748875,0.5189382851749413,,
classical/deap__arousal__loso_stimulus_heldout/alpha_logistic,20260530,3,2.0,48000,480.0,0.5571428571428572,0.6375,0.4995685936151854,0.6966134598792062,,
classical/deap__arousal__loso_stimulus_heldout/alpha_logistic,20260530,4,2.0,48000,480.0,0.5022222222222222,0.6208333333333333,0.4075520833333333,0.4964192708333333,,
classical/deap__arousal__loso_stimulus_heldout/alpha_logistic,20260530,5,2.0,48000,480.0,0.4895833333333333,0.4895833333333333,0.33917362988104,0.33917362988104,,
classical/deap__arousal__loso_stimulus_heldout/alpha_logistic,20260530,6,2.0,48000,480.0,0.4777777777777778,0.5791666666666667,0.4771805711327754,0.5926365283409541,,
classical/deap__arousal__loso_stimulus_heldout/alpha_logistic,20260530,7,2.0,48000,480.0,0.5270833333333333,0.5270833333333333,0.4704278472522612,0.4704278472522612,,
classical/deap__arousal__loso_stimulus_heldout/alpha_logistic,20260530,8,2.0,48000,480.0,0.5,0.5,0.472285845167201,0.4722858451672011,,
classical/deap__arousal__loso_stimulus_heldout/alpha_logistic,20260530,9,2.0,48000,480.0,0.4733333333333333,0.3958333333333333,0.3727921562973109,0.3427384471198904,,
classical/deap__arousal__loso_stimulus_heldout/alpha_logistic,20260530,10,2.0,48000,480.0,0.5477777777777777,0.6208333333333333,0.5352301504543423,0.585096082228512,,
classical/deap__arousal__loso_stimulus_heldout/alpha_logistic,20260530,11,2.0,48000,480.0,0.4986111111111111,0.7270833333333333,0.4554854129322214,0.6477671264905307,,
classical/deap__arousal__loso_stimulus_heldout/alpha_logistic,20260530,12,2.0,48000,480.0,0.475,0.4125,0.4049691406868175,0.4384396265231841,,
classical/deap__arousal__loso_stimulus_heldout/alpha_logistic,20260530,14,2.0,48000,480.0,0.5869047619047619,0.6395833333333333,0.5126045487894351,0.6991856199559794,,
classical/deap__arousal__loso_stimulus_heldout/alpha_logistic,20260530,15,2.0,48000,480.0,0.4833333333333333,0.2208333333333333,0.2207115695160702,0.228017398551857,,
classical/deap__arousal__loso_stimulus_heldout/alpha_logistic,20260530,16,2.0,48000,480.0,0.5127777777777778,0.4979166666666667,0.4955322684040452,0.5042028075408507,,
classical/deap__arousal__loso_stimulus_heldout/alpha_logistic,20260530,17,2.0,48000,480.0,0.5125,0.5125,0.5121951219512195,0.5121951219512195,,
classical/deap__arousal__loso_stimulus_heldout/alpha_logistic,20260530,18,2.0,48000,480.0,0.4944444444444444,0.7375,0.4320913461538461,0.6403245192307693,,
classical/deap__arousal__loso_stimulus_heldout/alpha_logistic,20260530,19,2.0,48000,480.0,0.4986111111111111,0.6770833333333334,0.4894282832026023,0.6441953348568135,,
classical/deap__arousal__loso_stimulus_heldout/alpha_logistic,20260530,20,2.0,48000,480.0,0.4345238095238095,0.2104166666666666,0.2098370766751653,0.225887261055201,,
classical/deap__arousal__loso_stimulus_heldout/alpha_logistic,20260530,21,2.0,48000,480.0,0.5144444444444445,0.5041666666666667,0.5003411536241011,0.511271190888574,,
classical/deap__arousal__loso_stimulus_heldout/alpha_logistic,20260530,22,2.0,48000,480.0,0.5,0.5,0.3333333333333333,0.3333333333333333,,
classical/deap__arousal__loso_stimulus_heldout/alpha_logistic,20260530,23,2.0,48000,480.0,0.4797619047619047,0.7395833333333334,0.480425012339906,0.7556373886161121,,
classical/deap__arousal__loso_stimulus_heldout/alpha_logistic,20260530,25,2.0,48000,480.0,0.5022222222222222,0.4125,0.3786721504112809,0.3424280258519389,,
classical/deap__arousal__loso_stimulus_heldout/alpha_logistic,20260530,26,2.0,48000,480.0,0.5177777777777778,0.625,0.4551508424982343,0.5312027040661891,,
classical/deap__arousal__loso_stimulus_heldout/alpha_logistic,20260530,27,2.0,48000,480.0,0.4880952380952381,0.6791666666666667,0.4779513545580384,0.7210302550919517,,
classical/deap__arousal__loso_stimulus_heldout/alpha_logistic,20260530,28,2.0,48000,480.0,0.5027777777777778,0.6270833333333333,0.3906339761274902,0.4855300392201362,,
classical/deap__arousal__loso_stimulus_heldout/alpha_logistic,20260530,29,2.0,48000,480.0,0.4916666666666666,0.1729166666666666,0.1702914168528025,0.1352880860012801,,
classical/deap__arousal__loso_stimulus_heldout/alpha_logistic,20260530,30,2.0,48000,480.0,0.4994444444444444,0.3770833333333333,0.2815917907646101,0.2161118758603429,,
classical/deap__arousal__loso_stimulus_heldout/alpha_logistic,20260530,31,2.0,48000,480.0,0.4472222222222222,0.4854166666666666,0.4466820054977108,0.4832816853423934,,
classical/deap__arousal__loso_stimulus_heldout/alpha_logistic,20260530,32,2.0,48000,480.0,0.4455555555555555,0.45,0.4406680908914352,0.4587298504563993,,
classical/deap__arousal__loso_stimulus_heldout/spectral_logistic,20260530,1,2.0,48000,480.0,0.5041666666666667,0.25625,0.2092694879355455,0.1128992067776901,,
classical/deap__arousal__loso_stimulus_heldout/spectral_logistic,20260530,2,2.0,48000,480.0,0.5,0.625,0.3846153846153846,0.4807692307692308,,
classical/deap__arousal__loso_stimulus_heldout/spectral_logistic,20260530,3,2.0,48000,480.0,0.5845238095238096,0.4104166666666666,0.3842220499639617,0.4794752016101614,,
classical/deap__arousal__loso_stimulus_heldout/spectral_logistic,20260530,4,2.0,48000,480.0,0.5,0.625,0.3846153846153846,0.4807692307692308,,
classical/deap__arousal__loso_stimulus_heldout/spectral_logistic,20260530,5,2.0,48000,480.0,0.5,0.5,0.3333333333333333,0.3333333333333333,,
classical/deap__arousal__loso_stimulus_heldout/spectral_logistic,20260530,6,2.0,48000,480.0,0.4944444444444444,0.7333333333333333,0.4378568291611769,0.6416337285902503,,
classical/deap__arousal__loso_stimulus_heldout/spectral_logistic,20260530,7,2.0,48000,480.0,0.5583333333333333,0.5583333333333333,0.5563616071428572,0.5563616071428572,,
classical/deap__arousal__loso_stimulus_heldout/spectral_logistic,20260530,8,2.0,48000,480.0,0.53125,0.53125,0.5067389507241347,0.5067389507241347,,
classical/deap__arousal__loso_stimulus_heldout/spectral_logistic,20260530,9,2.0,48000,480.0,0.4638888888888889,0.3604166666666666,0.29812194273902,0.2458466499326033,,
classical/deap__arousal__loso_stimulus_heldout/spectral_logistic,20260530,10,2.0,48000,480.0,0.4211111111111111,0.4958333333333333,0.3973978543711481,0.4582857795023968,,
classical/deap__arousal__loso_stimulus_heldout/spectral_logistic,20260530,11,2.0,48000,480.0,0.5,0.25,0.2,0.1,,
classical/deap__arousal__loso_stimulus_heldout/spectral_logistic,20260530,12,2.0,48000,480.0,0.5680555555555555,0.35625,0.3434582645378047,0.2976371225836723,,
classical/deap__arousal__loso_stimulus_heldout/spectral_logistic,20260530,14,2.0,48000,480.0,0.5273809523809524,0.1979166666666666,0.1963784848603446,0.1700096538948247,,
classical/deap__arousal__loso_stimulus_heldout/spectral_logistic,20260530,15,2.0,48000,480.0,0.4059523809523809,0.5854166666666667,0.4113840977575657,0.6514290203908085,,
classical/deap__arousal__loso_stimulus_heldout/spectral_logistic,20260530,16,2.0,48000,480.0,0.5438888888888889,0.43125,0.3687830866237313,0.3191405064571602,,
classical/deap__arousal__loso_stimulus_heldout/spectral_logistic,20260530,17,2.0,48000,480.0,0.5895833333333333,0.5895833333333333,0.5064486327645871,0.506448632764587,,
classical/deap__arousal__loso_stimulus_heldout/spectral_logistic,20260530,18,2.0,48000,480.0,0.4555555555555556,0.5541666666666667,0.4558860920416984,0.5715102974828375,,
classical/deap__arousal__loso_stimulus_heldout/spectral_logistic,20260530,19,2.0,48000,480.0,0.4569444444444444,0.53125,0.4535491476884623,0.5565779021347002,,
classical/deap__arousal__loso_stimulus_heldout/spectral_logistic,20260530,20,2.0,48000,480.0,0.3380952380952381,0.2291666666666666,0.2200126484435387,0.2833866207575012,,
classical/deap__arousal__loso_stimulus_heldout/spectral_logistic,20260530,21,2.0,48000,480.0,0.5,0.375,0.2727272727272727,0.2045454545454545,,
classical/deap__arousal__loso_stimulus_heldout/spectral_logistic,20260530,22,2.0,48000,480.0,0.5,0.5,0.3333333333333333,0.3333333333333333,,
classical/deap__arousal__loso_stimulus_heldout/spectral_logistic,20260530,23,2.0,48000,480.0,0.4547619047619047,0.6833333333333333,0.4567386448250186,0.7198808637379003,,
classical/deap__arousal__loso_stimulus_heldout/spectral_logistic,20260530,25,2.0,48000,480.0,0.4294444444444444,0.3770833333333333,0.3705235549278725,0.3544587914859275,,
classical/deap__arousal__loso_stimulus_heldout/spectral_logistic,20260530,26,2.0,48000,480.0,0.5088888888888888,0.6291666666666667,0.4113107705875868,0.500840590894058,,
classical/deap__arousal__loso_stimulus_heldout/spectral_logistic,20260530,27,2.0,48000,480.0,0.4761904761904762,0.8208333333333333,0.4620517097581317,0.7915450375312761,,
classical/deap__arousal__loso_stimulus_heldout/spectral_logistic,20260530,28,2.0,48000,480.0,0.5,0.625,0.3846153846153846,0.4807692307692308,,
classical/deap__arousal__loso_stimulus_heldout/spectral_logistic,20260530,29,2.0,48000,480.0,0.4095238095238095,0.2791666666666667,0.2661199095022624,0.3395079185520362,,
classical/deap__arousal__loso_stimulus_heldout/spectral_logistic,20260530,30,2.0,48000,480.0,0.5016666666666667,0.3770833333333333,0.2764633820497179,0.2090086661053947,,
classical/deap__arousal__loso_stimulus_heldout/spectral_logistic,20260530,31,2.0,48000,480.0,0.5005555555555555,0.5729166666666666,0.4842740265934308,0.5377268748787992,,
classical/deap__arousal__loso_stimulus_heldout/spectral_logistic,20260530,32,2.0,48000,480.0,0.4983333333333333,0.6229166666666667,0.3838254172015404,0.4797817715019256,,
classical/deap__arousal__loso_stimulus_heldout/spectral_svm,20260530,1,2.0,48000,480.0,0.5041666666666667,0.25625,0.2092694879355455,0.1128992067776901,,
classical/deap__arousal__loso_stimulus_heldout/spectral_svm,20260530,2,2.0,48000,480.0,0.5,0.625,0.3846153846153846,0.4807692307692308,,
classical/deap__arousal__loso_stimulus_heldout/spectral_svm,20260530,3,2.0,48000,480.0,0.5738095238095238,0.3541666666666667,0.3417210808515156,0.4096060943887031,,
classical/deap__arousal__loso_stimulus_heldout/spectral_svm,20260530,4,2.0,48000,480.0,0.5,0.625,0.3846153846153846,0.4807692307692308,,
classical/deap__arousal__loso_stimulus_heldout/spectral_svm,20260530,5,2.0,48000,480.0,0.5,0.5,0.3333333333333333,0.3333333333333333,,
classical/deap__arousal__loso_stimulus_heldout/spectral_svm,20260530,6,2.0,48000,480.0,0.4930555555555556,0.73125,0.4370448491240192,0.6405296797010664,,
classical/deap__arousal__loso_stimulus_heldout/spectral_svm,20260530,7,2.0,48000,480.0,0.5729166666666666,0.5729166666666666,0.5691297208538588,0.5691297208538588,,
classical/deap__arousal__loso_stimulus_heldout/spectral_svm,20260530,8,2.0,48000,480.0,0.5333333333333333,0.5333333333333333,0.5094084794948075,0.5094084794948075,,
classical/deap__arousal__loso_stimulus_heldout/spectral_svm,20260530,9,2.0,48000,480.0,0.48,0.3708333333333333,0.300710095708552,0.2453496449521457,,
classical/deap__arousal__loso_stimulus_heldout/spectral_svm,20260530,10,2.0,48000,480.0,0.4138888888888888,0.4770833333333333,0.4010707947444559,0.4544129270875278,,
classical/deap__arousal__loso_stimulus_heldout/spectral_svm,20260530,11,2.0,48000,480.0,0.5,0.25,0.2,0.1,,
classical/deap__arousal__loso_stimulus_heldout/spectral_svm,20260530,12,2.0,48000,480.0,0.5652777777777778,0.3520833333333333,0.3384122425644503,0.2908606224987701,,
classical/deap__arousal__loso_stimulus_heldout/spectral_svm,20260530,14,2.0,48000,480.0,0.5142857142857142,0.2125,0.2122811892192275,0.2024347040844679,,
classical/deap__arousal__loso_stimulus_heldout/spectral_svm,20260530,15,2.0,48000,480.0,0.4035714285714286,0.59375,0.4117314327733469,0.6571497256632163,,
classical/deap__arousal__loso_stimulus_heldout/spectral_svm,20260530,16,2.0,48000,480.0,0.5411111111111111,0.4291666666666666,0.3673881673881674,0.3179653679653679,,
classical/deap__arousal__loso_stimulus_heldout/spectral_svm,20260530,17,2.0,48000,480.0,0.5604166666666667,0.5604166666666667,0.4551294121444595,0.4551294121444595,,
classical/deap__arousal__loso_stimulus_heldout/spectral_svm,20260530,18,2.0,48000,480.0,0.4430555555555555,0.56875,0.4445158801594445,0.5758647293300759,,
classical/deap__arousal__loso_stimulus_heldout/spectral_svm,20260530,19,2.0,48000,480.0,0.4472222222222222,0.5125,0.4425806451612903,0.5412903225806451,,
classical/deap__arousal__loso_stimulus_heldout/spectral_svm,20260530,20,2.0,48000,480.0,0.3416666666666667,0.2354166666666666,0.2252446399120395,0.2918251786695987,,
classical/deap__arousal__loso_stimulus_heldout/spectral_svm,20260530,21,2.0,48000,480.0,0.5,0.375,0.2727272727272727,0.2045454545454545,,
classical/deap__arousal__loso_stimulus_heldout/spectral_svm,20260530,22,2.0,48000,480.0,0.5,0.5,0.3333333333333333,0.3333333333333333,,
classical/deap__arousal__loso_stimulus_heldout/spectral_svm,20260530,23,2.0,48000,480.0,0.4535714285714285,0.68125,0.4556734040424254,0.7184810886531919,,
classical/deap__arousal__loso_stimulus_heldout/spectral_svm,20260530,25,2.0,48000,480.0,0.4288888888888889,0.3833333333333333,0.3798449612403101,0.3682170542635659,,
classical/deap__arousal__loso_stimulus_heldout/spectral_svm,20260530,26,2.0,48000,480.0,0.5116666666666667,0.63125,0.4169600395281329,0.5053270335371502,,
classical/deap__arousal__loso_stimulus_heldout/spectral_svm,20260530,27,2.0,48000,480.0,0.475,0.81875,0.4612933603374657,0.7904094480062952,,
classical/deap__arousal__loso_stimulus_heldout/spectral_svm,20260530,28,2.0,48000,480.0,0.5,0.625,0.3846153846153846,0.4807692307692308,,
classical/deap__arousal__loso_stimulus_heldout/spectral_svm,20260530,29,2.0,48000,480.0,0.4071428571428571,0.25,0.2430481330272818,0.2974540484659459,,
classical/deap__arousal__loso_stimulus_heldout/spectral_svm,20260530,30,2.0,48000,480.0,0.5016666666666667,0.3770833333333333,0.2764633820497179,0.2090086661053947,,
classical/deap__arousal__loso_stimulus_heldout/spectral_svm,20260530,31,2.0,48000,480.0,0.5005555555555555,0.5645833333333333,0.4905312552371376,0.539089994972348,,
classical/deap__arousal__loso_stimulus_heldout/spectral_svm,20260530,32,2.0,48000,480.0,0.4983333333333333,0.6229166666666667,0.3838254172015404,0.4797817715019256,,
classical/deap__arousal__loso_stimulus_seen/alpha_logistic,20260530,1,2.0,48000,480.0,0.5222222222222223,0.3791666666666666,0.3787784031686471,0.3710131332082552,,
classical/deap__arousal__loso_stimulus_seen/alpha_logistic,20260530,2,2.0,48000,480.0,0.5055555555555555,0.625,0.4094326725905673,0.4986329460013671,,
classical/deap__arousal__loso_stimulus_seen/alpha_logistic,20260530,3,2.0,48000,480.0,0.5071428571428571,0.8625,0.4914927768860353,0.8172552166934189,,
classical/deap__arousal__loso_stimulus_seen/alpha_logistic,20260530,4,2.0,48000,480.0,0.4955555555555555,0.6166666666666667,0.3914673134163819,0.4840149928343071,,
classical/deap__arousal__loso_stimulus_seen/alpha_logistic,20260530,5,2.0,48000,480.0,0.4875,0.4875,0.3512087912087912,0.3512087912087912,,
classical/deap__arousal__loso_stimulus_seen/alpha_logistic,20260530,6,2.0,48000,480.0,0.4916666666666666,0.4833333333333333,0.4546953733394411,0.5171781951442969,,
classical/deap__arousal__loso_stimulus_seen/alpha_logistic,20260530,7,2.0,48000,480.0,0.51875,0.51875,0.4704238805970149,0.4704238805970149,,
classical/deap__arousal__loso_stimulus_seen/alpha_logistic,20260530,8,2.0,48000,480.0,0.4958333333333333,0.4958333333333333,0.4656952034001214,0.4656952034001215,,
classical/deap__arousal__loso_stimulus_seen/alpha_logistic,20260530,9,2.0,48000,480.0,0.4727777777777778,0.44375,0.4437475857100074,0.4440373005091168,,
classical/deap__arousal__loso_stimulus_seen/alpha_logistic,20260530,10,2.0,48000,480.0,0.5166666666666667,0.6125,0.4744649290103835,0.5417991099809282,,
classical/deap__arousal__loso_stimulus_seen/alpha_logistic,20260530,11,2.0,48000,480.0,0.5069444444444444,0.3020833333333333,0.284617951284618,0.2287287287287287,,
classical/deap__arousal__loso_stimulus_seen/alpha_logistic,20260530,12,2.0,48000,480.0,0.4819444444444444,0.39375,0.3912107357511146,0.4108695557424849,,
classical/deap__arousal__loso_stimulus_seen/alpha_logistic,20260530,14,2.0,48000,480.0,0.5809523809523809,0.6416666666666667,0.511178476695718,0.7005968169761273,,
classical/deap__arousal__loso_stimulus_seen/alpha_logistic,20260530,15,2.0,48000,480.0,0.5595238095238095,0.3541666666666667,0.3401330376940132,0.4123059866962305,,
classical/deap__arousal__loso_stimulus_seen/alpha_logistic,20260530,16,2.0,48000,480.0,0.52,0.4583333333333333,0.4508589129822585,0.4348422979442411,,
classical/deap__arousal__loso_stimulus_seen/alpha_logistic,20260530,17,2.0,48000,480.0,0.5,0.5,0.4857142857142857,0.4857142857142857,,
classical/deap__arousal__loso_stimulus_seen/alpha_logistic,20260530,18,2.0,48000,480.0,0.5069444444444444,0.7479166666666667,0.4509929956234462,0.652867446191075,,
classical/deap__arousal__loso_stimulus_seen/alpha_logistic,20260530,19,2.0,48000,480.0,0.5083333333333333,0.6666666666666666,0.5055496896809251,0.6466740490844943,,
classical/deap__arousal__loso_stimulus_seen/alpha_logistic,20260530,20,2.0,48000,480.0,0.4595238095238095,0.2166666666666666,0.2163265306122448,0.2285714285714285,,
classical/deap__arousal__loso_stimulus_seen/alpha_logistic,20260530,21,2.0,48000,480.0,0.5,0.5291666666666667,0.4999631241241979,0.5301736853750276,,
classical/deap__arousal__loso_stimulus_seen/alpha_logistic,20260530,22,2.0,48000,480.0,0.5104166666666667,0.5104166666666666,0.3661461347838547,0.3661461347838546,,
classical/deap__arousal__loso_stimulus_seen/alpha_logistic,20260530,23,2.0,48000,480.0,0.45,0.7625,0.4492531905471235,0.7607693546439067,,
classical/deap__arousal__loso_stimulus_seen/alpha_logistic,20260530,25,2.0,48000,480.0,0.4794444444444444,0.3895833333333333,0.3524116495913433,0.3136238056866582,,
classical/deap__arousal__loso_stimulus_seen/alpha_logistic,20260530,26,2.0,48000,480.0,0.5816666666666667,0.5729166666666666,0.5676454692848136,0.579580255809764,,
classical/deap__arousal__loso_stimulus_seen/alpha_logistic,20260530,27,2.0,48000,480.0,0.5261904761904762,0.6458333333333334,0.4888627195510009,0.7013041517376162,,
classical/deap__arousal__loso_stimulus_seen/alpha_logistic,20260530,28,2.0,48000,480.0,0.5027777777777778,0.6270833333333333,0.3906339761274902,0.4855300392201362,,
classical/deap__arousal__loso_stimulus_seen/alpha_logistic,20260530,29,2.0,48000,480.0,0.494047619047619,0.2645833333333333,0.2615030574575377,0.2972740031119382,,
classical/deap__arousal__loso_stimulus_seen/alpha_logistic,20260530,30,2.0,48000,480.0,0.4994444444444444,0.38125,0.2960382398980796,0.2348082326392146,,
classical/deap__arousal__loso_stimulus_seen/alpha_logistic,20260530,31,2.0,48000,480.0,0.49,0.475,0.4729411764705882,0.4811764705882352,,
classical/deap__arousal__loso_stimulus_seen/alpha_logistic,20260530,32,2.0,48000,480.0,0.4433333333333333,0.4041666666666667,0.4029123679952678,0.3960707388785469,,
classical/deap__arousal__loso_stimulus_seen/spectral_logistic,20260530,1,2.0,48000,480.0,0.513888888888889,0.275,0.2378310306437188,0.1536748736106295,,
classical/deap__arousal__loso_stimulus_seen/spectral_logistic,20260530,2,2.0,48000,480.0,0.5,0.625,0.3846153846153846,0.4807692307692308,,
classical/deap__arousal__loso_stimulus_seen/spectral_logistic,20260530,3,2.0,48000,480.0,0.513095238095238,0.7479166666666667,0.5085254918552993,0.765781679712291,,
classical/deap__arousal__loso_stimulus_seen/spectral_logistic,20260530,4,2.0,48000,480.0,0.5,0.625,0.3846153846153846,0.4807692307692308,,
classical/deap__arousal__loso_stimulus_seen/spectral_logistic,20260530,5,2.0,48000,480.0,0.5,0.5,0.3405989559483469,0.3405989559483469,,
classical/deap__arousal__loso_stimulus_seen/spectral_logistic,20260530,6,2.0,48000,480.0,0.4791666666666667,0.7020833333333333,0.4381093492906786,0.6306739577108522,,
classical/deap__arousal__loso_stimulus_seen/spectral_logistic,20260530,7,2.0,48000,480.0,0.56875,0.56875,0.5642086149500656,0.5642086149500656,,
classical/deap__arousal__loso_stimulus_seen/spectral_logistic,20260530,8,2.0,48000,480.0,0.5354166666666667,0.5354166666666667,0.4887641791044776,0.4887641791044776,,
classical/deap__arousal__loso_stimulus_seen/spectral_logistic,20260530,9,2.0,48000,480.0,0.4822222222222222,0.3708333333333333,0.2965292336361518,0.2393722338690892,,
classical/deap__arousal__loso_stimulus_seen/spectral_logistic,20260530,10,2.0,48000,480.0,0.4877777777777777,0.6083333333333333,0.3831852358168148,0.4763499658236501,,
classical/deap__arousal__loso_stimulus_seen/spectral_logistic,20260530,11,2.0,48000,480.0,0.5,0.25,0.2,0.1,,
classical/deap__arousal__loso_stimulus_seen/spectral_logistic,20260530,12,2.0,48000,480.0,0.4847222222222222,0.70625,0.4459679597901096,0.6358393569037074,,
classical/deap__arousal__loso_stimulus_seen/spectral_logistic,20260530,14,2.0,48000,480.0,0.4976190476190475,0.1333333333333333,0.1222239805876457,0.0481616289497283,,
classical/deap__arousal__loso_stimulus_seen/spectral_logistic,20260530,15,2.0,48000,480.0,0.425,0.58125,0.4201609462050231,0.6493785721583498,,
classical/deap__arousal__loso_stimulus_seen/spectral_logistic,20260530,16,2.0,48000,480.0,0.5105555555555555,0.3895833333333333,0.3008515651797832,0.2385836577036076,,
classical/deap__arousal__loso_stimulus_seen/spectral_logistic,20260530,17,2.0,48000,480.0,0.7,0.7,0.6807036345830485,0.6807036345830485,,
classical/deap__arousal__loso_stimulus_seen/spectral_logistic,20260530,18,2.0,48000,480.0,0.4972222222222222,0.6666666666666666,0.490972719319176,0.640499483019168,,
classical/deap__arousal__loso_stimulus_seen/spectral_logistic,20260530,19,2.0,48000,480.0,0.5305555555555556,0.6125,0.5250154284863059,0.6269392011236193,,
classical/deap__arousal__loso_stimulus_seen/spectral_logistic,20260530,20,2.0,48000,480.0,0.3428571428571428,0.1125,0.1102756892230576,0.0769110275689223,,
classical/deap__arousal__loso_stimulus_seen/spectral_logistic,20260530,21,2.0,48000,480.0,0.5016666666666667,0.3770833333333333,0.2764633820497179,0.2090086661053947,,
classical/deap__arousal__loso_stimulus_seen/spectral_logistic,20260530,22,2.0,48000,480.0,0.5,0.5,0.3333333333333333,0.3333333333333333,,
classical/deap__arousal__loso_stimulus_seen/spectral_logistic,20260530,23,2.0,48000,480.0,0.4392857142857143,0.63125,0.4389820323694689,0.6853039837822491,,
classical/deap__arousal__loso_stimulus_seen/spectral_logistic,20260530,25,2.0,48000,480.0,0.4855555555555556,0.4916666666666666,0.4806208425720621,0.4995565410199557,,
classical/deap__arousal__loso_stimulus_seen/spectral_logistic,20260530,26,2.0,48000,480.0,0.565,0.6520833333333333,0.542400456686171,0.5984087341230198,,
classical/deap__arousal__loso_stimulus_seen/spectral_logistic,20260530,27,2.0,48000,480.0,0.5630952380952381,0.8104166666666667,0.5635447996083094,0.8097328110792473,,
classical/deap__arousal__loso_stimulus_seen/spectral_logistic,20260530,28,2.0,48000,480.0,0.5,0.625,0.3846153846153846,0.4807692307692308,,
classical/deap__arousal__loso_stimulus_seen/spectral_logistic,20260530,29,2.0,48000,480.0,0.4726190476190476,0.2020833333333333,0.2020521634959698,0.1983117830123572,,
classical/deap__arousal__loso_stimulus_seen/spectral_logistic,20260530,30,2.0,48000,480.0,0.5016666666666667,0.3770833333333333,0.2764633820497179,0.2090086661053947,,
classical/deap__arousal__loso_stimulus_seen/spectral_logistic,20260530,31,2.0,48000,480.0,0.5011111111111111,0.4291666666666666,0.4136842668378537,0.3898651901781415,,
classical/deap__arousal__loso_stimulus_seen/spectral_logistic,20260530,32,2.0,48000,480.0,0.49,0.6125,0.3798449612403101,0.4748062015503876,,
classical/deap__arousal__loso_stimulus_seen/spectral_svm,20260530,1,2.0,48000,480.0,0.5083333333333333,0.2666666666666666,0.2260192395785616,0.1373339441136051,,
classical/deap__arousal__loso_stimulus_seen/spectral_svm,20260530,2,2.0,48000,480.0,0.5,0.625,0.3846153846153846,0.4807692307692308,,
classical/deap__arousal__loso_stimulus_seen/spectral_svm,20260530,3,2.0,48000,480.0,0.5154761904761904,0.7145833333333333,0.5034395269989655,0.7462886333260339,,
classical/deap__arousal__loso_stimulus_seen/spectral_svm,20260530,4,2.0,48000,480.0,0.5,0.625,0.3846153846153846,0.4807692307692308,,
classical/deap__arousal__loso_stimulus_seen/spectral_svm,20260530,5,2.0,48000,480.0,0.5020833333333333,0.5020833333333333,0.3485926489543526,0.3485926489543526,,
classical/deap__arousal__loso_stimulus_seen/spectral_svm,20260530,6,2.0,48000,480.0,0.4791666666666667,0.6854166666666667,0.4526961209988597,0.6311399898815232,,
classical/deap__arousal__loso_stimulus_seen/spectral_svm,20260530,7,2.0,48000,480.0,0.5625,0.5625,0.556462968177978,0.5564629681779781,,
classical/deap__arousal__loso_stimulus_seen/spectral_svm,20260530,8,2.0,48000,480.0,0.5208333333333333,0.5208333333333334,0.4816317331530313,0.4816317331530313,,
classical/deap__arousal__loso_stimulus_seen/spectral_svm,20260530,9,2.0,48000,480.0,0.4938888888888889,0.3770833333333333,0.2936138796603913,0.2329088224437061,,
classical/deap__arousal__loso_stimulus_seen/spectral_svm,20260530,10,2.0,48000,480.0,0.4827777777777777,0.6020833333333333,0.3806702650120583,0.4732471576899433,,
classical/deap__arousal__loso_stimulus_seen/spectral_svm,20260530,11,2.0,48000,480.0,0.5,0.25,0.2,0.1,,
classical/deap__arousal__loso_stimulus_seen/spectral_svm,20260530,12,2.0,48000,480.0,0.4888888888888889,0.6958333333333333,0.46316950606692,0.6398762103198922,,
classical/deap__arousal__loso_stimulus_seen/spectral_svm,20260530,14,2.0,48000,480.0,0.4988095238095237,0.1354166666666666,0.1247457061131591,0.0522637099006551,,
classical/deap__arousal__loso_stimulus_seen/spectral_svm,20260530,15,2.0,48000,480.0,0.4261904761904762,0.5708333333333333,0.4179557815921452,0.6416790280426644,,
classical/deap__arousal__loso_stimulus_seen/spectral_svm,20260530,16,2.0,48000,480.0,0.508888888888889,0.3875,0.2972671500278862,0.234313998884551,,
classical/deap__arousal__loso_stimulus_seen/spectral_svm,20260530,17,2.0,48000,480.0,0.6937500000000001,0.69375,0.6714701431730881,0.6714701431730882,,
classical/deap__arousal__loso_stimulus_seen/spectral_svm,20260530,18,2.0,48000,480.0,0.5013888888888889,0.68125,0.4919440197577326,0.6470069387275079,,
classical/deap__arousal__loso_stimulus_seen/spectral_svm,20260530,19,2.0,48000,480.0,0.5388888888888889,0.6125,0.5310924369747899,0.6287815126050419,,
classical/deap__arousal__loso_stimulus_seen/spectral_svm,20260530,20,2.0,48000,480.0,0.3583333333333333,0.1145833333333333,0.1117729273613124,0.0743008477343678,,
classical/deap__arousal__loso_stimulus_seen/spectral_svm,20260530,21,2.0,48000,480.0,0.5016666666666667,0.3770833333333333,0.2764633820497179,0.2090086661053947,,
classical/deap__arousal__loso_stimulus_seen/spectral_svm,20260530,22,2.0,48000,480.0,0.5,0.5,0.3333333333333333,0.3333333333333333,,
classical/deap__arousal__loso_stimulus_seen/spectral_svm,20260530,23,2.0,48000,480.0,0.4357142857142857,0.6375,0.4379693682538828,0.6891268068154289,,
classical/deap__arousal__loso_stimulus_seen/spectral_svm,20260530,25,2.0,48000,480.0,0.4794444444444444,0.49375,0.4773608155035286,0.5004984877338411,,
classical/deap__arousal__loso_stimulus_seen/spectral_svm,20260530,26,2.0,48000,480.0,0.5700000000000001,0.65,0.5547604849930431,0.6062413039157225,,
classical/deap__arousal__loso_stimulus_seen/spectral_svm,20260530,27,2.0,48000,480.0,0.5583333333333333,0.8145833333333333,0.5603807563673784,0.8111011062516079,,
classical/deap__arousal__loso_stimulus_seen/spectral_svm,20260530,28,2.0,48000,480.0,0.5,0.625,0.3846153846153846,0.4807692307692308,,
classical/deap__arousal__loso_stimulus_seen/spectral_svm,20260530,29,2.0,48000,480.0,0.4714285714285714,0.1875,0.1869918699186991,0.1717479674796748,,
classical/deap__arousal__loso_stimulus_seen/spectral_svm,20260530,30,2.0,48000,480.0,0.5016666666666667,0.3770833333333333,0.2764633820497179,0.2090086661053947,,
classical/deap__arousal__loso_stimulus_seen/spectral_svm,20260530,31,2.0,48000,480.0,0.4905555555555556,0.4104166666666666,0.3863805759457933,0.3560191981931112,,
classical/deap__arousal__loso_stimulus_seen/spectral_svm,20260530,32,2.0,48000,480.0,0.4933333333333333,0.6166666666666667,0.3814432989690721,0.4768041237113402,,
classical/deap__arousal__segment_random/alpha_logistic,20260530,1,2.0,49152,15360.0,0.6005663545656948,0.5975260416666667,0.5954889953416844,0.5998396777678852,,
classical/deap__arousal__segment_random/alpha_logistic,20260530,2,2.0,49152,15360.0,0.5950087999646836,0.5940104166666667,0.5911534315825533,0.5963333858472074,,
classical/deap__arousal__segment_random/alpha_logistic,20260530,3,2.0,49152,15360.0,0.600044936875975,0.5984375,0.5958288658158803,0.6007501789282228,,
classical/deap__arousal__segment_random/alpha_logistic,20260530,4,2.0,49152,15360.0,0.5987770006488569,0.5967447916666667,0.5943179792365503,0.5990735510693035,,
classical/deap__arousal__segment_random/alpha_logistic,20260530,5,2.0,49152,15360.0,0.6000494139048604,0.5970703125,0.5950121112258171,0.5993879035238059,,
classical/deap__arousal__segment_random/spectral_logistic,20260530,1,2.0,49152,15360.0,0.6307292434529179,0.628515625,0.6260628543658528,0.6306529267422954,,
classical/deap__arousal__segment_random/spectral_logistic,20260530,2,2.0,49152,15360.0,0.6220544273442765,0.6205729166666667,0.6178438901157062,0.6227384770268279,,
classical/deap__arousal__segment_random/spectral_logistic,20260530,3,2.0,49152,15360.0,0.6247159689581558,0.6225911458333333,0.620119380030278,0.6247636663817815,,
classical/deap__arousal__segment_random/spectral_logistic,20260530,4,2.0,49152,15360.0,0.6306122160001932,0.628125,0.6257796257796258,0.6302697830041579,,
classical/deap__arousal__segment_random/spectral_logistic,20260530,5,2.0,49152,15360.0,0.6251480543040698,0.6231119791666667,0.6206033530824959,0.6252791589463466,,
classical/deap__arousal__segment_random/spectral_svm,20260530,1,2.0,49152,15360.0,0.6310604394734847,0.6287109375,0.6263107549537552,0.6308498491598137,,
classical/deap__arousal__segment_random/spectral_svm,20260530,2,2.0,49152,15360.0,0.6225068154956008,0.6207682291666666,0.6181453854170247,0.6229419134996379,,
classical/deap__arousal__segment_random/spectral_svm,20260530,3,2.0,49152,15360.0,0.6258264803556302,0.6238932291666667,0.6213411398768195,0.6260526893349989,,
classical/deap__arousal__segment_random/spectral_svm,20260530,4,2.0,49152,15360.0,0.6318964985885906,0.6292317708333334,0.6269510643947775,0.6313719508135602,,
classical/deap__arousal__segment_random/spectral_svm,20260530,5,2.0,49152,15360.0,0.6242273481079451,0.6220052083333333,0.6195736488737456,0.6241833153411075,,
classical/deap__arousal__strict_loso/alpha_logistic,20260530,1,2.0,57600,2400.0,0.4815972222222222,0.4445833333333333,0.4401738274964735,0.430236912934536,,
classical/deap__arousal__strict_loso/alpha_logistic,20260530,2,2.0,57600,2400.0,0.5107638888888889,0.5704166666666667,0.4883881435234186,0.5293597263629181,,
classical/deap__arousal__strict_loso/alpha_logistic,20260530,3,2.0,57600,2400.0,0.4859375,0.70875,0.4804131297892445,0.6870788074155725,,
classical/deap__arousal__strict_loso/alpha_logistic,20260530,4,2.0,57600,2400.0,0.4972222222222222,0.49375,0.4903159149904277,0.4986832287193348,,
classical/deap__arousal__strict_loso/alpha_logistic,20260530,5,2.0,57600,2400.0,0.4870509607351713,0.4766666666666667,0.4584650761713136,0.4535010060362173,,
classical/deap__arousal__strict_loso/alpha_logistic,20260530,6,2.0,57600,2400.0,0.5278559249786872,0.5154166666666666,0.5154098521177121,0.5151372701595281,,
classical/deap__arousal__strict_loso/alpha_logistic,20260530,7,2.0,57600,2400.0,0.5154444444444445,0.4695833333333333,0.4679983192981729,0.4607387130302625,,
classical/deap__arousal__strict_loso/alpha_logistic,20260530,8,2.0,57600,2400.0,0.5018115942028986,0.5270833333333333,0.4972105707601367,0.5155938092667193,,
classical/deap__arousal__strict_loso/alpha_logistic,20260530,9,2.0,57600,2400.0,0.5092013888888889,0.43,0.3760030287572288,0.3392912069491125,,
classical/deap__arousal__strict_loso/alpha_logistic,20260530,10,2.0,57600,2400.0,0.5180976430976432,0.5408333333333334,0.5020240628118469,0.5159258910583495,,
classical/deap__arousal__strict_loso/alpha_logistic,20260530,11,2.0,57600,2400.0,0.5,0.375,0.2727272727272727,0.2045454545454545,,
classical/deap__arousal__strict_loso/alpha_logistic,20260530,12,2.0,57600,2400.0,0.4893217893217893,0.3183333333333333,0.3162650350644032,0.3407085600608507,,
classical/deap__arousal__strict_loso/alpha_logistic,20260530,13,2.0,57600,2400.0,0.5063725490196078,0.8258333333333333,0.4915573792094001,0.7801409367264647,,
classical/deap__arousal__strict_loso/alpha_logistic,20260530,14,2.0,57600,2400.0,0.4990978157644824,0.6733333333333333,0.4036140683181384,0.5439884069877566,,
classical/deap__arousal__strict_loso/alpha_logistic,20260530,15,2.0,57600,2400.0,0.4928571428571428,0.5033333333333333,0.4745190990118578,0.4806716045609273,,
classical/deap__arousal__strict_loso/alpha_logistic,20260530,16,2.0,57600,2400.0,0.52125,0.52125,0.5003369319245309,0.5003369319245309,,
classical/deap__arousal__strict_loso/alpha_logistic,20260530,17,2.0,57600,2400.0,0.4697916666666666,0.525,0.4496582087822964,0.4903835013324065,,
classical/deap__arousal__strict_loso/alpha_logistic,20260530,18,2.0,57600,2400.0,0.5051111111111111,0.3875,0.3052005189726736,0.2454188136259473,,
classical/deap__arousal__strict_loso/alpha_logistic,20260530,19,2.0,57600,2400.0,0.4910968660968661,0.49875,0.4791996428426478,0.5145164170623807,,
classical/deap__arousal__strict_loso/alpha_logistic,20260530,20,2.0,57600,2400.0,0.5017921146953406,0.3041666666666666,0.2993006993006993,0.2671853146853146,,
classical/deap__arousal__strict_loso/alpha_logistic,20260530,21,2.0,57600,2400.0,0.4997395833333333,0.7995833333333333,0.4443158138457976,0.7109053021532763,,
classical/deap__arousal__strict_loso/alpha_logistic,20260530,22,2.0,57600,2400.0,0.5024305555555555,0.5983333333333334,0.3947156921840466,0.4649286718906972,,
classical/deap__arousal__strict_loso/alpha_logistic,20260530,23,2.0,57600,2400.0,0.505,0.735,0.4617581720088861,0.6535068232307205,,
classical/deap__arousal__strict_loso/alpha_logistic,20260530,24,2.0,57600,2400.0,0.5098484848484848,0.7004166666666667,0.5087957611146487,0.7082144486804579,,
classical/deap__arousal__strict_loso/alpha_logistic,20260530,25,2.0,57600,2400.0,0.500496342737722,0.7045833333333333,0.4522204291261892,0.6195328518049589,,
classical/deap__arousal__strict_loso/alpha_logistic,20260530,26,2.0,57600,2400.0,0.5,0.575,0.365079365079365,0.4198412698412698,,
classical/deap__arousal__strict_loso/alpha_logistic,20260530,27,2.0,57600,2400.0,0.4889601139601139,0.50125,0.4790910203582065,0.5166941373260985,,
classical/deap__arousal__strict_loso/alpha_logistic,20260530,28,2.0,57600,2400.0,0.5003367003367003,0.5483333333333333,0.3719000602605108,0.4051893570667038,,
classical/deap__arousal__strict_loso/alpha_logistic,20260530,29,2.0,57600,2400.0,0.489,0.3979166666666666,0.3604354055435201,0.3217284233165186,,
classical/deap__arousal__strict_loso/alpha_logistic,20260530,30,2.0,57600,2400.0,0.5020258980785296,0.4779166666666666,0.3400329325146803,0.3249499351598596,,
classical/deap__arousal__strict_loso/alpha_logistic,20260530,31,2.0,57600,2400.0,0.523078529657477,0.5170833333333333,0.5128013136288998,0.5105175697865353,,
classical/deap__arousal__strict_loso/alpha_logistic,20260530,32,2.0,57600,2400.0,0.4489316239316239,0.38125,0.3804358539893829,0.3725751338868732,,
classical/deap__arousal__strict_loso/spectral_logistic,20260530,1,2.0,57600,2400.0,0.4980902777777777,0.4008333333333333,0.2955032399665552,0.2410221571906354,,
classical/deap__arousal__strict_loso/spectral_logistic,20260530,2,2.0,57600,2400.0,0.4793402777777777,0.4645833333333333,0.4643220973561586,0.4666880080928355,,
classical/deap__arousal__strict_loso/spectral_logistic,20260530,3,2.0,57600,2400.0,0.5,0.7925,0.4537227478403949,0.7118387494858083,,
classical/deap__arousal__strict_loso/spectral_logistic,20260530,4,2.0,57600,2400.0,0.5013888888888889,0.6,0.3826737087591741,0.4559297619864187,,
classical/deap__arousal__strict_loso/spectral_logistic,20260530,5,2.0,57600,2400.0,0.4722431077694236,0.4745833333333333,0.4719650684583749,0.473824191446511,,
classical/deap__arousal__strict_loso/spectral_logistic,20260530,6,2.0,57600,2400.0,0.4744245524296675,0.53,0.4160986972651195,0.4547821585713053,,
classical/deap__arousal__strict_loso/spectral_logistic,20260530,7,2.0,57600,2400.0,0.5003333333333333,0.37625,0.2765376745905605,0.2093913275134969,,
classical/deap__arousal__strict_loso/spectral_logistic,20260530,8,2.0,57600,2400.0,0.5215473145780052,0.51625,0.5153573656757733,0.5184772526342355,,
classical/deap__arousal__strict_loso/spectral_logistic,20260530,9,2.0,57600,2400.0,0.5003472222222223,0.4020833333333333,0.2940133190414078,0.2387698612563979,,
classical/deap__arousal__strict_loso/spectral_logistic,20260530,10,2.0,57600,2400.0,0.4563131313131313,0.4375,0.4258409834705998,0.4176592174850559,,
classical/deap__arousal__strict_loso/spectral_logistic,20260530,11,2.0,57600,2400.0,0.5,0.375,0.2727272727272727,0.2045454545454545,,
classical/deap__arousal__strict_loso/spectral_logistic,20260530,12,2.0,57600,2400.0,0.5103896103896104,0.2091666666666666,0.1952148213897031,0.1263386231869719,,
classical/deap__arousal__strict_loso/spectral_logistic,20260530,13,2.0,57600,2400.0,0.4995098039215686,0.8491666666666666,0.459215863001352,0.7806669671022984,,
classical/deap__arousal__strict_loso/spectral_logistic,20260530,14,2.0,57600,2400.0,0.505982905982906,0.6575,0.4545309762701067,0.570988612836439,,
classical/deap__arousal__strict_loso/spectral_logistic,20260530,15,2.0,57600,2400.0,0.5578947368421052,0.555,0.5545991392253027,0.5539310379341407,,
classical/deap__arousal__strict_loso/spectral_logistic,20260530,16,2.0,57600,2400.0,0.5154166666666666,0.5154166666666666,0.3874367921105932,0.3874367921105932,,
classical/deap__arousal__strict_loso/spectral_logistic,20260530,17,2.0,57600,2400.0,0.6166666666666667,0.6325,0.6167858236823754,0.6323059978232393,,
classical/deap__arousal__strict_loso/spectral_logistic,20260530,18,2.0,57600,2400.0,0.5096666666666667,0.3979166666666666,0.329428887267676,0.2758530494066664,,
classical/deap__arousal__strict_loso/spectral_logistic,20260530,19,2.0,57600,2400.0,0.5092355175688509,0.3845833333333333,0.3644659213496098,0.3248906846603178,,
classical/deap__arousal__strict_loso/spectral_logistic,20260530,20,2.0,57600,2400.0,0.4982676224611708,0.26,0.2407655329211788,0.1743008822823203,,
classical/deap__arousal__strict_loso/spectral_logistic,20260530,21,2.0,57600,2400.0,0.5315104166666667,0.6154166666666666,0.5129072327075141,0.6469795169047708,,
classical/deap__arousal__strict_loso/spectral_logistic,20260530,22,2.0,57600,2400.0,0.5159722222222222,0.4233333333333333,0.337469362745098,0.289767156862745,,
classical/deap__arousal__strict_loso/spectral_logistic,20260530,23,2.0,57600,2400.0,0.5025,0.74875,0.4377130868082874,0.6468135326514556,,
classical/deap__arousal__strict_loso/spectral_logistic,20260530,24,2.0,57600,2400.0,0.4847402597402597,0.5970833333333333,0.4711944766162826,0.6389029450010811,,
classical/deap__arousal__strict_loso/spectral_logistic,20260530,25,2.0,57600,2400.0,0.5,0.725,0.4202898550724637,0.6094202898550724,,
classical/deap__arousal__strict_loso/spectral_logistic,20260530,26,2.0,57600,2400.0,0.5,0.575,0.365079365079365,0.4198412698412698,,
classical/deap__arousal__strict_loso/spectral_logistic,20260530,27,2.0,57600,2400.0,0.4860873694207027,0.4525,0.4494717121052679,0.4637625089118686,,
classical/deap__arousal__strict_loso/spectral_logistic,20260530,28,2.0,57600,2400.0,0.5,0.55,0.3548387096774194,0.3903225806451613,,
classical/deap__arousal__strict_loso/spectral_logistic,20260530,29,2.0,57600,2400.0,0.5186666666666667,0.4316666666666666,0.4032184203080746,0.370644092416557,,
classical/deap__arousal__strict_loso/spectral_logistic,20260530,30,2.0,57600,2400.0,0.5009398496240601,0.47625,0.3287609511889862,0.3130287859824781,,
classical/deap__arousal__strict_loso/spectral_logistic,20260530,31,2.0,57600,2400.0,0.5078111946532999,0.5125,0.5054774361752413,0.5084239664513639,,
classical/deap__arousal__strict_loso/spectral_logistic,20260530,32,2.0,57600,2400.0,0.5,0.675,0.4029850746268656,0.5440298507462686,,
classical/deap__arousal__strict_loso/spectral_svm,20260530,1,2.0,57600,2400.0,0.5003472222222223,0.4029166666666666,0.2976865846742846,0.2433158211044854,,
classical/deap__arousal__strict_loso/spectral_svm,20260530,2,2.0,57600,2400.0,0.4817708333333333,0.4604166666666666,0.4603581117742811,0.4592338578404775,,
classical/deap__arousal__strict_loso/spectral_svm,20260530,3,2.0,57600,2400.0,0.5,0.79375,0.4522758445809656,0.7117601632107332,,
classical/deap__arousal__strict_loso/spectral_svm,20260530,4,2.0,57600,2400.0,0.5019097222222222,0.6008333333333333,0.3820710295806081,0.4556045770605157,,
classical/deap__arousal__strict_loso/spectral_svm,20260530,5,2.0,57600,2400.0,0.4704260651629073,0.4733333333333333,0.4697971750480286,0.4719621699165826,,
classical/deap__arousal__strict_loso/spectral_svm,20260530,6,2.0,57600,2400.0,0.4768542199488491,0.5325,0.4186724281306588,0.4572580457134862,,
classical/deap__arousal__strict_loso/spectral_svm,20260530,7,2.0,57600,2400.0,0.4998888888888889,0.37625,0.2775722663998515,0.2108229539307544,,
classical/deap__arousal__strict_loso/spectral_svm,20260530,8,2.0,57600,2400.0,0.5233589087809036,0.5183333333333333,0.5173559791911955,0.520613826331655,,
classical/deap__arousal__strict_loso/spectral_svm,20260530,9,2.0,57600,2400.0,0.4993055555555555,0.4008333333333333,0.2917180762117261,0.2361179451943466,,
classical/deap__arousal__strict_loso/spectral_svm,20260530,10,2.0,57600,2400.0,0.4568602693602693,0.43375,0.4135895972204118,0.4027165710022069,,
classical/deap__arousal__strict_loso/spectral_svm,20260530,11,2.0,57600,2400.0,0.5,0.375,0.2727272727272727,0.2045454545454545,,
classical/deap__arousal__strict_loso/spectral_svm,20260530,12,2.0,57600,2400.0,0.5113275613275613,0.2091666666666666,0.1950344909483791,0.1257068364813083,,
classical/deap__arousal__strict_loso/spectral_svm,20260530,13,2.0,57600,2400.0,0.4995098039215686,0.8491666666666666,0.459215863001352,0.7806669671022984,,
classical/deap__arousal__strict_loso/spectral_svm,20260530,14,2.0,57600,2400.0,0.5058641975308642,0.6479166666666667,0.4667086006912276,0.5755111563877029,,
classical/deap__arousal__strict_loso/spectral_svm,20260530,15,2.0,57600,2400.0,0.5529657477025898,0.5491666666666667,0.5481110037615653,0.5470189386873223,,
classical/deap__arousal__strict_loso/spectral_svm,20260530,16,2.0,57600,2400.0,0.5158333333333334,0.5158333333333334,0.3858870285810925,0.3858870285810925,,
classical/deap__arousal__strict_loso/spectral_svm,20260530,17,2.0,57600,2400.0,0.6151041666666667,0.6245833333333334,0.6133544345782436,0.6265326042663685,,
classical/deap__arousal__strict_loso/spectral_svm,20260530,18,2.0,57600,2400.0,0.509,0.39375,0.3177554153163909,0.2608306327818522,,
classical/deap__arousal__strict_loso/spectral_svm,20260530,19,2.0,57600,2400.0,0.5146011396011396,0.38375,0.3597142741182678,0.3162948983319128,,
classical/deap__arousal__strict_loso/spectral_svm,20260530,20,2.0,57600,2400.0,0.5028972520908005,0.27125,0.2556907052302197,0.1965026098523811,,
classical/deap__arousal__strict_loso/spectral_svm,20260530,21,2.0,57600,2400.0,0.5174479166666667,0.6491666666666667,0.5121216335233857,0.6672669540629491,,
classical/deap__arousal__strict_loso/spectral_svm,20260530,22,2.0,57600,2400.0,0.5152777777777778,0.4270833333333333,0.3532301938016325,0.3095193343993929,,
classical/deap__arousal__strict_loso/spectral_svm,20260530,23,2.0,57600,2400.0,0.5036111111111111,0.74875,0.4408121361385976,0.6482941331255054,,
classical/deap__arousal__strict_loso/spectral_svm,20260530,24,2.0,57600,2400.0,0.4895382395382395,0.5833333333333334,0.4699529583250513,0.6292983502285828,,
classical/deap__arousal__strict_loso/spectral_svm,20260530,25,2.0,57600,2400.0,0.5,0.725,0.4202898550724637,0.6094202898550724,,
classical/deap__arousal__strict_loso/spectral_svm,20260530,26,2.0,57600,2400.0,0.5,0.575,0.365079365079365,0.4198412698412698,,
classical/deap__arousal__strict_loso/spectral_svm,20260530,27,2.0,57600,2400.0,0.4805792972459639,0.4441666666666666,0.4418686383031244,0.4544033384679001,,
classical/deap__arousal__strict_loso/spectral_svm,20260530,28,2.0,57600,2400.0,0.5,0.55,0.3548387096774194,0.3903225806451613,,
classical/deap__arousal__strict_loso/spectral_svm,20260530,29,2.0,57600,2400.0,0.5118888888888888,0.41125,0.363240907002416,0.3195300484310194,,
classical/deap__arousal__strict_loso/spectral_svm,20260530,30,2.0,57600,2400.0,0.5005012531328321,0.4758333333333333,0.3285629396631784,0.3128401218336245,,
classical/deap__arousal__strict_loso/spectral_svm,20260530,31,2.0,57600,2400.0,0.5092105263157894,0.5120833333333333,0.508705599032515,0.510742423736526,,
classical/deap__arousal__strict_loso/spectral_svm,20260530,32,2.0,57600,2400.0,0.5,0.675,0.4029850746268656,0.5440298507462686,,
classical/deap__arousal__trial_within_subject/alpha_logistic,20260530,1,2.0,49140,15360.0,0.5841216581296332,0.5823567708333334,0.5746995819211221,0.5885204178034248,,
classical/deap__arousal__trial_within_subject/alpha_logistic,20260530,2,2.0,49140,15360.0,0.5734770607272035,0.5727213541666667,0.5676657098039329,0.5767969157570945,,
classical/deap__arousal__trial_within_subject/alpha_logistic,20260530,3,2.0,49140,15360.0,0.5809393678866781,0.5787109375,0.5785911198548677,0.5791462595234346,,
classical/deap__arousal__trial_within_subject/alpha_logistic,20260530,4,2.0,49140,15360.0,0.5911223344556678,0.5908854166666667,0.5905645386725555,0.5911913701029121,,
classical/deap__arousal__trial_within_subject/alpha_logistic,20260530,5,2.0,49140,15360.0,0.5757801956815114,0.5702473958333333,0.5675861113797342,0.5739466916505768,,
classical/deap__arousal__trial_within_subject/spectral_logistic,20260530,1,2.0,49140,15360.0,0.6276745769305583,0.6218098958333333,0.6155304676591373,0.6274303519220048,,
classical/deap__arousal__trial_within_subject/spectral_logistic,20260530,2,2.0,49140,15360.0,0.5966267952704274,0.5939453125,0.5896084037191481,0.5978482557410326,,
classical/deap__arousal__trial_within_subject/spectral_logistic,20260530,3,2.0,49140,15360.0,0.593918365675919,0.594921875,0.5934950648975017,0.5953765727249719,,
classical/deap__arousal__trial_within_subject/spectral_logistic,20260530,4,2.0,49140,15360.0,0.5864024079175594,0.5868489583333333,0.5861790629596363,0.5870896003607781,,
classical/deap__arousal__trial_within_subject/spectral_logistic,20260530,5,2.0,49140,15360.0,0.5881241565452091,0.5850260416666667,0.5813464696223316,0.5887056137110016,,
classical/deap__arousal__trial_within_subject/spectral_svm,20260530,1,2.0,49140,15360.0,0.628365104065357,0.6214192708333334,0.615555378059744,0.627054419239371,,
classical/deap__arousal__trial_within_subject/spectral_svm,20260530,2,2.0,49140,15360.0,0.5966854918882332,0.5930989583333334,0.5891387739257331,0.5970171248692347,,
classical/deap__arousal__trial_within_subject/spectral_svm,20260530,3,2.0,49140,15360.0,0.5953307950544502,0.5962239583333333,0.5948637711977034,0.5966977313805751,,
classical/deap__arousal__trial_within_subject/spectral_svm,20260530,4,2.0,49140,15360.0,0.5889434751555964,0.5892578125,0.5886652282535378,0.5895190374594181,,
classical/deap__arousal__trial_within_subject/spectral_svm,20260530,5,2.0,49140,15360.0,0.5863191632928475,0.5833333333333334,0.5796180148186019,0.5870280683659888,,
classical/deap__valence@exclude_ties__strict_loso/spectral_logistic,20260530,1,2.0,56760,2400.0,0.4947368421052631,0.5175,0.3730509355509355,0.3880977130977131,,
classical/deap__valence@exclude_ties__strict_loso/spectral_logistic,20260530,2,2.0,56880,2220.0,0.5,0.4054054054054054,0.2884615384615384,0.2338877338877338,,
classical/deap__valence@exclude_ties__strict_loso/spectral_logistic,20260530,3,2.0,57000,2400.0,0.5093855218855219,0.46125,0.338747314832947,0.3102858971755484,,
classical/deap__valence@exclude_ties__strict_loso/spectral_logistic,20260530,4,2.0,57060,2400.0,0.5008680555555556,0.5958333333333333,0.3962029256146903,0.4656395891690009,,
classical/deap__valence@exclude_ties__strict_loso/spectral_logistic,20260530,5,2.0,56700,2400.0,0.5411458333333333,0.54,0.5351158104838964,0.5446459363689766,,
classical/deap__valence@exclude_ties__strict_loso/spectral_logistic,20260530,6,2.0,56700,2400.0,0.4669444444444444,0.26875,0.2488120904871111,0.1876215753580404,,
classical/deap__valence@exclude_ties__strict_loso/spectral_logistic,20260530,7,2.0,56760,2400.0,0.5495039682539683,0.4504166666666667,0.4499880201775307,0.4438462197361798,,
classical/deap__valence@exclude_ties__strict_loso/spectral_logistic,20260530,8,2.0,57000,2400.0,0.5377104377104377,0.5291666666666667,0.5286940515350115,0.5272015826982057,,
classical/deap__valence@exclude_ties__strict_loso/spectral_logistic,20260530,9,2.0,56700,2340.0,0.5011184210526316,0.4888888888888889,0.3485784194605284,0.3408264598236024,,
classical/deap__valence@exclude_ties__strict_loso/spectral_logistic,20260530,10,2.0,56820,2400.0,0.6000000000000001,0.6,0.5788362279812144,0.5788362279812144,,
classical/deap__valence@exclude_ties__strict_loso/spectral_logistic,20260530,11,2.0,57000,2400.0,0.5,0.6,0.375,0.45,,
classical/deap__valence@exclude_ties__strict_loso/spectral_logistic,20260530,12,2.0,56760,2400.0,0.460735171261487,0.4708333333333333,0.4426157559798113,0.4488863287250383,,
classical/deap__valence@exclude_ties__strict_loso/spectral_logistic,20260530,13,2.0,56820,2340.0,0.5003787878787879,0.4363247863247863,0.3044188063793724,0.2655848574258648,,
classical/deap__valence@exclude_ties__strict_loso/spectral_logistic,20260530,14,2.0,56820,2400.0,0.5083333333333333,0.5083333333333333,0.3637762217653232,0.3637762217653232,,
classical/deap__valence@exclude_ties__strict_loso/spectral_logistic,20260530,15,2.0,57000,2400.0,0.6575,0.6575,0.6529768911598466,0.6529768911598467,,
classical/deap__valence@exclude_ties__strict_loso/spectral_logistic,20260530,16,2.0,56820,2400.0,0.4875555555555555,0.6016666666666667,0.4014800222045068,0.4880160356607718,,
classical/deap__valence@exclude_ties__strict_loso/spectral_logistic,20260530,17,2.0,56760,2400.0,0.5008838383838384,0.45125,0.3147998930838102,0.2842228383126752,,
classical/deap__valence@exclude_ties__strict_loso/spectral_logistic,20260530,18,2.0,57060,2280.0,0.6046626984126984,0.5241228070175439,0.5136227125492143,0.4948165732029523,,
classical/deap__valence@exclude_ties__strict_loso/spectral_logistic,20260530,19,2.0,56700,2400.0,0.5096334185848252,0.4666666666666667,0.4420615824528368,0.4244865223001011,,
classical/deap__valence@exclude_ties__strict_loso/spectral_logistic,20260530,20,2.0,57060,2400.0,0.5009803921568627,0.5758333333333333,0.3672295781841312,0.4217269307630229,,
classical/deap__valence@exclude_ties__strict_loso/spectral_logistic,20260530,21,2.0,57060,2400.0,0.4684001670843776,0.4620833333333333,0.4563248125852454,0.4535271506833403,,
classical/deap__valence@exclude_ties__strict_loso/spectral_logistic,20260530,22,2.0,57060,2280.0,0.5583796296296296,0.5776315789473684,0.4994664431373827,0.5098768940776695,,
classical/deap__valence@exclude_ties__strict_loso/spectral_logistic,20260530,23,2.0,56880,2340.0,0.5012820512820513,0.4841880341880342,0.4771756995675248,0.4973588029033083,,
classical/deap__valence@exclude_ties__strict_loso/spectral_logistic,20260530,24,2.0,57000,2340.0,0.5087962962962963,0.5461538461538461,0.3736591444333322,0.3989433840992056,,
classical/deap__valence@exclude_ties__strict_loso/spectral_logistic,20260530,25,2.0,56940,2280.0,0.5,0.5,0.3333333333333333,0.3333333333333333,,
classical/deap__valence@exclude_ties__strict_loso/spectral_logistic,20260530,26,2.0,56760,2400.0,0.5105311355311355,0.4758333333333333,0.4750951859385595,0.4810003650967507,,
classical/deap__valence@exclude_ties__strict_loso/spectral_logistic,20260530,27,2.0,57000,2400.0,0.4438888888888889,0.4425,0.4143698238513719,0.4785451306543258,,
classical/deap__valence@exclude_ties__strict_loso/spectral_logistic,20260530,28,2.0,56880,2400.0,0.5,0.625,0.3846153846153846,0.4807692307692308,,
classical/deap__valence@exclude_ties__strict_loso/spectral_logistic,20260530,29,2.0,56760,2400.0,0.4729752770673486,0.4208333333333333,0.3728267016399754,0.3467990097580344,,
classical/deap__valence@exclude_ties__strict_loso/spectral_logistic,20260530,30,2.0,56640,2400.0,0.4629154795821462,0.5675,0.4508861382253959,0.5394536281807915,,
classical/deap__valence@exclude_ties__strict_loso/spectral_logistic,20260530,31,2.0,56880,2220.0,0.5053830227743271,0.4684684684684684,0.4680263444336499,0.4642959228898684,,
classical/deap__valence@exclude_ties__strict_loso/spectral_logistic,20260530,32,2.0,56760,2400.0,0.4958333333333333,0.4958333333333333,0.3611398813268931,0.3611398813268931,,
classical/deap__valence@tie_high__strict_loso/spectral_logistic,20260530,1,2.0,57600,2400.0,0.4955513784461153,0.51875,0.3677109700093817,0.3831625331797774,,
classical/deap__valence@tie_high__strict_loso/spectral_logistic,20260530,2,2.0,57600,2400.0,0.5,0.375,0.2727272727272727,0.2045454545454545,,
classical/deap__valence@tie_high__strict_loso/spectral_logistic,20260530,3,2.0,57600,2400.0,0.5076599326599327,0.4591666666666666,0.3335381439875949,0.3046025917390563,,
classical/deap__valence@tie_high__strict_loso/spectral_logistic,20260530,4,2.0,57600,2400.0,0.501736111111111,0.5979166666666667,0.3927595225453759,0.4633512280494758,,
classical/deap__valence@tie_high__strict_loso/spectral_logistic,20260530,5,2.0,57600,2400.0,0.5475694444444444,0.5654166666666667,0.5475439455534425,0.5655290737176932,,
classical/deap__valence@tie_high__strict_loso/spectral_logistic,20260530,6,2.0,57600,2400.0,0.4738888888888889,0.2633333333333333,0.2374703394795275,0.1672540665732673,,
classical/deap__valence@tie_high__strict_loso/spectral_logistic,20260530,7,2.0,57600,2400.0,0.5471230158730158,0.44875,0.448345357488783,0.4423690988615781,,
classical/deap__valence@tie_high__strict_loso/spectral_logistic,20260530,8,2.0,57600,2400.0,0.5341750841750842,0.525,0.5243009867277193,0.522477473843509,,
classical/deap__valence@tie_high__strict_loso/spectral_logistic,20260530,9,2.0,57600,2400.0,0.5016708437761069,0.4775,0.3385494505494505,0.3233912087912088,,
classical/deap__valence@tie_high__strict_loso/spectral_logistic,20260530,10,2.0,57600,2400.0,0.6058333333333333,0.6058333333333333,0.5917342733898643,0.5917342733898643,,
classical/deap__valence@tie_high__strict_loso/spectral_logistic,20260530,11,2.0,57600,2400.0,0.5,0.6,0.375,0.45,,
classical/deap__valence@tie_high__strict_loso/spectral_logistic,20260530,12,2.0,57600,2400.0,0.4627401837928153,0.47,0.4545438952083911,0.4591348174237205,,
classical/deap__valence@tie_high__strict_loso/spectral_logistic,20260530,13,2.0,57600,2400.0,0.5003787878787879,0.4504166666666667,0.3111910350390436,0.2802233319893406,,
classical/deap__valence@tie_high__strict_loso/spectral_logistic,20260530,14,2.0,57600,2400.0,0.5070833333333333,0.5070833333333333,0.3564938433785977,0.3564938433785977,,
classical/deap__valence@tie_high__strict_loso/spectral_logistic,20260530,15,2.0,57600,2400.0,0.6625000000000001,0.6625,0.6592046987678076,0.6592046987678076,,
classical/deap__valence@tie_high__strict_loso/spectral_logistic,20260530,16,2.0,57600,2400.0,0.4868888888888888,0.6008333333333333,0.4010946589271592,0.4875616175445506,,
classical/deap__valence@tie_high__strict_loso/spectral_logistic,20260530,17,2.0,57600,2400.0,0.5027777777777778,0.4533333333333333,0.3189787102986303,0.2887300146810611,,
classical/deap__valence@tie_high__strict_loso/spectral_logistic,20260530,18,2.0,57600,2400.0,0.5951007326007326,0.5004166666666666,0.490848778229928,0.4699099342346338,,
classical/deap__valence@tie_high__strict_loso/spectral_logistic,20260530,19,2.0,57600,2400.0,0.5104859335038363,0.4675,0.4429333612302542,0.4253857621090072,,
classical/deap__valence@tie_high__strict_loso/spectral_logistic,20260530,20,2.0,57600,2400.0,0.5011082693947144,0.5758333333333333,0.3681309586864407,0.4224716962394068,,
classical/deap__valence@tie_high__strict_loso/spectral_logistic,20260530,21,2.0,57600,2400.0,0.4693609022556391,0.46125,0.450674628273369,0.4468636835070155,,
classical/deap__valence@tie_high__strict_loso/spectral_logistic,20260530,22,2.0,57600,2400.0,0.5733333333333334,0.5733333333333334,0.5324111950379573,0.5324111950379573,,
classical/deap__valence@tie_high__strict_loso/spectral_logistic,20260530,23,2.0,57600,2400.0,0.5004273504273504,0.4575,0.4560006016583207,0.465996590602849,,
classical/deap__valence@tie_high__strict_loso/spectral_logistic,20260530,24,2.0,57600,2400.0,0.5078947368421053,0.5316666666666666,0.3748603771416177,0.390514915197363,,
classical/deap__valence@tie_high__strict_loso/spectral_logistic,20260530,25,2.0,57600,2400.0,0.5,0.525,0.3442622950819672,0.3614754098360656,,
classical/deap__valence@tie_high__strict_loso/spectral_logistic,20260530,26,2.0,57600,2400.0,0.5080128205128205,0.4554166666666667,0.4551305155919558,0.4513845378866505,,
classical/deap__valence@tie_high__strict_loso/spectral_logistic,20260530,27,2.0,57600,2400.0,0.4522222222222222,0.435,0.4134525268545886,0.4696633263643572,,
classical/deap__valence@tie_high__strict_loso/spectral_logistic,20260530,28,2.0,57600,2400.0,0.5,0.625,0.3846153846153846,0.4807692307692308,,
classical/deap__valence@tie_high__strict_loso/spectral_logistic,20260530,29,2.0,57600,2400.0,0.4808823529411765,0.41875,0.3417170685017319,0.307938925579227,,
classical/deap__valence@tie_high__strict_loso/spectral_logistic,20260530,30,2.0,57600,2400.0,0.4650997150997151,0.57,0.452991452991453,0.5415384615384616,,
classical/deap__valence@tie_high__strict_loso/spectral_logistic,20260530,31,2.0,57600,2400.0,0.4941849816849817,0.4545833333333333,0.4544392712033854,0.457098879756269,,
classical/deap__valence@tie_high__strict_loso/spectral_logistic,20260530,32,2.0,57600,2400.0,0.4933333333333333,0.4933333333333333,0.359212505895403,0.359212505895403,,
classical/deap__valence__loso_stimulus_heldout/alpha_logistic,20260530,1,2.0,48000,480.0,0.4838888888888889,0.3895833333333333,0.3466839472107251,0.3048308875789122,,
classical/deap__valence__loso_stimulus_heldout/alpha_logistic,20260530,2,2.0,48000,480.0,0.5572222222222222,0.5895833333333333,0.5576326610809369,0.5873542166645614,,
classical/deap__valence__loso_stimulus_heldout/alpha_logistic,20260530,3,2.0,48000,480.0,0.5772222222222222,0.5145833333333333,0.5090408649730683,0.4959997629489155,,
classical/deap__valence__loso_stimulus_heldout/alpha_logistic,20260530,4,2.0,48000,480.0,0.4729166666666666,0.4729166666666666,0.3899663938996639,0.389966393899664,,
classical/deap__valence__loso_stimulus_heldout/alpha_logistic,20260530,5,2.0,48000,480.0,0.5041666666666667,0.5041666666666667,0.3840048313346562,0.3840048313346562,,
classical/deap__valence__loso_stimulus_heldout/alpha_logistic,20260530,6,2.0,48000,480.0,0.5152777777777777,0.56875,0.5026404705293455,0.5933049680891003,,
classical/deap__valence__loso_stimulus_heldout/alpha_logistic,20260530,7,2.0,48000,480.0,0.4680555555555555,0.2645833333333333,0.2419165052279306,0.1763738697424287,,
classical/deap__valence__loso_stimulus_heldout/alpha_logistic,20260530,8,2.0,48000,480.0,0.4872222222222222,0.4520833333333333,0.4518906386359788,0.449321376004585,,
classical/deap__valence__loso_stimulus_heldout/alpha_logistic,20260530,9,2.0,48000,480.0,0.4979166666666667,0.4979166666666667,0.3937075141903259,0.3937075141903259,,
classical/deap__valence__loso_stimulus_heldout/alpha_logistic,20260530,10,2.0,48000,480.0,0.4772222222222222,0.54375,0.4641519051866956,0.5157831018223525,,
classical/deap__valence__loso_stimulus_heldout/alpha_logistic,20260530,11,2.0,48000,480.0,0.5,0.5,0.3333333333333333,0.3333333333333333,,
classical/deap__valence__loso_stimulus_heldout/alpha_logistic,20260530,12,2.0,48000,480.0,0.5208333333333334,0.5208333333333334,0.5085120022793647,0.5085120022793647,,
classical/deap__valence__loso_stimulus_heldout/alpha_logistic,20260530,13,2.0,48000,480.0,0.5133333333333333,0.6166666666666667,0.4574938574938575,0.5309582309582309,,
classical/deap__valence__loso_stimulus_heldout/alpha_logistic,20260530,14,2.0,48000,480.0,0.4644444444444444,0.5041666666666667,0.4636015325670498,0.5004789272030652,,
classical/deap__valence__loso_stimulus_heldout/alpha_logistic,20260530,15,2.0,48000,480.0,0.45625,0.45625,0.4110318695319001,0.4110318695319001,,
classical/deap__valence__loso_stimulus_heldout/alpha_logistic,20260530,16,2.0,48000,480.0,0.4833333333333333,0.575,0.4813119755911518,0.5915331807780321,,
classical/deap__valence__loso_stimulus_heldout/alpha_logistic,20260530,17,2.0,48000,480.0,0.5355555555555556,0.6291666666666667,0.4999531791366233,0.5635007959546775,,
classical/deap__valence__loso_stimulus_heldout/alpha_logistic,20260530,18,2.0,48000,480.0,0.55,0.55,0.5437904815544916,0.5437904815544916,,
classical/deap__valence__loso_stimulus_heldout/alpha_logistic,20260530,19,2.0,48000,480.0,0.4561111111111111,0.4145833333333333,0.4129909694266129,0.4053476226743553,,
classical/deap__valence__loso_stimulus_heldout/alpha_logistic,20260530,20,2.0,48000,480.0,0.4875,0.4875,0.4469320843091335,0.4469320843091335,,
classical/deap__valence__loso_stimulus_heldout/alpha_logistic,20260530,21,2.0,48000,480.0,0.5305555555555556,0.3666666666666666,0.3641830065359477,0.344313725490196,,
classical/deap__valence__loso_stimulus_heldout/alpha_logistic,20260530,22,2.0,48000,480.0,0.4937499999999999,0.49375,0.3341515627229913,0.3341515627229913,,
classical/deap__valence__loso_stimulus_heldout/alpha_logistic,20260530,23,2.0,48000,480.0,0.4916666666666666,0.7041666666666667,0.4621042330881657,0.6425234382398435,,
classical/deap__valence__loso_stimulus_heldout/alpha_logistic,20260530,24,2.0,48000,480.0,0.4416666666666666,0.4416666666666666,0.4394771241830065,0.4394771241830065,,
classical/deap__valence__loso_stimulus_heldout/alpha_logistic,20260530,25,2.0,48000,480.0,0.5,0.375,0.2727272727272727,0.2045454545454545,,
classical/deap__valence__loso_stimulus_heldout/alpha_logistic,20260530,26,2.0,48000,480.0,0.4569444444444444,0.4729166666666666,0.4345710627400768,0.5081946222791293,,
classical/deap__valence__loso_stimulus_heldout/alpha_logistic,20260530,27,2.0,48000,480.0,0.5083333333333333,0.5083333333333333,0.5005291005291006,0.5005291005291005,,
classical/deap__valence__loso_stimulus_heldout/alpha_logistic,20260530,28,2.0,48000,480.0,0.5,0.5,0.3639435499900616,0.3639435499900616,,
classical/deap__valence__loso_stimulus_heldout/alpha_logistic,20260530,29,2.0,48000,480.0,0.4816666666666667,0.5270833333333333,0.4795940298507463,0.5188955223880598,,
classical/deap__valence__loso_stimulus_heldout/alpha_logistic,20260530,30,2.0,48000,480.0,0.5083333333333333,0.75,0.4518670777663583,0.6539910928400138,,
classical/deap__valence__loso_stimulus_heldout/alpha_logistic,20260530,31,2.0,48000,480.0,0.4888888888888889,0.5916666666666667,0.4293478260869565,0.5054347826086957,,
classical/deap__valence__loso_stimulus_heldout/alpha_logistic,20260530,32,2.0,48000,480.0,0.5077777777777778,0.4,0.3388303265673126,0.2885538826500353,,
classical/deap__valence__loso_stimulus_heldout/spectral_logistic,20260530,1,2.0,48000,480.0,0.4566666666666666,0.4,0.3923089096376009,0.3752175977211584,,
classical/deap__valence__loso_stimulus_heldout/spectral_logistic,20260530,2,2.0,48000,480.0,0.4905555555555556,0.60625,0.4009469159199413,0.4886208308295749,,
classical/deap__valence__loso_stimulus_heldout/spectral_logistic,20260530,3,2.0,48000,480.0,0.5583333333333333,0.4645833333333333,0.4331689878739702,0.3998086210144694,,
classical/deap__valence__loso_stimulus_heldout/spectral_logistic,20260530,4,2.0,48000,480.0,0.46875,0.46875,0.3444694969446066,0.3444694969446066,,
classical/deap__valence__loso_stimulus_heldout/spectral_logistic,20260530,5,2.0,48000,480.0,0.55,0.55,0.5371428571428571,0.5371428571428571,,
classical/deap__valence__loso_stimulus_heldout/spectral_logistic,20260530,6,2.0,48000,480.0,0.4986111111111111,0.7479166666666667,0.4278903456495828,0.6418355184743743,,
classical/deap__valence__loso_stimulus_heldout/spectral_logistic,20260530,7,2.0,48000,480.0,0.6222222222222222,0.5333333333333333,0.5248868778280543,0.5565610859728507,,
classical/deap__valence__loso_stimulus_heldout/spectral_logistic,20260530,8,2.0,48000,480.0,0.5688888888888889,0.5125,0.5090909090909091,0.4988636363636364,,
classical/deap__valence__loso_stimulus_heldout/spectral_logistic,20260530,9,2.0,48000,480.0,0.5,0.5,0.3333333333333333,0.3333333333333333,,
classical/deap__valence__loso_stimulus_heldout/spectral_logistic,20260530,10,2.0,48000,480.0,0.5516666666666666,0.4479166666666667,0.4020055380304733,0.3605819633211258,,
classical/deap__valence__loso_stimulus_heldout/spectral_logistic,20260530,11,2.0,48000,480.0,0.5,0.5,0.3333333333333333,0.3333333333333333,,
classical/deap__valence__loso_stimulus_heldout/spectral_logistic,20260530,12,2.0,48000,480.0,0.4208333333333333,0.4208333333333333,0.3421545621265603,0.3421545621265603,,
classical/deap__valence__loso_stimulus_heldout/spectral_logistic,20260530,13,2.0,48000,480.0,0.5055555555555555,0.625,0.4094326725905673,0.4986329460013671,,
classical/deap__valence__loso_stimulus_heldout/spectral_logistic,20260530,14,2.0,48000,480.0,0.4988888888888889,0.6166666666666667,0.405668757233991,0.4941993486043444,,
classical/deap__valence__loso_stimulus_heldout/spectral_logistic,20260530,15,2.0,48000,480.0,0.5166666666666667,0.5166666666666667,0.4199516626385532,0.4199516626385532,,
classical/deap__valence__loso_stimulus_heldout/spectral_logistic,20260530,16,2.0,48000,480.0,0.5152777777777777,0.74375,0.4763682805474009,0.6634575303101524,,
classical/deap__valence__loso_stimulus_heldout/spectral_logistic,20260530,17,2.0,48000,480.0,0.5172222222222222,0.6354166666666666,0.4281006815133545,0.5141834435147298,,
classical/deap__valence__loso_stimulus_heldout/spectral_logistic,20260530,18,2.0,48000,480.0,0.5416666666666666,0.5416666666666666,0.4704749679075738,0.4704749679075738,,
classical/deap__valence__loso_stimulus_heldout/spectral_logistic,20260530,19,2.0,48000,480.0,0.4694444444444444,0.4020833333333333,0.3879264765340715,0.3646549311106273,,
classical/deap__valence__loso_stimulus_heldout/spectral_logistic,20260530,20,2.0,48000,480.0,0.50625,0.50625,0.36720901126408,0.36720901126408,,
classical/deap__valence__loso_stimulus_heldout/spectral_logistic,20260530,21,2.0,48000,480.0,0.4833333333333333,0.7208333333333333,0.42604226156482,0.6317104511707595,,
classical/deap__valence__loso_stimulus_heldout/spectral_logistic,20260530,22,2.0,48000,480.0,0.5,0.5,0.337001312184903,0.337001312184903,,
classical/deap__valence__loso_stimulus_heldout/spectral_logistic,20260530,23,2.0,48000,480.0,0.3999999999999999,0.4875,0.4036363636363637,0.5154545454545455,,
classical/deap__valence__loso_stimulus_heldout/spectral_logistic,20260530,24,2.0,48000,480.0,0.5229166666666667,0.5229166666666667,0.4086475610477784,0.4086475610477784,,
classical/deap__valence__loso_stimulus_heldout/spectral_logistic,20260530,25,2.0,48000,480.0,0.5,0.375,0.2727272727272727,0.2045454545454545,,
classical/deap__valence__loso_stimulus_heldout/spectral_logistic,20260530,26,2.0,48000,480.0,0.5861111111111111,0.4416666666666666,0.4416569732113404,0.4428201878504835,,
classical/deap__valence__loso_stimulus_heldout/spectral_logistic,20260530,27,2.0,48000,480.0,0.4458333333333333,0.4458333333333333,0.3943074003795066,0.3943074003795066,,
classical/deap__valence__loso_stimulus_heldout/spectral_logistic,20260530,28,2.0,48000,480.0,0.5,0.5,0.3333333333333333,0.3333333333333333,,
classical/deap__valence__loso_stimulus_heldout/spectral_logistic,20260530,29,2.0,48000,480.0,0.4661111111111111,0.5354166666666667,0.4501718213058419,0.5042955326460481,,
classical/deap__valence__loso_stimulus_heldout/spectral_logistic,20260530,30,2.0,48000,480.0,0.5013888888888889,0.74375,0.4419184996833378,0.6471297180289438,,
classical/deap__valence__loso_stimulus_heldout/spectral_logistic,20260530,31,2.0,48000,480.0,0.4972222222222222,0.5395833333333333,0.4961024895615122,0.5331074629843388,,
classical/deap__valence__loso_stimulus_heldout/spectral_logistic,20260530,32,2.0,48000,480.0,0.5,0.375,0.2727272727272727,0.2045454545454545,,
classical/deap__valence__loso_stimulus_heldout/spectral_svm,20260530,1,2.0,48000,480.0,0.4505555555555555,0.40625,0.4037630917150092,0.3941363499666578,,
classical/deap__valence__loso_stimulus_heldout/spectral_svm,20260530,2,2.0,48000,480.0,0.4883333333333333,0.6020833333333333,0.40340077177867,0.4894726396001848,,
classical/deap__valence__loso_stimulus_heldout/spectral_svm,20260530,3,2.0,48000,480.0,0.5444444444444445,0.4625,0.4420012976714007,0.4152638598514887,,
classical/deap__valence__loso_stimulus_heldout/spectral_svm,20260530,4,2.0,48000,480.0,0.4624999999999999,0.4625,0.3495798319327731,0.3495798319327731,,
classical/deap__valence__loso_stimulus_heldout/spectral_svm,20260530,5,2.0,48000,480.0,0.5541666666666667,0.5541666666666667,0.5400816677412422,0.5400816677412422,,
classical/deap__valence__loso_stimulus_heldout/spectral_svm,20260530,6,2.0,48000,480.0,0.4986111111111111,0.7479166666666667,0.4278903456495828,0.6418355184743743,,
classical/deap__valence__loso_stimulus_heldout/spectral_svm,20260530,7,2.0,48000,480.0,0.6166666666666667,0.525,0.5174603174603174,0.5476190476190476,,
classical/deap__valence__loso_stimulus_heldout/spectral_svm,20260530,8,2.0,48000,480.0,0.5633333333333334,0.5125,0.5105882352941176,0.5029411764705882,,
classical/deap__valence__loso_stimulus_heldout/spectral_svm,20260530,9,2.0,48000,480.0,0.5,0.5,0.3333333333333333,0.3333333333333333,,
classical/deap__valence__loso_stimulus_heldout/spectral_svm,20260530,10,2.0,48000,480.0,0.5533333333333333,0.45,0.4050033806626099,0.3640973630831643,,
classical/deap__valence__loso_stimulus_heldout/spectral_svm,20260530,11,2.0,48000,480.0,0.5,0.5,0.3333333333333333,0.3333333333333333,,
classical/deap__valence__loso_stimulus_heldout/spectral_svm,20260530,12,2.0,48000,480.0,0.4395833333333333,0.4395833333333333,0.4015545122103828,0.4015545122103828,,
classical/deap__valence__loso_stimulus_heldout/spectral_svm,20260530,13,2.0,48000,480.0,0.5083333333333333,0.6270833333333333,0.4150286970908026,0.5030790650807807,,
classical/deap__valence__loso_stimulus_heldout/spectral_svm,20260530,14,2.0,48000,480.0,0.4994444444444444,0.61875,0.4019567126682508,0.4919746866468317,,
classical/deap__valence__loso_stimulus_heldout/spectral_svm,20260530,15,2.0,48000,480.0,0.5291666666666667,0.5291666666666667,0.4521212121212121,0.4521212121212121,,
classical/deap__valence__loso_stimulus_heldout/spectral_svm,20260530,16,2.0,48000,480.0,0.5069444444444444,0.7395833333333334,0.4612794612794613,0.654882154882155,,
classical/deap__valence__loso_stimulus_heldout/spectral_svm,20260530,17,2.0,48000,480.0,0.5161111111111111,0.6354166666666666,0.4235480616803574,0.5109165585819283,,
classical/deap__valence__loso_stimulus_heldout/spectral_svm,20260530,18,2.0,48000,480.0,0.5333333333333333,0.5333333333333333,0.4487736855057009,0.4487736855057009,,
classical/deap__valence__loso_stimulus_heldout/spectral_svm,20260530,19,2.0,48000,480.0,0.4627777777777778,0.39375,0.3777369905243884,0.3527816510818769,,
classical/deap__valence__loso_stimulus_heldout/spectral_svm,20260530,20,2.0,48000,480.0,0.5083333333333333,0.5083333333333333,0.365079365079365,0.365079365079365,,
classical/deap__valence__loso_stimulus_heldout/spectral_svm,20260530,21,2.0,48000,480.0,0.4763888888888889,0.70625,0.4272900359636132,0.627141950497144,,
classical/deap__valence__loso_stimulus_heldout/spectral_svm,20260530,22,2.0,48000,480.0,0.5,0.5,0.337001312184903,0.337001312184903,,
classical/deap__valence__loso_stimulus_heldout/spectral_svm,20260530,23,2.0,48000,480.0,0.4097222222222222,0.5020833333333333,0.4129897508583592,0.5273344556390747,,
classical/deap__valence__loso_stimulus_heldout/spectral_svm,20260530,24,2.0,48000,480.0,0.5229166666666667,0.5229166666666667,0.4139194139194139,0.4139194139194139,,
classical/deap__valence__loso_stimulus_heldout/spectral_svm,20260530,25,2.0,48000,480.0,0.5,0.375,0.2727272727272727,0.2045454545454545,,
classical/deap__valence__loso_stimulus_heldout/spectral_svm,20260530,26,2.0,48000,480.0,0.5902777777777778,0.4604166666666666,0.459738995528245,0.4693061174824323,,
classical/deap__valence__loso_stimulus_heldout/spectral_svm,20260530,27,2.0,48000,480.0,0.4583333333333333,0.4583333333333333,0.4079696394686907,0.4079696394686907,,
classical/deap__valence__loso_stimulus_heldout/spectral_svm,20260530,28,2.0,48000,480.0,0.5,0.5,0.3333333333333333,0.3333333333333333,,
classical/deap__valence__loso_stimulus_heldout/spectral_svm,20260530,29,2.0,48000,480.0,0.4555555555555555,0.525,0.4389303584611598,0.4938684275285046,,
classical/deap__valence__loso_stimulus_heldout/spectral_svm,20260530,30,2.0,48000,480.0,0.5013888888888889,0.74375,0.4419184996833378,0.6471297180289438,,
classical/deap__valence__loso_stimulus_heldout/spectral_svm,20260530,31,2.0,48000,480.0,0.4905555555555555,0.5395833333333333,0.4875139498818789,0.5283526820006668,,
classical/deap__valence__loso_stimulus_heldout/spectral_svm,20260530,32,2.0,48000,480.0,0.5,0.375,0.2727272727272727,0.2045454545454545,,
classical/deap__valence__loso_stimulus_seen/alpha_logistic,20260530,1,2.0,48000,480.0,0.4922222222222222,0.3916666666666666,0.3402496657942799,0.2942045903861723,,
classical/deap__valence__loso_stimulus_seen/alpha_logistic,20260530,2,2.0,48000,480.0,0.5133333333333333,0.6,0.4834543987086359,0.5447941888619854,,
classical/deap__valence__loso_stimulus_seen/alpha_logistic,20260530,3,2.0,48000,480.0,0.5744444444444444,0.5041666666666667,0.494611668524712,0.4772389446302489,,
classical/deap__valence__loso_stimulus_seen/alpha_logistic,20260530,4,2.0,48000,480.0,0.4854166666666667,0.4854166666666666,0.3405089695452649,0.3405089695452649,,
classical/deap__valence__loso_stimulus_seen/alpha_logistic,20260530,5,2.0,48000,480.0,0.5,0.5,0.3475897064153678,0.3475897064153679,,
classical/deap__valence__loso_stimulus_seen/alpha_logistic,20260530,6,2.0,48000,480.0,0.5305555555555556,0.425,0.4233079695634761,0.4389267120544653,,
classical/deap__valence__loso_stimulus_seen/alpha_logistic,20260530,7,2.0,48000,480.0,0.4611111111111111,0.2708333333333333,0.2540494458653026,0.1981031543052003,,
classical/deap__valence__loso_stimulus_seen/alpha_logistic,20260530,8,2.0,48000,480.0,0.5033333333333333,0.4958333333333333,0.4911601338683394,0.5033510889944105,,
classical/deap__valence__loso_stimulus_seen/alpha_logistic,20260530,9,2.0,48000,480.0,0.4979166666666667,0.4979166666666667,0.3396317967746539,0.3396317967746539,,
classical/deap__valence__loso_stimulus_seen/alpha_logistic,20260530,10,2.0,48000,480.0,0.4922222222222222,0.5416666666666666,0.4890751098294982,0.5300555437285905,,
classical/deap__valence__loso_stimulus_seen/alpha_logistic,20260530,11,2.0,48000,480.0,0.5,0.5,0.3333333333333333,0.3333333333333333,,
classical/deap__valence__loso_stimulus_seen/alpha_logistic,20260530,12,2.0,48000,480.0,0.4875,0.4875,0.4679547256866844,0.4679547256866844,,
classical/deap__valence__loso_stimulus_seen/alpha_logistic,20260530,13,2.0,48000,480.0,0.51,0.6125,0.4550648209184794,0.5282904856075588,,
classical/deap__valence__loso_stimulus_seen/alpha_logistic,20260530,14,2.0,48000,480.0,0.4511111111111111,0.4708333333333333,0.450652440343162,0.4769753442433854,,
classical/deap__valence__loso_stimulus_seen/alpha_logistic,20260530,15,2.0,48000,480.0,0.4541666666666666,0.4541666666666666,0.4466347507744297,0.4466347507744297,,
classical/deap__valence__loso_stimulus_seen/alpha_logistic,20260530,16,2.0,48000,480.0,0.4611111111111111,0.4041666666666667,0.3959448042804844,0.4311813573641228,,
classical/deap__valence__loso_stimulus_seen/alpha_logistic,20260530,17,2.0,48000,480.0,0.5344444444444445,0.6333333333333333,0.4907284608521617,0.5581008415519279,,
classical/deap__valence__loso_stimulus_seen/alpha_logistic,20260530,18,2.0,48000,480.0,0.5395833333333333,0.5395833333333333,0.4859842519685039,0.485984251968504,,
classical/deap__valence__loso_stimulus_seen/alpha_logistic,20260530,19,2.0,48000,480.0,0.4861111111111111,0.4604166666666666,0.4602269026871426,0.4627570890807966,,
classical/deap__valence__loso_stimulus_seen/alpha_logistic,20260530,20,2.0,48000,480.0,0.4895833333333333,0.4895833333333333,0.4092559940925599,0.4092559940925599,,
classical/deap__valence__loso_stimulus_seen/alpha_logistic,20260530,21,2.0,48000,480.0,0.525,0.325,0.3119923554706163,0.2646918299092212,,
classical/deap__valence__loso_stimulus_seen/alpha_logistic,20260530,22,2.0,48000,480.0,0.5,0.5,0.3333333333333333,0.3333333333333333,,
classical/deap__valence__loso_stimulus_seen/alpha_logistic,20260530,23,2.0,48000,480.0,0.4972222222222222,0.725,0.4545266710286167,0.6465787389372913,,
classical/deap__valence__loso_stimulus_seen/alpha_logistic,20260530,24,2.0,48000,480.0,0.4874999999999999,0.4875,0.4799062703712186,0.4799062703712186,,
classical/deap__valence__loso_stimulus_seen/alpha_logistic,20260530,25,2.0,48000,480.0,0.4933333333333333,0.375,0.2877492877492877,0.2254273504273504,,
classical/deap__valence__loso_stimulus_seen/alpha_logistic,20260530,26,2.0,48000,480.0,0.4541666666666666,0.5145833333333333,0.4477337033543856,0.543805027875029,,
classical/deap__valence__loso_stimulus_seen/alpha_logistic,20260530,27,2.0,48000,480.0,0.5,0.5,0.4733377221856484,0.4733377221856484,,
classical/deap__valence__loso_stimulus_seen/alpha_logistic,20260530,28,2.0,48000,480.0,0.4895833333333333,0.4895833333333333,0.3810493739440734,0.3810493739440733,,
classical/deap__valence__loso_stimulus_seen/alpha_logistic,20260530,29,2.0,48000,480.0,0.5205555555555555,0.5729166666666666,0.517247131201829,0.5582308382925071,,
classical/deap__valence__loso_stimulus_seen/alpha_logistic,20260530,30,2.0,48000,480.0,0.4819444444444444,0.5979166666666667,0.4820848544481777,0.6045502065734525,,
classical/deap__valence__loso_stimulus_seen/alpha_logistic,20260530,31,2.0,48000,480.0,0.4777777777777778,0.575,0.426912632268939,0.499742485251428,,
classical/deap__valence__loso_stimulus_seen/alpha_logistic,20260530,32,2.0,48000,480.0,0.4944444444444444,0.5,0.4891352549889135,0.507760532150776,,
classical/deap__valence__loso_stimulus_seen/spectral_logistic,20260530,1,2.0,48000,480.0,0.4711111111111111,0.4,0.3828571428571429,0.3571428571428571,,
classical/deap__valence__loso_stimulus_seen/spectral_logistic,20260530,2,2.0,48000,480.0,0.4911111111111111,0.6125,0.3848528276926469,0.4784064601477235,,
classical/deap__valence__loso_stimulus_seen/spectral_logistic,20260530,3,2.0,48000,480.0,0.5305555555555556,0.41875,0.3549101874286485,0.3041765615441308,,
classical/deap__valence__loso_stimulus_seen/spectral_logistic,20260530,4,2.0,48000,480.0,0.4666666666666667,0.4666666666666667,0.3462577940456683,0.3462577940456682,,
classical/deap__valence__loso_stimulus_seen/spectral_logistic,20260530,5,2.0,48000,480.0,0.55,0.55,0.5155502392344498,0.5155502392344498,,
classical/deap__valence__loso_stimulus_seen/spectral_logistic,20260530,6,2.0,48000,480.0,0.4916666666666666,0.7375,0.4244604316546763,0.6366906474820144,,
classical/deap__valence__loso_stimulus_seen/spectral_logistic,20260530,7,2.0,48000,480.0,0.7027777777777777,0.6541666666666667,0.6302826704281816,0.6772675810612669,,
classical/deap__valence__loso_stimulus_seen/spectral_logistic,20260530,8,2.0,48000,480.0,0.5494444444444444,0.53125,0.5292866513539547,0.5368867106289689,,
classical/deap__valence__loso_stimulus_seen/spectral_logistic,20260530,9,2.0,48000,480.0,0.5104166666666666,0.5104166666666666,0.3628522528934302,0.3628522528934302,,
classical/deap__valence__loso_stimulus_seen/spectral_logistic,20260530,10,2.0,48000,480.0,0.5488888888888889,0.4375,0.3784053411096615,0.330490752820198,,
classical/deap__valence__loso_stimulus_seen/spectral_logistic,20260530,11,2.0,48000,480.0,0.5,0.5,0.3333333333333333,0.3333333333333333,,
classical/deap__valence__loso_stimulus_seen/spectral_logistic,20260530,12,2.0,48000,480.0,0.4458333333333333,0.4458333333333333,0.4453615054473424,0.4453615054473424,,
classical/deap__valence__loso_stimulus_seen/spectral_logistic,20260530,13,2.0,48000,480.0,0.4994444444444444,0.6229166666666667,0.3889908644007004,0.483506340063717,,
classical/deap__valence__loso_stimulus_seen/spectral_logistic,20260530,14,2.0,48000,480.0,0.5972222222222222,0.6520833333333333,0.5973295959732959,0.6344507738445078,,
classical/deap__valence__loso_stimulus_seen/spectral_logistic,20260530,15,2.0,48000,480.0,0.5104166666666667,0.5104166666666666,0.3903724240802892,0.3903724240802892,,
classical/deap__valence__loso_stimulus_seen/spectral_logistic,20260530,16,2.0,48000,480.0,0.6138888888888889,0.7666666666666667,0.6265733099941653,0.7409352338084522,,
classical/deap__valence__loso_stimulus_seen/spectral_logistic,20260530,17,2.0,48000,480.0,0.5055555555555555,0.6291666666666667,0.3965931240995508,0.490246899629933,,
classical/deap__valence__loso_stimulus_seen/spectral_logistic,20260530,18,2.0,48000,480.0,0.6,0.6,0.5982142857142857,0.5982142857142857,,
classical/deap__valence__loso_stimulus_seen/spectral_logistic,20260530,19,2.0,48000,480.0,0.4511111111111111,0.3791666666666666,0.3595529765742531,0.3315334192993768,,
classical/deap__valence__loso_stimulus_seen/spectral_logistic,20260530,20,2.0,48000,480.0,0.5020833333333333,0.5020833333333333,0.3379463177880759,0.3379463177880759,,
classical/deap__valence__loso_stimulus_seen/spectral_logistic,20260530,21,2.0,48000,480.0,0.4541666666666666,0.6604166666666667,0.4253439196186587,0.6091141453239418,,
classical/deap__valence__loso_stimulus_seen/spectral_logistic,20260530,22,2.0,48000,480.0,0.5,0.5,0.337001312184903,0.337001312184903,,
classical/deap__valence__loso_stimulus_seen/spectral_logistic,20260530,23,2.0,48000,480.0,0.4361111111111111,0.6375,0.4101528291759654,0.5932512217859262,,
classical/deap__valence__loso_stimulus_seen/spectral_logistic,20260530,24,2.0,48000,480.0,0.5,0.5,0.3333333333333333,0.3333333333333333,,
classical/deap__valence__loso_stimulus_seen/spectral_logistic,20260530,25,2.0,48000,480.0,0.5,0.375,0.2727272727272727,0.2045454545454545,,
classical/deap__valence__loso_stimulus_seen/spectral_logistic,20260530,26,2.0,48000,480.0,0.575,0.4041666666666667,0.4024133307795441,0.3862286918214901,,
classical/deap__valence__loso_stimulus_seen/spectral_logistic,20260530,27,2.0,48000,480.0,0.5041666666666667,0.5041666666666667,0.4209128327824976,0.4209128327824976,,
classical/deap__valence__loso_stimulus_seen/spectral_logistic,20260530,28,2.0,48000,480.0,0.5,0.5,0.3333333333333333,0.3333333333333333,,
classical/deap__valence__loso_stimulus_seen/spectral_logistic,20260530,29,2.0,48000,480.0,0.4788888888888889,0.5291666666666667,0.4751407946430299,0.5172388767393703,,
classical/deap__valence__loso_stimulus_seen/spectral_logistic,20260530,30,2.0,48000,480.0,0.5013888888888889,0.74375,0.4419184996833378,0.6471297180289438,,
classical/deap__valence__loso_stimulus_seen/spectral_logistic,20260530,31,2.0,48000,480.0,0.4955555555555555,0.4083333333333333,0.3767829712530173,0.3417270133859996,,
classical/deap__valence__loso_stimulus_seen/spectral_logistic,20260530,32,2.0,48000,480.0,0.5,0.375,0.2727272727272727,0.2045454545454545,,
classical/deap__valence__loso_stimulus_seen/spectral_svm,20260530,1,2.0,48000,480.0,0.4827777777777778,0.41875,0.4078921189344534,0.3878468000442135,,
classical/deap__valence__loso_stimulus_seen/spectral_svm,20260530,2,2.0,48000,480.0,0.4894444444444444,0.6104166666666667,0.3840199287670104,0.4773794083132604,,
classical/deap__valence__loso_stimulus_seen/spectral_svm,20260530,3,2.0,48000,480.0,0.5294444444444445,0.4229166666666666,0.3684180525273253,0.3220362532598007,,
classical/deap__valence__loso_stimulus_seen/spectral_svm,20260530,4,2.0,48000,480.0,0.4604166666666667,0.4604166666666666,0.3537621832358675,0.3537621832358674,,
classical/deap__valence__loso_stimulus_seen/spectral_svm,20260530,5,2.0,48000,480.0,0.55,0.55,0.5155502392344498,0.5155502392344498,,
classical/deap__valence__loso_stimulus_seen/spectral_svm,20260530,6,2.0,48000,480.0,0.4916666666666666,0.7375,0.4244604316546763,0.6366906474820144,,
classical/deap__valence__loso_stimulus_seen/spectral_svm,20260530,7,2.0,48000,480.0,0.7083333333333334,0.6625,0.6375230743413325,0.6850981708340326,,
classical/deap__valence__loso_stimulus_seen/spectral_svm,20260530,8,2.0,48000,480.0,0.5477777777777777,0.5333333333333333,0.5303901186254127,0.5396844808609516,,
classical/deap__valence__loso_stimulus_seen/spectral_svm,20260530,9,2.0,48000,480.0,0.5145833333333334,0.5145833333333333,0.3747449279089399,0.3747449279089399,,
classical/deap__valence__loso_stimulus_seen/spectral_svm,20260530,10,2.0,48000,480.0,0.5472222222222223,0.4354166666666667,0.3752131374310155,0.3267270736170682,,
classical/deap__valence__loso_stimulus_seen/spectral_svm,20260530,11,2.0,48000,480.0,0.5,0.5,0.3333333333333333,0.3333333333333333,,
classical/deap__valence__loso_stimulus_seen/spectral_svm,20260530,12,2.0,48000,480.0,0.4833333333333333,0.4833333333333333,0.4820384294068504,0.4820384294068505,,
classical/deap__valence__loso_stimulus_seen/spectral_svm,20260530,13,2.0,48000,480.0,0.4994444444444444,0.6229166666666667,0.3889908644007004,0.483506340063717,,
classical/deap__valence__loso_stimulus_seen/spectral_svm,20260530,14,2.0,48000,480.0,0.6066666666666667,0.6583333333333333,0.6079993626005896,0.6431160863676201,,
classical/deap__valence__loso_stimulus_seen/spectral_svm,20260530,15,2.0,48000,480.0,0.5125,0.5125,0.4024387648698687,0.4024387648698687,,
classical/deap__valence__loso_stimulus_seen/spectral_svm,20260530,16,2.0,48000,480.0,0.6111111111111112,0.7625,0.6229743137471062,0.7376529599823614,,
classical/deap__valence__loso_stimulus_seen/spectral_svm,20260530,17,2.0,48000,480.0,0.5055555555555555,0.6291666666666667,0.3965931240995508,0.490246899629933,,
classical/deap__valence__loso_stimulus_seen/spectral_svm,20260530,18,2.0,48000,480.0,0.6,0.6,0.5996594325033449,0.5996594325033449,,
classical/deap__valence__loso_stimulus_seen/spectral_svm,20260530,19,2.0,48000,480.0,0.4544444444444445,0.3833333333333333,0.3647955077880506,0.3376669825998319,,
classical/deap__valence__loso_stimulus_seen/spectral_svm,20260530,20,2.0,48000,480.0,0.5020833333333333,0.5020833333333333,0.3379463177880759,0.3379463177880759,,
classical/deap__valence__loso_stimulus_seen/spectral_svm,20260530,21,2.0,48000,480.0,0.4402777777777777,0.63125,0.4215646893020786,0.5956978192934321,,
classical/deap__valence__loso_stimulus_seen/spectral_svm,20260530,22,2.0,48000,480.0,0.5,0.5,0.337001312184903,0.337001312184903,,
classical/deap__valence__loso_stimulus_seen/spectral_svm,20260530,23,2.0,48000,480.0,0.4361111111111111,0.6375,0.4101528291759654,0.5932512217859262,,
classical/deap__valence__loso_stimulus_seen/spectral_svm,20260530,24,2.0,48000,480.0,0.5,0.5,0.3333333333333333,0.3333333333333333,,
classical/deap__valence__loso_stimulus_seen/spectral_svm,20260530,25,2.0,48000,480.0,0.5,0.375,0.2727272727272727,0.2045454545454545,,
classical/deap__valence__loso_stimulus_seen/spectral_svm,20260530,26,2.0,48000,480.0,0.5875,0.4270833333333333,0.4266627865057268,0.4188988450729919,,
classical/deap__valence__loso_stimulus_seen/spectral_svm,20260530,27,2.0,48000,480.0,0.4979166666666667,0.4979166666666667,0.4168149668026154,0.4168149668026154,,
classical/deap__valence__loso_stimulus_seen/spectral_svm,20260530,28,2.0,48000,480.0,0.5,0.5,0.3333333333333333,0.3333333333333333,,
classical/deap__valence__loso_stimulus_seen/spectral_svm,20260530,29,2.0,48000,480.0,0.4833333333333333,0.5375,0.4780461999647328,0.5220860518427085,,
classical/deap__valence__loso_stimulus_seen/spectral_svm,20260530,30,2.0,48000,480.0,0.5013888888888889,0.74375,0.4419184996833378,0.6471297180289438,,
classical/deap__valence__loso_stimulus_seen/spectral_svm,20260530,31,2.0,48000,480.0,0.5094444444444444,0.43125,0.4110005888196189,0.383698011947195,,
classical/deap__valence__loso_stimulus_seen/spectral_svm,20260530,32,2.0,48000,480.0,0.5,0.375,0.2727272727272727,0.2045454545454545,,
classical/deap__valence__segment_random/alpha_logistic,20260530,1,2.0,49152,15360.0,0.5510664006426718,0.55234375,0.550103021648007,0.5534765167314504,,
classical/deap__valence__segment_random/alpha_logistic,20260530,2,2.0,49152,15360.0,0.5528961387012234,0.551953125,0.5508360560136683,0.5532160254466884,,
classical/deap__valence__segment_random/alpha_logistic,20260530,3,2.0,49152,15360.0,0.5515125176142126,0.5510416666666667,0.549720534206265,0.5523119863401299,,
classical/deap__valence__segment_random/alpha_logistic,20260530,4,2.0,49152,15360.0,0.5525784244004583,0.5529947916666667,0.5512344896572807,0.5542207816316236,,
classical/deap__valence__segment_random/alpha_logistic,20260530,5,2.0,49152,15360.0,0.5561127902229597,0.555078125,0.5539919528214386,0.5563305187784466,,
classical/deap__valence__segment_random/spectral_logistic,20260530,1,2.0,49152,15360.0,0.595532821698076,0.5949869791666667,0.5936133804177209,0.59612369750426,,
classical/deap__valence__segment_random/spectral_logistic,20260530,2,2.0,49152,15360.0,0.6006450588018384,0.5988932291666667,0.5979926531430266,0.6000143038590934,,
classical/deap__valence__segment_random/spectral_logistic,20260530,3,2.0,49152,15360.0,0.597913621218706,0.5966145833333333,0.5955501101497941,0.5977547043573271,,
classical/deap__valence__segment_random/spectral_logistic,20260530,4,2.0,49152,15360.0,0.6044131833326749,0.6043619791666667,0.6027481823843751,0.6054383931593494,,
classical/deap__valence__segment_random/spectral_logistic,20260530,5,2.0,49152,15360.0,0.6031254527017239,0.6018229166666667,0.600750686845552,0.6029490273833148,,
classical/deap__valence__segment_random/spectral_svm,20260530,1,2.0,49152,15360.0,0.5949694138253461,0.5942708333333333,0.5929649997640032,0.5954145634250915,,
classical/deap__valence__segment_random/spectral_svm,20260530,2,2.0,49152,15360.0,0.6014574526227068,0.5995442708333333,0.5986988631458496,0.6006558920053863,,
classical/deap__valence__segment_random/spectral_svm,20260530,3,2.0,49152,15360.0,0.5987819854345278,0.597265625,0.5962824436864822,0.5983992667783833,,
classical/deap__valence__segment_random/spectral_svm,20260530,4,2.0,49152,15360.0,0.6058758214478553,0.6057942708333334,0.6041929060636394,0.6068678572449501,,
classical/deap__valence__segment_random/spectral_svm,20260530,5,2.0,49152,15360.0,0.6052354542820644,0.6039713541666667,0.6028805910535069,0.6050919269549688,,
classical/deap__valence__strict_loso/alpha_logistic,20260530,1,2.0,57600,2400.0,0.5031328320802005,0.5058333333333334,0.5027166791872675,0.5046850923321512,,
classical/deap__valence__strict_loso/alpha_logistic,20260530,2,2.0,57600,2400.0,0.4997053872053872,0.4504166666666667,0.3162896749503405,0.2860070051366826,,
classical/deap__valence__strict_loso/alpha_logistic,20260530,3,2.0,57600,2400.0,0.5106481481481482,0.47625,0.4270946188331439,0.4103132653764648,,
classical/deap__valence__strict_loso/alpha_logistic,20260530,4,2.0,57600,2400.0,0.5059027777777778,0.5716666666666667,0.4745021060810534,0.5196949249580828,,
classical/deap__valence__strict_loso/alpha_logistic,20260530,5,2.0,57600,2400.0,0.5173611111111112,0.5920833333333333,0.4718783540028883,0.5222699610584461,,
classical/deap__valence__strict_loso/alpha_logistic,20260530,6,2.0,57600,2400.0,0.4955555555555556,0.3458333333333333,0.3440823977339509,0.3271378596754113,,
classical/deap__valence__strict_loso/alpha_logistic,20260530,7,2.0,57600,2400.0,0.4807539682539682,0.3475,0.334296416635788,0.2967951147729374,,
classical/deap__valence__strict_loso/alpha_logistic,20260530,8,2.0,57600,2400.0,0.4744528619528619,0.4554166666666667,0.4440615268351792,0.4361162394895319,,
classical/deap__valence__strict_loso/alpha_logistic,20260530,9,2.0,57600,2400.0,0.4925,0.4925,0.3843255761838127,0.3843255761838127,,
classical/deap__valence__strict_loso/alpha_logistic,20260530,10,2.0,57600,2400.0,0.48625,0.48625,0.4610463372296011,0.4610463372296012,,
classical/deap__valence__strict_loso/alpha_logistic,20260530,11,2.0,57600,2400.0,0.5,0.4,0.2857142857142857,0.2285714285714285,,
classical/deap__valence__strict_loso/alpha_logistic,20260530,12,2.0,57600,2400.0,0.4855680868838763,0.50375,0.4158470493675048,0.4271771826391476,,
classical/deap__valence__strict_loso/alpha_logistic,20260530,13,2.0,57600,2400.0,0.495460358056266,0.43125,0.3498966800080727,0.315400572591001,,
classical/deap__valence__strict_loso/alpha_logistic,20260530,14,2.0,57600,2400.0,0.4983333333333333,0.4983333333333333,0.3738813893523434,0.3738813893523434,,
classical/deap__valence__strict_loso/alpha_logistic,20260530,15,2.0,57600,2400.0,0.4370833333333332,0.4370833333333333,0.419036238743424,0.419036238743424,,
classical/deap__valence__strict_loso/alpha_logistic,20260530,16,2.0,57600,2400.0,0.4874444444444444,0.5695833333333333,0.4600385630735811,0.5208404707108163,,
classical/deap__valence__strict_loso/alpha_logistic,20260530,17,2.0,57600,2400.0,0.5016414141414142,0.45375,0.3307182335249669,0.3020227777873498,,
classical/deap__valence__strict_loso/alpha_logistic,20260530,18,2.0,57600,2400.0,0.5263888888888889,0.5045833333333334,0.5045763664384864,0.5042047987133152,,
classical/deap__valence__strict_loso/alpha_logistic,20260530,19,2.0,57600,2400.0,0.4773657289002557,0.5025,0.4723161153509311,0.4912467747127165,,
classical/deap__valence__strict_loso/alpha_logistic,20260530,20,2.0,57600,2400.0,0.509228473998295,0.5695833333333333,0.4415963425371284,0.4816967051886809,,
classical/deap__valence__strict_loso/alpha_logistic,20260530,21,2.0,57600,2400.0,0.4949248120300752,0.47125,0.3379232624887746,0.3230679156908665,,
classical/deap__valence__strict_loso/alpha_logistic,20260530,22,2.0,57600,2400.0,0.5001262626262627,0.45125,0.3204321215791826,0.2906160809134692,,
classical/deap__valence__strict_loso/alpha_logistic,20260530,23,2.0,57600,2400.0,0.5136904761904763,0.6470833333333333,0.449855765756769,0.5486754238327094,,
classical/deap__valence__strict_loso/alpha_logistic,20260530,24,2.0,57600,2400.0,0.5002104377104377,0.51125,0.4983405428763626,0.5063879966677209,,
classical/deap__valence__strict_loso/alpha_logistic,20260530,25,2.0,57600,2400.0,0.5,0.475,0.3220338983050847,0.3059322033898305,,
classical/deap__valence__strict_loso/alpha_logistic,20260530,26,2.0,57600,2400.0,0.4987637362637362,0.61625,0.4572507629648782,0.5453796703284561,,
classical/deap__valence__strict_loso/alpha_logistic,20260530,27,2.0,57600,2400.0,0.5016666666666667,0.3975,0.396409765138281,0.4092360576290925,,
classical/deap__valence__strict_loso/alpha_logistic,20260530,28,2.0,57600,2400.0,0.5105555555555555,0.6170833333333333,0.4477383337352103,0.5241920581587421,,
classical/deap__valence__strict_loso/alpha_logistic,20260530,29,2.0,57600,2400.0,0.5345268542199488,0.5675,0.5247252747252746,0.5461126373626374,,
classical/deap__valence__strict_loso/alpha_logistic,20260530,30,2.0,57600,2400.0,0.513034188034188,0.4404166666666667,0.439980220696303,0.4345083607693565,,
classical/deap__valence__strict_loso/alpha_logistic,20260530,31,2.0,57600,2400.0,0.4983375959079284,0.5225,0.4943786762516077,0.512265030579207,,
classical/deap__valence__strict_loso/alpha_logistic,20260530,32,2.0,57600,2400.0,0.4908333333333333,0.4908333333333333,0.3971738206370126,0.3971738206370127,,
classical/deap__valence__strict_loso/spectral_logistic,20260530,1,2.0,57600,2400.0,0.4932957393483709,0.5154166666666666,0.3801959825987668,0.3946709889218248,,
classical/deap__valence__strict_loso/spectral_logistic,20260530,2,2.0,57600,2400.0,0.5,0.45,0.3103448275862069,0.2793103448275862,,
classical/deap__valence__strict_loso/spectral_logistic,20260530,3,2.0,57600,2400.0,0.5146043771043771,0.4679166666666666,0.356943812944674,0.330230187174084,,
classical/deap__valence__strict_loso/spectral_logistic,20260530,4,2.0,57600,2400.0,0.5017361111111112,0.5958333333333333,0.4004789987381216,0.4689243130488527,,
classical/deap__valence__strict_loso/spectral_logistic,20260530,5,2.0,57600,2400.0,0.5387152777777777,0.5295833333333333,0.5277631719061613,0.5336267791883264,,
classical/deap__valence__strict_loso/spectral_logistic,20260530,6,2.0,57600,2400.0,0.4655555555555555,0.2816666666666667,0.2683320176890496,0.2189444288830604,,
classical/deap__valence__strict_loso/spectral_logistic,20260530,7,2.0,57600,2400.0,0.5495039682539682,0.45375,0.4535404289596479,0.4492598289864984,,
classical/deap__valence__strict_loso/spectral_logistic,20260530,8,2.0,57600,2400.0,0.5345117845117845,0.5266666666666666,0.5263706483218678,0.5251865749426724,,
classical/deap__valence__strict_loso/spectral_logistic,20260530,9,2.0,57600,2400.0,0.5029166666666667,0.5029166666666667,0.3603661586516218,0.3603661586516218,,
classical/deap__valence__strict_loso/spectral_logistic,20260530,10,2.0,57600,2400.0,0.6008333333333333,0.6008333333333333,0.5762558801131459,0.5762558801131459,,
classical/deap__valence__strict_loso/spectral_logistic,20260530,11,2.0,57600,2400.0,0.5,0.6,0.375,0.45,,
classical/deap__valence__strict_loso/spectral_logistic,20260530,12,2.0,57600,2400.0,0.460359231411863,0.4741666666666667,0.4224780511913868,0.4311168170089824,,
classical/deap__valence__strict_loso/spectral_logistic,20260530,13,2.0,57600,2400.0,0.5,0.425,0.2982456140350877,0.2535087719298246,,
classical/deap__valence__strict_loso/spectral_logistic,20260530,14,2.0,57600,2400.0,0.5116666666666666,0.5116666666666667,0.3787848671569602,0.3787848671569602,,
classical/deap__valence__strict_loso/spectral_logistic,20260530,15,2.0,57600,2400.0,0.6608333333333334,0.6608333333333334,0.6547724318398211,0.6547724318398211,,
classical/deap__valence__strict_loso/spectral_logistic,20260530,16,2.0,57600,2400.0,0.4877777777777778,0.6016666666666667,0.4023449832300252,0.4886314262761904,,
classical/deap__valence__strict_loso/spectral_logistic,20260530,17,2.0,57600,2400.0,0.5012626262626263,0.4516666666666666,0.3156377976641893,0.2851266494767177,,
classical/deap__valence__strict_loso/spectral_logistic,20260530,18,2.0,57600,2400.0,0.603125,0.5391666666666667,0.5201315516397313,0.5010167917800473,,
classical/deap__valence__strict_loso/spectral_logistic,20260530,19,2.0,57600,2400.0,0.5089514066496164,0.465,0.4386476245992422,0.4204036723987175,,
classical/deap__valence__strict_loso/spectral_logistic,20260530,20,2.0,57600,2400.0,0.5004901960784314,0.5754166666666667,0.3661554044089728,0.4207848854914744,,
classical/deap__valence__strict_loso/spectral_logistic,20260530,21,2.0,57600,2400.0,0.4672932330827067,0.4633333333333333,0.4616551179336139,0.4601522384711785,,
classical/deap__valence__strict_loso/spectral_logistic,20260530,22,2.0,57600,2400.0,0.5405723905723906,0.5816666666666667,0.4662583862290411,0.4910773712693906,,
classical/deap__valence__strict_loso/spectral_logistic,20260530,23,2.0,57600,2400.0,0.5161630036630036,0.5245833333333333,0.5081259624315577,0.535117550243126,,
classical/deap__valence__strict_loso/spectral_logistic,20260530,24,2.0,57600,2400.0,0.5058501683501684,0.5545833333333333,0.3732225609584789,0.4069379640335874,,
classical/deap__valence__strict_loso/spectral_logistic,20260530,25,2.0,57600,2400.0,0.5,0.475,0.3220338983050847,0.3059322033898305,,
classical/deap__valence__strict_loso/spectral_logistic,20260530,26,2.0,57600,2400.0,0.5058608058608058,0.4833333333333333,0.4802785260028389,0.4922321199047736,,
classical/deap__valence__strict_loso/spectral_logistic,20260530,27,2.0,57600,2400.0,0.4458333333333333,0.44875,0.4183122812282052,0.4848428140627292,,
classical/deap__valence__strict_loso/spectral_logistic,20260530,28,2.0,57600,2400.0,0.5,0.625,0.3846153846153846,0.4807692307692308,,
classical/deap__valence__strict_loso/spectral_logistic,20260530,29,2.0,57600,2400.0,0.4672847399829497,0.4270833333333333,0.4037267080745341,0.3860248447204968,,
classical/deap__valence__strict_loso/spectral_logistic,20260530,30,2.0,57600,2400.0,0.4610636277302943,0.565,0.4493186813186813,0.5376571428571428,,
classical/deap__valence__strict_loso/spectral_logistic,20260530,31,2.0,57600,2400.0,0.512382779198636,0.4854166666666666,0.4799079345799985,0.4718790133200771,,
classical/deap__valence__strict_loso/spectral_logistic,20260530,32,2.0,57600,2400.0,0.4962499999999999,0.49625,0.3582278808581114,0.3582278808581114,,
classical/deap__valence__strict_loso/spectral_svm,20260530,1,2.0,57600,2400.0,0.4939014202172097,0.515,0.3941202598412081,0.4076515740380878,,
classical/deap__valence__strict_loso/spectral_svm,20260530,2,2.0,57600,2400.0,0.5,0.45,0.3103448275862069,0.2793103448275862,,
classical/deap__valence__strict_loso/spectral_svm,20260530,3,2.0,57600,2400.0,0.520496632996633,0.4754166666666666,0.3762374459425397,0.3513649140994985,,
classical/deap__valence__strict_loso/spectral_svm,20260530,4,2.0,57600,2400.0,0.5005208333333333,0.5954166666666667,0.3960126571944186,0.4654208693384933,,
classical/deap__valence__strict_loso/spectral_svm,20260530,5,2.0,57600,2400.0,0.5440972222222222,0.54375,0.5384575666351888,0.5483422670830852,,
classical/deap__valence__strict_loso/spectral_svm,20260530,6,2.0,57600,2400.0,0.4683333333333333,0.2825,0.2686733556298774,0.2183946488294314,,
classical/deap__valence__strict_loso/spectral_svm,20260530,7,2.0,57600,2400.0,0.5500992063492063,0.4579166666666667,0.4578578404774823,0.4555989148128052,,
classical/deap__valence__strict_loso/spectral_svm,20260530,8,2.0,57600,2400.0,0.5377946127946128,0.5316666666666666,0.5316403214347474,0.5312890516758234,,
classical/deap__valence__strict_loso/spectral_svm,20260530,9,2.0,57600,2400.0,0.5025,0.5025,0.3555647309320833,0.3555647309320833,,
classical/deap__valence__strict_loso/spectral_svm,20260530,10,2.0,57600,2400.0,0.60125,0.60125,0.5773247461013231,0.5773247461013231,,
classical/deap__valence__strict_loso/spectral_svm,20260530,11,2.0,57600,2400.0,0.5,0.6,0.375,0.45,,
classical/deap__valence__strict_loso/spectral_svm,20260530,12,2.0,57600,2400.0,0.473266499582289,0.4816666666666667,0.4618989258164516,0.4670557277773773,,
classical/deap__valence__strict_loso/spectral_svm,20260530,13,2.0,57600,2400.0,0.5003623188405797,0.4254166666666666,0.299056958822985,0.2544156488880238,,
classical/deap__valence__strict_loso/spectral_svm,20260530,14,2.0,57600,2400.0,0.5095833333333333,0.5095833333333334,0.3812523943942097,0.3812523943942098,,
classical/deap__valence__strict_loso/spectral_svm,20260530,15,2.0,57600,2400.0,0.6608333333333334,0.6608333333333334,0.6569913987994699,0.6569913987994699,,
classical/deap__valence__strict_loso/spectral_svm,20260530,16,2.0,57600,2400.0,0.4873333333333333,0.6016666666666667,0.4006113012356644,0.4873977899109171,,
classical/deap__valence__strict_loso/spectral_svm,20260530,17,2.0,57600,2400.0,0.5016414141414142,0.4520833333333333,0.3164746291019373,0.2860292698731861,,
classical/deap__valence__strict_loso/spectral_svm,20260530,18,2.0,57600,2400.0,0.6024305555555556,0.5370833333333334,0.5165163939999728,0.4965726952524716,,
classical/deap__valence__strict_loso/spectral_svm,20260530,19,2.0,57600,2400.0,0.5083759590792839,0.46375,0.4361485925894284,0.4174357740059901,,
classical/deap__valence__strict_loso/spectral_svm,20260530,20,2.0,57600,2400.0,0.5004901960784314,0.5754166666666667,0.3661554044089728,0.4207848854914744,,
classical/deap__valence__strict_loso/spectral_svm,20260530,21,2.0,57600,2400.0,0.4760442773600668,0.46625,0.4499619013098113,0.4452292818356645,,
classical/deap__valence__strict_loso/spectral_svm,20260530,22,2.0,57600,2400.0,0.5398989898989899,0.5808333333333333,0.4662488150652952,0.4909792866339365,,
classical/deap__valence__strict_loso/spectral_svm,20260530,23,2.0,57600,2400.0,0.5174450549450549,0.53375,0.5123289651281435,0.5429912814457115,,
classical/deap__valence__strict_loso/spectral_svm,20260530,24,2.0,57600,2400.0,0.5058501683501684,0.5545833333333333,0.3732225609584789,0.4069379640335874,,
classical/deap__valence__strict_loso/spectral_svm,20260530,25,2.0,57600,2400.0,0.5,0.475,0.3220338983050847,0.3059322033898305,,
classical/deap__valence__strict_loso/spectral_svm,20260530,26,2.0,57600,2400.0,0.511584249084249,0.4804166666666666,0.4791361191986062,0.4868839694255268,,
classical/deap__valence__strict_loso/spectral_svm,20260530,27,2.0,57600,2400.0,0.4475,0.4495833333333333,0.4194247683165314,0.4855861540937934,,
classical/deap__valence__strict_loso/spectral_svm,20260530,28,2.0,57600,2400.0,0.5,0.625,0.3846153846153846,0.4807692307692308,,
classical/deap__valence__strict_loso/spectral_svm,20260530,29,2.0,57600,2400.0,0.4676257459505542,0.4304166666666666,0.4117975047291243,0.3960998506365829,,
classical/deap__valence__strict_loso/spectral_svm,20260530,30,2.0,57600,2400.0,0.4647198480531814,0.5708333333333333,0.4518939370423026,0.5412580630570305,,
classical/deap__valence__strict_loso/spectral_svm,20260530,31,2.0,57600,2400.0,0.5100383631713555,0.49375,0.4932283595388378,0.4907895210191185,,
classical/deap__valence__strict_loso/spectral_svm,20260530,32,2.0,57600,2400.0,0.4954166666666666,0.4954166666666666,0.3584274496983412,0.3584274496983412,,
classical/deap__valence__trial_within_subject/alpha_logistic,20260530,1,2.0,49140,15360.0,0.5349932313810097,0.5341796875,0.529443436813249,0.5386639118685721,,
classical/deap__valence__trial_within_subject/alpha_logistic,20260530,2,2.0,49140,15360.0,0.5331864290463018,0.5283854166666667,0.5236591496078363,0.5344090903690976,,
classical/deap__valence__trial_within_subject/alpha_logistic,20260530,3,2.0,49140,15360.0,0.5290902492383815,0.5311848958333333,0.5290713902789406,0.5312896468374869,,
classical/deap__valence__trial_within_subject/alpha_logistic,20260530,4,2.0,49140,15360.0,0.5262484737484738,0.5262369791666667,0.5262104209595455,0.5262658467831027,,
classical/deap__valence__trial_within_subject/alpha_logistic,20260530,5,2.0,49140,15360.0,0.5381669211195929,0.5388020833333333,0.5380735489211763,0.5385035036562198,,
classical/deap__valence__trial_within_subject/spectral_logistic,20260530,1,2.0,49140,15360.0,0.5793969583518412,0.576953125,0.5726235311884136,0.5810250715731222,,
classical/deap__valence__trial_within_subject/spectral_logistic,20260530,2,2.0,49140,15360.0,0.5892175470200949,0.5863932291666667,0.5802446813353557,0.5917546041180143,,
classical/deap__valence__trial_within_subject/spectral_logistic,20260530,3,2.0,49140,15360.0,0.5661887382690303,0.5658203125,0.5653008006585629,0.5663574349123333,,
classical/deap__valence__trial_within_subject/spectral_logistic,20260530,4,2.0,49140,15360.0,0.5783302808302808,0.5783203125,0.5782905677513035,0.5783459068186457,,
classical/deap__valence__trial_within_subject/spectral_logistic,20260530,5,2.0,49140,15360.0,0.5700442748091603,0.5701171875,0.5700005262743051,0.5701665264373492,,
classical/deap__valence__trial_within_subject/spectral_svm,20260530,1,2.0,49140,15360.0,0.5800658882754828,0.5772786458333333,0.5730925445101596,0.5813491546150388,,
classical/deap__valence__trial_within_subject/spectral_svm,20260530,2,2.0,49140,15360.0,0.5896110789422891,0.5869140625,0.5807060183020615,0.5922651375149165,,
classical/deap__valence__trial_within_subject/spectral_svm,20260530,3,2.0,49140,15360.0,0.5666676889733996,0.5661458333333333,0.5656892954849134,0.566679377565824,,
classical/deap__valence__trial_within_subject/spectral_svm,20260530,4,2.0,49140,15360.0,0.5792562067562068,0.5792317708333333,0.5792081834082098,0.5792574093389024,,
classical/deap__valence__trial_within_subject/spectral_svm,20260530,5,2.0,49140,15360.0,0.5692839694656489,0.5693359375,0.5692316440189701,0.5693887388021113,,
classical/dreamer__arousal@exclude_ties__strict_loso/spectral_logistic,20260530,1,2.0,45115,2616.0,0.5662375430010285,0.5512232415902141,0.5481426553672317,0.5442063507489764,,
classical/dreamer__arousal@exclude_ties__strict_loso/spectral_logistic,20260530,2,2.0,45069,2786.0,0.6109673933934869,0.4447236180904522,0.4439636148631171,0.4553267699125944,,
classical/dreamer__arousal@exclude_ties__strict_loso/spectral_logistic,20260530,3,2.0,45809,2979.0,0.5645653951497409,0.6146357838200739,0.5450587025835096,0.5752187249221061,,
classical/dreamer__arousal@exclude_ties__strict_loso/spectral_logistic,20260530,4,2.0,47019,2483.0,0.7495971917393371,0.7378171566653242,0.7321874934245287,0.7297948865471905,,
classical/dreamer__arousal@exclude_ties__strict_loso/spectral_logistic,20260530,5,2.0,43189,2835.0,0.6102189875829105,0.7597883597883598,0.6188319204809273,0.721278798933487,,
classical/dreamer__arousal@exclude_ties__strict_loso/spectral_logistic,20260530,6,2.0,44868,2678.0,0.6284412922798863,0.6799850634802092,0.4592464992508535,0.7799689251270534,,
classical/dreamer__arousal@exclude_ties__strict_loso/spectral_logistic,20260530,7,2.0,45173,1756.0,0.4774105833046526,0.7300683371298405,0.476596162117702,0.7259198563604111,,
classical/dreamer__arousal@exclude_ties__strict_loso/spectral_logistic,20260530,8,2.0,45018,2015.0,0.4888148538267777,0.48287841191067,0.4688912745213108,0.4660254084507081,,
classical/dreamer__arousal@exclude_ties__strict_loso/spectral_logistic,20260530,9,2.0,44746,2887.0,0.520370640404403,0.6744024939383443,0.4631544547153657,0.7534892805717952,,
classical/dreamer__arousal@exclude_ties__strict_loso/spectral_logistic,20260530,10,2.0,44674,2986.0,0.512371660730037,0.5150703281982585,0.5113079866611692,0.5130311965254849,,
classical/dreamer__arousal@exclude_ties__strict_loso/spectral_logistic,20260530,11,2.0,45640,2589.0,0.4935004663143402,0.5395905755117806,0.4908554572271386,0.529247291980708,,
classical/dreamer__arousal@exclude_ties__strict_loso/spectral_logistic,20260530,12,2.0,46417,2678.0,0.5326863594184967,0.542942494398805,0.5189560439560439,0.5583451649172336,,
classical/dreamer__arousal@exclude_ties__strict_loso/spectral_logistic,20260530,13,2.0,44826,2121.0,0.65063838842389,0.5888731730315889,0.508207915421351,0.6574245560996607,,
classical/dreamer__arousal@exclude_ties__strict_loso/spectral_logistic,20260530,14,2.0,45555,2982.0,0.5001850471127247,0.4855801475519785,0.3406686730316867,0.3313396081484061,,
classical/dreamer__arousal@exclude_ties__strict_loso/spectral_logistic,20260530,15,2.0,45425,2817.0,0.4971474664738444,0.4128505502307419,0.4128498843170167,0.4131080368711464,,
classical/dreamer__arousal@exclude_ties__strict_loso/spectral_logistic,20260530,16,2.0,44037,3240.0,0.5208574348905747,0.4981481481481482,0.4970411941538762,0.5031440063065069,,
classical/dreamer__arousal@exclude_ties__strict_loso/spectral_logistic,20260530,17,2.0,44454,2537.0,0.3714522064429557,0.4095388253843122,0.3456025980108548,0.3758372578658946,,
classical/dreamer__arousal@exclude_ties__strict_loso/spectral_logistic,20260530,18,2.0,44824,2474.0,0.5203703122384062,0.7946645109135004,0.5209987437952021,0.7771030713123261,,
classical/dreamer__arousal@exclude_ties__strict_loso/spectral_logistic,20260530,19,2.0,43508,3326.0,0.5176642727548841,0.3628983764281419,0.3087358510089976,0.4790772843358017,,
classical/dreamer__arousal@exclude_ties__strict_loso/spectral_logistic,20260530,20,2.0,46107,1927.0,0.5783531987283941,0.7649195640892579,0.5740197898819508,0.7073536631848839,,
classical/dreamer__arousal@exclude_ties__strict_loso/spectral_logistic,20260530,21,2.0,43843,3221.0,0.4525920306218641,0.3402669978267619,0.3362039277738667,0.3669510491662119,,
classical/dreamer__arousal@exclude_ties__strict_loso/spectral_logistic,20260530,22,2.0,45742,2275.0,0.4302424242424242,0.4518681318681318,0.4305678915701948,0.4535624691645586,,
classical/dreamer__arousal@exclude_ties__strict_loso/spectral_logistic,20260530,23,2.0,44009,2817.0,0.5027879776605998,0.4224352147674831,0.3548108779242498,0.3148443016539617,,
classical/dreamer__arousal@tie_high__strict_loso/spectral_logistic,20260530,1,2.0,63376,3728.0,0.4671474271555731,0.4715665236051502,0.4632516651698847,0.4782327463161819,,
classical/dreamer__arousal@tie_high__strict_loso/spectral_logistic,20260530,2,2.0,63376,3728.0,0.648180974609895,0.4940987124463519,0.4729959251860439,0.5432065391003661,,
classical/dreamer__arousal@tie_high__strict_loso/spectral_logistic,20260530,3,2.0,63376,3728.0,0.5808751440513253,0.6789163090128756,0.5791665955440897,0.6480845793952508,,
classical/dreamer__arousal@tie_high__strict_loso/spectral_logistic,20260530,4,2.0,63376,3728.0,0.7006028875638305,0.716469957081545,0.6960172862620579,0.7191137873322545,,
classical/dreamer__arousal@tie_high__strict_loso/spectral_logistic,20260530,5,2.0,63376,3728.0,0.5245042650829665,0.7907725321888412,0.4965201184870393,0.7180870236814487,,
classical/dreamer__arousal@tie_high__strict_loso/spectral_logistic,20260530,6,2.0,63376,3728.0,0.6475082599118942,0.6392167381974249,0.4304637642145245,0.7575131731660245,,
classical/dreamer__arousal@tie_high__strict_loso/spectral_logistic,20260530,7,2.0,63376,3728.0,0.4970907820367036,0.8403969957081545,0.496493299281363,0.8507777304591093,,
classical/dreamer__arousal@tie_high__strict_loso/spectral_logistic,20260530,8,2.0,63376,3728.0,0.5344863323685243,0.4484978540772532,0.4453691225437756,0.4652589158637407,,
classical/dreamer__arousal@tie_high__strict_loso/spectral_logistic,20260530,9,2.0,63376,3728.0,0.5181197856667867,0.6756974248927039,0.4516376404545645,0.7647383883265764,,
classical/dreamer__arousal@tie_high__strict_loso/spectral_logistic,20260530,10,2.0,63376,3728.0,0.4812132246819282,0.4619098712446352,0.4612344170552196,0.4580515950414587,,
classical/dreamer__arousal@tie_high__strict_loso/spectral_logistic,20260530,11,2.0,63376,3728.0,0.4936700911948295,0.5820815450643777,0.4922597068367461,0.5936529808564578,,
classical/dreamer__arousal@tie_high__strict_loso/spectral_logistic,20260530,12,2.0,63376,3728.0,0.5921416404612159,0.4951716738197425,0.4843526391729059,0.525064265843965,,
classical/dreamer__arousal@tie_high__strict_loso/spectral_logistic,20260530,13,2.0,63376,3728.0,0.5493336895097362,0.4659334763948498,0.3792660443812207,0.5781096285273503,,
classical/dreamer__arousal@tie_high__strict_loso/spectral_logistic,20260530,14,2.0,63376,3728.0,0.4990471981447689,0.5842274678111588,0.3821584678419598,0.4443335447555595,,
classical/dreamer__arousal@tie_high__strict_loso/spectral_logistic,20260530,15,2.0,63376,3728.0,0.5462232720485409,0.4061158798283262,0.4045032635544215,0.4217432952661646,,
classical/dreamer__arousal@tie_high__strict_loso/spectral_logistic,20260530,16,2.0,63376,3728.0,0.5082781233288313,0.490343347639485,0.4815319927377002,0.5055728499388661,,
classical/dreamer__arousal@tie_high__strict_loso/spectral_logistic,20260530,17,2.0,63376,3728.0,0.5456029445906206,0.5214592274678111,0.5214194203166362,0.5223747919448332,,
classical/dreamer__arousal@tie_high__strict_loso/spectral_logistic,20260530,18,2.0,63376,3728.0,0.5708022703472817,0.8170600858369099,0.5580318558275916,0.8306740432655705,,
classical/dreamer__arousal@tie_high__strict_loso/spectral_logistic,20260530,19,2.0,63376,3728.0,0.5101406721906501,0.4361587982832618,0.3451168338252318,0.5632245616275626,,
classical/dreamer__arousal@tie_high__strict_loso/spectral_logistic,20260530,20,2.0,63376,3728.0,0.5328591913514562,0.8540772532188842,0.5324443460779432,0.8135090663544058,,
classical/dreamer__arousal@tie_high__strict_loso/spectral_logistic,20260530,21,2.0,63376,3728.0,0.4836111073939099,0.4074570815450644,0.3838981403044901,0.4619108757705344,,
classical/dreamer__arousal@tie_high__strict_loso/spectral_logistic,20260530,22,2.0,63376,3728.0,0.4278453559641678,0.4232832618025751,0.396023727423983,0.4623827959617678,,
classical/dreamer__arousal@tie_high__strict_loso/spectral_logistic,20260530,23,2.0,63376,3728.0,0.5386833919590686,0.5726931330472103,0.4938953786399228,0.5138224790066875,,
classical/dreamer__arousal__loso_stimulus_heldout/alpha_logistic,20260530,1,2.0,45738,1187.0,0.6201005025125628,0.3631002527379949,0.3621001450140749,0.3791870918716876,,
classical/dreamer__arousal__loso_stimulus_heldout/alpha_logistic,20260530,2,2.0,45810,1183.0,0.5936474164133738,0.5646661031276415,0.5481762635038374,0.5384720658491209,,
classical/dreamer__arousal__loso_stimulus_heldout/alpha_logistic,20260530,3,2.0,42660,1358.0,0.5805906452714237,0.5022091310751104,0.4946581761172471,0.5247710205877625,,
classical/dreamer__arousal__loso_stimulus_heldout/alpha_logistic,20260530,4,2.0,45738,1187.0,0.5542464077163243,0.5181128896377422,0.4780123131046614,0.56589229997503,,
classical/dreamer__arousal__loso_stimulus_heldout/alpha_logistic,20260530,5,2.0,45810,1183.0,0.3889451589682827,0.3956043956043956,0.382552074778908,0.4113127119466975,,
classical/dreamer__arousal__loso_stimulus_heldout/alpha_logistic,20260530,6,2.0,42660,1358.0,0.5009201277353797,0.4911634756995581,0.4854579800023578,0.5006194370998133,,
classical/dreamer__arousal__loso_stimulus_heldout/alpha_logistic,20260530,7,2.0,45738,1187.0,0.4771027218631857,0.5433866891322662,0.4769649767487236,0.550923904721888,,
classical/dreamer__arousal__loso_stimulus_heldout/alpha_logistic,20260530,8,2.0,45810,1183.0,0.5158549328070124,0.2637362637362637,0.2592563038047483,0.3041045983365495,,
classical/dreamer__arousal__loso_stimulus_heldout/alpha_logistic,20260530,9,2.0,42660,1358.0,0.5891605683519765,0.4580265095729013,0.4208646516338824,0.5284611938061581,,
classical/dreamer__arousal__loso_stimulus_heldout/alpha_logistic,20260530,10,2.0,45738,1187.0,0.5492477121141616,0.615838247683235,0.5317554240631164,0.6412469737076049,,
classical/dreamer__arousal__loso_stimulus_heldout/alpha_logistic,20260530,11,2.0,45810,1183.0,0.4735481477617217,0.5080304311073541,0.4397470950102529,0.4627286536482603,,
classical/dreamer__arousal__loso_stimulus_heldout/alpha_logistic,20260530,12,2.0,42660,1358.0,0.4990418601616113,0.5184094256259205,0.4311003497444176,0.4429166156531923,,
classical/dreamer__arousal__loso_stimulus_heldout/alpha_logistic,20260530,13,2.0,45738,1187.0,0.4554581953853929,0.4608256107834877,0.3381702106899171,0.3417706627474583,,
classical/dreamer__arousal__loso_stimulus_heldout/alpha_logistic,20260530,14,2.0,45810,1183.0,0.6067699153399404,0.6035502958579881,0.6031408144945263,0.6044662410131003,,
classical/dreamer__arousal__loso_stimulus_heldout/alpha_logistic,20260530,15,2.0,42660,1358.0,0.4830396632900556,0.7245949926362297,0.4352865307211634,0.6454221007952754,,
classical/dreamer__arousal__loso_stimulus_heldout/alpha_logistic,20260530,16,2.0,45738,1187.0,0.4864747373319291,0.7320977253580455,0.4541818497310428,0.6690990853103661,,
classical/dreamer__arousal__loso_stimulus_heldout/alpha_logistic,20260530,17,2.0,45810,1183.0,0.2900835042907914,0.2967032967032967,0.2904565272555306,0.2973786231300822,,
classical/dreamer__arousal__loso_stimulus_heldout/alpha_logistic,20260530,18,2.0,42660,1358.0,0.8733127270755382,0.8733431516936672,0.8733296890184645,0.8733373819757232,,
classical/dreamer__arousal__loso_stimulus_heldout/alpha_logistic,20260530,19,2.0,45738,1187.0,0.4429783742744483,0.2165122156697556,0.1943203713434927,0.1205353051825676,,
classical/dreamer__arousal__loso_stimulus_heldout/alpha_logistic,20260530,20,2.0,45810,1183.0,0.7044075509860104,0.5900253592561285,0.5147263926491099,0.6619310247928738,,
classical/dreamer__arousal__loso_stimulus_heldout/alpha_logistic,20260530,21,2.0,42660,1358.0,0.3675511765561851,0.321060382916053,0.2909154337725766,0.3981453242972284,,
classical/dreamer__arousal__loso_stimulus_heldout/alpha_logistic,20260530,22,2.0,45738,1187.0,0.4589641622316888,0.7548441449031171,0.4556667596431594,0.7463447873673228,,
classical/dreamer__arousal__loso_stimulus_heldout/alpha_logistic,20260530,23,2.0,45810,1183.0,0.5408145280129446,0.4936601859678782,0.3987581760902231,0.3739221181860708,,
classical/dreamer__arousal__loso_stimulus_heldout/spectral_logistic,20260530,1,2.0,45738,1187.0,0.5289939279731993,0.4288121314237573,0.4025203271347203,0.4873087562274784,,
classical/dreamer__arousal__loso_stimulus_heldout/spectral_logistic,20260530,2,2.0,45810,1183.0,0.475694022289767,0.4961961115807269,0.4665236129438398,0.4806685674911731,,
classical/dreamer__arousal__loso_stimulus_heldout/spectral_logistic,20260530,3,2.0,42660,1358.0,0.5963952429725731,0.5103092783505154,0.5038455854195751,0.5314518094213978,,
classical/dreamer__arousal__loso_stimulus_heldout/spectral_logistic,20260530,4,2.0,45738,1187.0,0.5480380777570834,0.3934288121314238,0.3896823583180987,0.4187274464837692,,
classical/dreamer__arousal__loso_stimulus_heldout/spectral_logistic,20260530,5,2.0,45810,1183.0,0.4378173154712991,0.4091293322062553,0.4076054757935624,0.4172311688004059,,
classical/dreamer__arousal__loso_stimulus_heldout/spectral_logistic,20260530,6,2.0,42660,1358.0,0.5114086426115625,0.5103092783505154,0.5006367355786165,0.5200841760723816,,
classical/dreamer__arousal__loso_stimulus_heldout/spectral_logistic,20260530,7,2.0,45738,1187.0,0.403604329103517,0.3032855939342881,0.2972504937828816,0.2714092922254953,,
classical/dreamer__arousal__loso_stimulus_heldout/spectral_logistic,20260530,8,2.0,45810,1183.0,0.5003918381563289,0.7295012679628065,0.4918712282284217,0.7623993698790624,,
classical/dreamer__arousal__loso_stimulus_heldout/spectral_logistic,20260530,9,2.0,42660,1358.0,0.5192126250369654,0.5677466863033873,0.4598238819826322,0.6369097355303623,,
classical/dreamer__arousal__loso_stimulus_heldout/spectral_logistic,20260530,10,2.0,45738,1187.0,0.5516947907227352,0.5096882898062342,0.4827259331140942,0.5478932527943589,,
classical/dreamer__arousal__loso_stimulus_heldout/spectral_logistic,20260530,11,2.0,45810,1183.0,0.3867471206403858,0.400676246830093,0.3841134101845059,0.3959805972656224,,
classical/dreamer__arousal__loso_stimulus_heldout/spectral_logistic,20260530,12,2.0,42660,1358.0,0.5268105145243559,0.5117820324005891,0.4776786724331474,0.4706024709413439,,
classical/dreamer__arousal__loso_stimulus_heldout/spectral_logistic,20260530,13,2.0,45738,1187.0,0.3560874083580835,0.3563605728727885,0.3559212731745842,0.3561338375446831,,
classical/dreamer__arousal__loso_stimulus_heldout/spectral_logistic,20260530,14,2.0,45810,1183.0,0.5219364905082493,0.4902789518174134,0.4562362362820181,0.4420901078669722,,
classical/dreamer__arousal__loso_stimulus_heldout/spectral_logistic,20260530,15,2.0,42660,1358.0,0.4847368859085937,0.7319587628865979,0.4305292504780995,0.6459232137983423,,
classical/dreamer__arousal__loso_stimulus_heldout/spectral_logistic,20260530,16,2.0,45738,1187.0,0.4469969712555003,0.548441449031171,0.4457175514528055,0.5773890835738024,,
classical/dreamer__arousal__loso_stimulus_heldout/spectral_logistic,20260530,17,2.0,45810,1183.0,0.3221488630125111,0.3389687235841082,0.3127652050919378,0.3267177279254311,,
classical/dreamer__arousal__loso_stimulus_heldout/spectral_logistic,20260530,18,2.0,42660,1358.0,0.6110839976140122,0.6111929307805597,0.6110030901704802,0.6110537143331681,,
classical/dreamer__arousal__loso_stimulus_heldout/spectral_logistic,20260530,19,2.0,45738,1187.0,0.4290816618092462,0.5206402695871946,0.4278597356171404,0.554996241371085,,
classical/dreamer__arousal__loso_stimulus_heldout/spectral_logistic,20260530,20,2.0,45810,1183.0,0.5780416034608686,0.7117497886728656,0.5329172769534484,0.7554806897627231,,
classical/dreamer__arousal__loso_stimulus_heldout/spectral_logistic,20260530,21,2.0,42660,1358.0,0.3392767453540934,0.3571428571428571,0.3052926916308775,0.4444915187196422,,
classical/dreamer__arousal__loso_stimulus_heldout/spectral_logistic,20260530,22,2.0,45738,1187.0,0.365086201810179,0.5846672283066554,0.3870375083927503,0.6377398978977784,,
classical/dreamer__arousal__loso_stimulus_heldout/spectral_logistic,20260530,23,2.0,45810,1183.0,0.5318038660464042,0.4835164835164835,0.3796837199083788,0.3532964679997076,,
classical/dreamer__arousal__loso_stimulus_heldout/spectral_svm,20260530,1,2.0,45738,1187.0,0.5152873743718593,0.4304970513900589,0.4006232707672266,0.4911464626167903,,
classical/dreamer__arousal__loso_stimulus_heldout/spectral_svm,20260530,2,2.0,45810,1183.0,0.4663323201621074,0.4902789518174134,0.4516466765521838,0.4680100288142078,,
classical/dreamer__arousal__loso_stimulus_heldout/spectral_svm,20260530,3,2.0,42660,1358.0,0.6038693524524866,0.5228276877761414,0.5148631006986099,0.5451651503843908,,
classical/dreamer__arousal__loso_stimulus_heldout/spectral_svm,20260530,4,2.0,45738,1187.0,0.5501345138157836,0.396798652064027,0.3927434336505759,0.4228858303113822,,
classical/dreamer__arousal__loso_stimulus_heldout/spectral_svm,20260530,5,2.0,45810,1183.0,0.4637726858664424,0.4370245139475909,0.434629294755877,0.4464187502579489,,
classical/dreamer__arousal__loso_stimulus_heldout/spectral_svm,20260530,6,2.0,42660,1358.0,0.5171623825425177,0.5176730486008837,0.5070884197448358,0.5273002738418117,,
classical/dreamer__arousal__loso_stimulus_heldout/spectral_svm,20260530,7,2.0,45738,1187.0,0.4082070341193199,0.3074978938500421,0.3016087748230605,0.2761612971927089,,
classical/dreamer__arousal__loso_stimulus_heldout/spectral_svm,20260530,8,2.0,45810,1183.0,0.4999020404609178,0.7345731191885038,0.4925382513661201,0.7653829432442295,,
classical/dreamer__arousal__loso_stimulus_heldout/spectral_svm,20260530,9,2.0,42660,1358.0,0.5236649032797119,0.6038291605301914,0.4763686298793633,0.6658472694737287,,
classical/dreamer__arousal__loso_stimulus_heldout/spectral_svm,20260530,10,2.0,45738,1187.0,0.5575849232201024,0.510530749789385,0.4850586848237812,0.5482564217649571,,
classical/dreamer__arousal__loso_stimulus_heldout/spectral_svm,20260530,11,2.0,45810,1183.0,0.3792857101454315,0.3939137785291631,0.3760810127923065,0.3884747849794219,,
classical/dreamer__arousal__loso_stimulus_heldout/spectral_svm,20260530,12,2.0,42660,1358.0,0.5181948688947133,0.5014727540500736,0.4564091284545519,0.448110967219571,,
classical/dreamer__arousal__loso_stimulus_heldout/spectral_svm,20260530,13,2.0,45738,1187.0,0.3706578342126035,0.3715248525695029,0.3681304409875838,0.3687156843637768,,
classical/dreamer__arousal__loso_stimulus_heldout/spectral_svm,20260530,14,2.0,45810,1183.0,0.5198719986130775,0.4885883347421809,0.4554090813977819,0.4414328890643537,,
classical/dreamer__arousal__loso_stimulus_heldout/spectral_svm,20260530,15,2.0,42660,1358.0,0.4852213820326247,0.7326951399116347,0.4307973160686016,0.646307794969695,,
classical/dreamer__arousal__loso_stimulus_heldout/spectral_svm,20260530,16,2.0,45738,1187.0,0.4492093425746777,0.5560235888795282,0.4485605958428869,0.5828893371386885,,
classical/dreamer__arousal__loso_stimulus_heldout/spectral_svm,20260530,17,2.0,45810,1183.0,0.3244459533647317,0.3415046491969569,0.3146914666331532,0.328785575416691,,
classical/dreamer__arousal__loso_stimulus_heldout/spectral_svm,20260530,18,2.0,42660,1358.0,0.6035377691014587,0.6038291605301914,0.6027123731633841,0.6028364606485849,,
classical/dreamer__arousal__loso_stimulus_heldout/spectral_svm,20260530,19,2.0,45738,1187.0,0.4426130472761709,0.5374894692502106,0.4406004465492865,0.5690666608592162,,
classical/dreamer__arousal__loso_stimulus_heldout/spectral_svm,20260530,20,2.0,45810,1183.0,0.5685888252148997,0.7176669484361792,0.5304439796548938,0.7587707862944534,,
classical/dreamer__arousal__loso_stimulus_heldout/spectral_svm,20260530,21,2.0,42660,1358.0,0.3411848646009848,0.3726067746686303,0.3136531890660592,0.4611852776594281,,
classical/dreamer__arousal__loso_stimulus_heldout/spectral_svm,20260530,22,2.0,45738,1187.0,0.3652337066188357,0.5762426284751474,0.3866036415788873,0.6322723291490424,,
classical/dreamer__arousal__loso_stimulus_heldout/spectral_svm,20260530,23,2.0,45810,1183.0,0.5287410789101101,0.4801352493660186,0.373532412848895,0.3466632552841281,,
classical/dreamer__arousal__loso_stimulus_seen/alpha_logistic,20260530,1,2.0,45810,1187.0,0.5170854271356784,0.1903959561920808,0.1757927175118587,0.1015749918142738,,
classical/dreamer__arousal__loso_stimulus_seen/alpha_logistic,20260530,2,2.0,42660,1183.0,0.1394630192502532,0.1530008453085376,0.1370168786692759,0.1502210250234486,,
classical/dreamer__arousal__loso_stimulus_seen/alpha_logistic,20260530,3,2.0,45738,1358.0,0.484983498349835,0.5589101620029455,0.4807049127477361,0.5789437647533312,,
classical/dreamer__arousal__loso_stimulus_seen/alpha_logistic,20260530,4,2.0,45810,1187.0,0.5550921802035252,0.806234203875316,0.5561448117992872,0.7585179337822464,,
classical/dreamer__arousal__loso_stimulus_seen/alpha_logistic,20260530,5,2.0,42660,1183.0,0.3410030513246826,0.3338968723584108,0.328808824376476,0.3475308650090322,,
classical/dreamer__arousal__loso_stimulus_seen/alpha_logistic,20260530,6,2.0,45738,1358.0,0.3998449196476688,0.3600883652430044,0.3595045381694159,0.3540934579751813,,
classical/dreamer__arousal__loso_stimulus_seen/alpha_logistic,20260530,7,2.0,45810,1187.0,0.5354957510900257,0.4254422914911541,0.4230143117801346,0.408162643677664,,
classical/dreamer__arousal__loso_stimulus_seen/alpha_logistic,20260530,8,2.0,42660,1183.0,0.4834629785504891,0.2358410819949281,0.2332325729461228,0.2680504980758286,,
classical/dreamer__arousal__loso_stimulus_seen/alpha_logistic,20260530,9,2.0,45738,1358.0,0.5092918131592165,0.3357879234167893,0.3230892677147253,0.3910885208290041,,
classical/dreamer__arousal__loso_stimulus_seen/alpha_logistic,20260530,10,2.0,45810,1187.0,0.4754720677916288,0.6175231676495366,0.4759229003773291,0.6262440917278898,,
classical/dreamer__arousal__loso_stimulus_seen/alpha_logistic,20260530,11,2.0,42660,1183.0,0.4636247181502542,0.5054945054945055,0.405089689355992,0.4338062931486944,,
classical/dreamer__arousal__loso_stimulus_seen/alpha_logistic,20260530,12,2.0,45738,1358.0,0.4885382113997977,0.4668630338733431,0.3752608396176301,0.3625774588745313,,
classical/dreamer__arousal__loso_stimulus_seen/alpha_logistic,20260530,13,2.0,45810,1187.0,0.4666979948095608,0.4709351305812974,0.4012292922412575,0.4038109899575552,,
classical/dreamer__arousal__loso_stimulus_seen/alpha_logistic,20260530,14,2.0,42660,1183.0,0.562655667600913,0.5891800507185122,0.5443682598855013,0.5592249991643701,,
classical/dreamer__arousal__loso_stimulus_seen/alpha_logistic,20260530,15,2.0,45738,1358.0,0.5290340990155514,0.6892488954344624,0.5290689456816501,0.6718556180623136,,
classical/dreamer__arousal__loso_stimulus_seen/alpha_logistic,20260530,16,2.0,45810,1187.0,0.4779885381205456,0.573715248525695,0.4729573677966458,0.6001180843236732,,
classical/dreamer__arousal__loso_stimulus_seen/alpha_logistic,20260530,17,2.0,42660,1183.0,0.136239128550377,0.1496196111580727,0.1319033530571992,0.1447974343968882,,
classical/dreamer__arousal__loso_stimulus_seen/alpha_logistic,20260530,18,2.0,45738,1358.0,0.6837514234585977,0.6826215022091311,0.6710217695188515,0.6706578563364114,,
classical/dreamer__arousal__loso_stimulus_seen/alpha_logistic,20260530,19,2.0,45810,1187.0,0.4778517956128105,0.2561078348778433,0.2416312307671157,0.1838130863004905,,
classical/dreamer__arousal__loso_stimulus_seen/alpha_logistic,20260530,20,2.0,42660,1183.0,0.7354942693409743,0.6280642434488588,0.5451844706342882,0.6946962984245334,,
classical/dreamer__arousal__loso_stimulus_seen/alpha_logistic,20260530,21,2.0,45738,1358.0,0.4430098996887864,0.2614138438880707,0.2569717844636986,0.2991078910034567,,
classical/dreamer__arousal__loso_stimulus_seen/alpha_logistic,20260530,22,2.0,45810,1187.0,0.3951801328723316,0.6234203875315922,0.4099144436054018,0.6655833260380248,,
classical/dreamer__arousal__loso_stimulus_seen/alpha_logistic,20260530,23,2.0,42660,1183.0,0.5031725851657084,0.4530853761622992,0.3294338217578903,0.299494567443437,,
classical/dreamer__arousal__loso_stimulus_seen/spectral_logistic,20260530,1,2.0,45810,1187.0,0.5872539782244557,0.3150800336983993,0.315062533136778,0.3127203746397869,,
classical/dreamer__arousal__loso_stimulus_seen/spectral_logistic,20260530,2,2.0,42660,1183.0,0.355258358662614,0.3939137785291631,0.2892322852955447,0.3198988901415166,,
classical/dreamer__arousal__loso_stimulus_seen/spectral_logistic,20260530,3,2.0,45738,1358.0,0.7234522590190053,0.6656848306332842,0.6462892417844686,0.6866662223439528,,
classical/dreamer__arousal__loso_stimulus_seen/spectral_logistic,20260530,4,2.0,45810,1187.0,0.801043269360542,0.8626790227464195,0.7900972590627763,0.8650706854465969,,
classical/dreamer__arousal__loso_stimulus_seen/spectral_logistic,20260530,5,2.0,42660,1183.0,0.3584526152846523,0.3465765004226542,0.3426006002767743,0.3589795802255623,,
classical/dreamer__arousal__loso_stimulus_seen/spectral_logistic,20260530,6,2.0,45738,1358.0,0.4891973238637834,0.4418262150220913,0.4412396294052636,0.436173662714479,,
classical/dreamer__arousal__loso_stimulus_seen/spectral_logistic,20260530,7,2.0,45810,1187.0,0.4751164154160292,0.3133951137320977,0.2787927855795087,0.2161093372723185,,
classical/dreamer__arousal__loso_stimulus_seen/spectral_logistic,20260530,8,2.0,42660,1183.0,0.4972825298232374,0.6348267117497887,0.4646385920804525,0.699635980709326,,
classical/dreamer__arousal__loso_stimulus_seen/spectral_logistic,20260530,9,2.0,45738,1358.0,0.4882133150579477,0.4734904270986745,0.4055830394316929,0.5529376322776922,,
classical/dreamer__arousal__loso_stimulus_seen/spectral_logistic,20260530,10,2.0,45810,1187.0,0.3960409982611251,0.5046335299073293,0.4013688760806916,0.538566337047117,,
classical/dreamer__arousal__loso_stimulus_seen/spectral_logistic,20260530,11,2.0,42660,1183.0,0.4612235611896522,0.4395604395604395,0.429899409277548,0.4211793884377952,,
classical/dreamer__arousal__loso_stimulus_seen/spectral_logistic,20260530,12,2.0,45738,1358.0,0.4994355566672829,0.4756995581737849,0.3626178327993777,0.3483837694655362,,
classical/dreamer__arousal__loso_stimulus_seen/spectral_logistic,20260530,13,2.0,45810,1187.0,0.3504951928810345,0.3487784330244313,0.3373327083783212,0.3362321579315798,,
classical/dreamer__arousal__loso_stimulus_seen/spectral_logistic,20260530,14,2.0,42660,1183.0,0.5223164494784593,0.5316990701606086,0.5217055598694543,0.5288938742894074,,
classical/dreamer__arousal__loso_stimulus_seen/spectral_logistic,20260530,15,2.0,45738,1358.0,0.4614780995862462,0.687039764359352,0.4268272457417976,0.6276032437133751,,
classical/dreamer__arousal__loso_stimulus_seen/spectral_logistic,20260530,16,2.0,45810,1187.0,0.5522335970218707,0.3445661331086773,0.3411878345832049,0.3151550635927998,,
classical/dreamer__arousal__loso_stimulus_seen/spectral_logistic,20260530,17,2.0,42660,1183.0,0.4297379294403189,0.4387151310228233,0.42891126194506,0.436691106439027,,
classical/dreamer__arousal__loso_stimulus_seen/spectral_logistic,20260530,18,2.0,45738,1358.0,0.6300775446017027,0.6310751104565537,0.6196863056817477,0.6200740096740815,,
classical/dreamer__arousal__loso_stimulus_seen/spectral_logistic,20260530,19,2.0,45810,1187.0,0.5401288236878842,0.6680707666385847,0.5384732288064674,0.6734277395855403,,
classical/dreamer__arousal__loso_stimulus_seen/spectral_logistic,20260530,20,2.0,42660,1183.0,0.6684750547783583,0.7472527472527473,0.5918284215470079,0.785789463626362,,
classical/dreamer__arousal__loso_stimulus_seen/spectral_logistic,20260530,21,2.0,45738,1358.0,0.4510953496341011,0.2268041237113402,0.2263191478278987,0.2405260884134193,,
classical/dreamer__arousal__loso_stimulus_seen/spectral_logistic,20260530,22,2.0,45810,1187.0,0.4068920146796785,0.5307497893850042,0.4012678116213047,0.601824135874861,,
classical/dreamer__arousal__loso_stimulus_seen/spectral_logistic,20260530,23,2.0,42660,1183.0,0.5038154815221474,0.4547759932375317,0.3384890673643856,0.309651785343424,,
classical/dreamer__arousal__loso_stimulus_seen/spectral_svm,20260530,1,2.0,45810,1187.0,0.5892640284757119,0.3184498736310025,0.3184479387351708,0.3176710780587533,,
classical/dreamer__arousal__loso_stimulus_seen/spectral_svm,20260530,2,2.0,42660,1183.0,0.355450861195542,0.3939137785291631,0.2903098683467413,0.3207950897057283,,
classical/dreamer__arousal__loso_stimulus_seen/spectral_svm,20260530,3,2.0,45738,1358.0,0.7217138955274838,0.6701030927835051,0.6488622931442081,0.6909623211717969,,
classical/dreamer__arousal__loso_stimulus_seen/spectral_svm,20260530,4,2.0,45810,1187.0,0.7890877353991776,0.8382476832350463,0.764256100891239,0.8444785533271564,,
classical/dreamer__arousal__loso_stimulus_seen/spectral_svm,20260530,5,2.0,42660,1183.0,0.3584159866480657,0.345731191885038,0.3420070021730882,0.3578661920700431,,
classical/dreamer__arousal__loso_stimulus_seen/spectral_svm,20260530,6,2.0,45738,1358.0,0.4833812223343947,0.4366715758468336,0.4361062033365629,0.4311098881295203,,
classical/dreamer__arousal__loso_stimulus_seen/spectral_svm,20260530,7,2.0,45810,1187.0,0.4762906780060785,0.3117101937657961,0.2747390896275273,0.209763753623331,,
classical/dreamer__arousal__loso_stimulus_seen/spectral_svm,20260530,8,2.0,42660,1183.0,0.4996734682030592,0.6331360946745562,0.4651408450704225,0.6985098117150788,,
classical/dreamer__arousal__loso_stimulus_seen/spectral_svm,20260530,9,2.0,45738,1358.0,0.4926773283514131,0.4690721649484536,0.4045580181895029,0.5483076606322655,,
classical/dreamer__arousal__loso_stimulus_seen/spectral_svm,20260530,10,2.0,45810,1187.0,0.3869343554325553,0.5029486099410277,0.3941572372746462,0.5358239352795765,,
classical/dreamer__arousal__loso_stimulus_seen/spectral_svm,20260530,11,2.0,42660,1183.0,0.458703578115128,0.4378698224852071,0.4291754373362415,0.4208979062697606,,
classical/dreamer__arousal__loso_stimulus_seen/spectral_svm,20260530,12,2.0,45738,1358.0,0.4955529695809633,0.471281296023564,0.3503033113712446,0.3354391221306865,,
classical/dreamer__arousal__loso_stimulus_seen/spectral_svm,20260530,13,2.0,45810,1187.0,0.3470396324669351,0.3454085930918281,0.3350715359409977,0.3340238612297649,,
classical/dreamer__arousal__loso_stimulus_seen/spectral_svm,20260530,14,2.0,42660,1183.0,0.5173798722875553,0.5240912933220625,0.5173314665165096,0.5232704572099597,,
classical/dreamer__arousal__loso_stimulus_seen/spectral_svm,20260530,15,2.0,45738,1358.0,0.4613175916678556,0.6899852724594993,0.4238078680957636,0.627406186059791,,
classical/dreamer__arousal__loso_stimulus_seen/spectral_svm,20260530,16,2.0,45810,1187.0,0.5473476035365287,0.3369839932603201,0.3327998125892326,0.3036440855726119,,
classical/dreamer__arousal__loso_stimulus_seen/spectral_svm,20260530,17,2.0,42660,1183.0,0.4465413620734491,0.4539306846999155,0.446286249210241,0.4530507496795212,,
classical/dreamer__arousal__loso_stimulus_seen/spectral_svm,20260530,18,2.0,45738,1358.0,0.6329016864595195,0.634020618556701,0.6197589288983913,0.6201927445533969,,
classical/dreamer__arousal__loso_stimulus_seen/spectral_svm,20260530,19,2.0,45810,1187.0,0.5379572710277322,0.6647009267059815,0.5360840737511097,0.6708745356478154,,
classical/dreamer__arousal__loso_stimulus_seen/spectral_svm,20260530,20,2.0,42660,1183.0,0.6637978257205461,0.7616229923922232,0.597805329706895,0.7954714101126353,,
classical/dreamer__arousal__loso_stimulus_seen/spectral_svm,20260530,21,2.0,45738,1358.0,0.4570426733384342,0.2371134020618556,0.2361591000401767,0.2559608669900137,,
classical/dreamer__arousal__loso_stimulus_seen/spectral_svm,20260530,22,2.0,45810,1187.0,0.3951122806603495,0.5408593091828138,0.3981542211492392,0.6092491178079006,,
classical/dreamer__arousal__loso_stimulus_seen/spectral_svm,20260530,23,2.0,42660,1183.0,0.5079993643271982,0.4590025359256128,0.3441805028134268,0.315648967312823,,
classical/dreamer__arousal__segment_random/alpha_logistic,20260530,1,2.0,54876,17149.0,0.5406030207143112,0.5381071782611231,0.5374548769668379,0.5367326862481653,,
classical/dreamer__arousal__segment_random/alpha_logistic,20260530,2,2.0,54876,17149.0,0.5431593952271218,0.5410228001632749,0.5406416220652195,0.5400914601544636,,
classical/dreamer__arousal__segment_random/alpha_logistic,20260530,3,2.0,54876,17149.0,0.5463339389062665,0.5434136101230392,0.5423800337297591,0.5414758129096255,,
classical/dreamer__arousal__segment_random/alpha_logistic,20260530,4,2.0,54876,17149.0,0.5465977444935659,0.5441133593795556,0.5434874339639355,0.5427846232216724,,
classical/dreamer__arousal__segment_random/alpha_logistic,20260530,5,2.0,54876,17148.0,0.5434390527777175,0.5414042453930488,0.5410882161379771,0.5405867830532631,,
classical/dreamer__arousal__segment_random/spectral_logistic,20260530,1,2.0,54876,17149.0,0.6021272605674084,0.6007930491573853,0.6007731738956743,0.6006560576841043,,
classical/dreamer__arousal__segment_random/spectral_logistic,20260530,2,2.0,54876,17149.0,0.5975336684571712,0.596944428246545,0.5968985254689609,0.5970773707171434,,
classical/dreamer__arousal__segment_random/spectral_logistic,20260530,3,2.0,54876,17149.0,0.6026446530564129,0.601959297918246,0.601930048551724,0.6020719179281199,,
classical/dreamer__arousal__segment_random/spectral_logistic,20260530,4,2.0,54876,17149.0,0.6019459947098817,0.6012012362236865,0.6011810517307152,0.6012990152019329,,
classical/dreamer__arousal__segment_random/spectral_logistic,20260530,5,2.0,54876,17148.0,0.5977092478381477,0.5965710286913926,0.59656860854677,0.5965274660881855,,
classical/dreamer__arousal__segment_random/spectral_svm,20260530,1,2.0,54876,17149.0,0.6037091539721298,0.6023091725465042,0.602279948889944,0.6021382042156076,,
classical/dreamer__arousal__segment_random/spectral_svm,20260530,2,2.0,54876,17149.0,0.5996022982941145,0.5989270511400082,0.5988967714730706,0.5990416667920399,,
classical/dreamer__arousal__segment_random/spectral_svm,20260530,3,2.0,54876,17149.0,0.6032796626166065,0.6024841098606333,0.602470046387079,0.6025683528247672,,
classical/dreamer__arousal__segment_random/spectral_svm,20260530,4,2.0,54876,17149.0,0.6022450956372234,0.6013761735378156,0.6013693405633971,0.6014379590248112,,
classical/dreamer__arousal__segment_random/spectral_svm,20260530,5,2.0,54876,17148.0,0.5987485533179224,0.5975623979472825,0.597557305380082,0.5974976972984241,,
classical/dreamer__arousal__strict_loso/alpha_logistic,20260530,1,2.0,63376,3728.0,0.5241421249239857,0.4007510729613734,0.3894134276447369,0.3584357668189664,,
classical/dreamer__arousal__strict_loso/alpha_logistic,20260530,2,2.0,63376,3728.0,0.51308072594713,0.4715665236051502,0.4545748910881677,0.4391326475544966,,
classical/dreamer__arousal__strict_loso/alpha_logistic,20260530,3,2.0,63376,3728.0,0.4948317903857426,0.4662017167381974,0.3614396563091867,0.344511217405426,,
classical/dreamer__arousal__strict_loso/alpha_logistic,20260530,4,2.0,63376,3728.0,0.5818181818181818,0.6335836909871244,0.5803296413502109,0.6363907568565401,,
classical/dreamer__arousal__strict_loso/alpha_logistic,20260530,5,2.0,63376,3728.0,0.4954347583565363,0.4927575107296137,0.4925521288357146,0.4935379619264302,,
classical/dreamer__arousal__strict_loso/alpha_logistic,20260530,6,2.0,63376,3728.0,0.4861249109488025,0.5799356223175965,0.4842143318324606,0.569803231668485,,
classical/dreamer__arousal__strict_loso/alpha_logistic,20260530,7,2.0,63376,3728.0,0.5537372030120216,0.5177038626609443,0.5159563159743406,0.5099491242391402,,
classical/dreamer__arousal__strict_loso/alpha_logistic,20260530,8,2.0,63376,3728.0,0.4415985888579409,0.4372317596566523,0.4172692894678571,0.4648899067588093,,
classical/dreamer__arousal__strict_loso/alpha_logistic,20260530,9,2.0,63376,3728.0,0.5056290064102564,0.3108905579399141,0.276835441499126,0.2074623489225885,,
classical/dreamer__arousal__strict_loso/alpha_logistic,20260530,10,2.0,63376,3728.0,0.5232004098840436,0.4455472103004292,0.4187120272550966,0.3898332160377725,,
classical/dreamer__arousal__strict_loso/alpha_logistic,20260530,11,2.0,63376,3728.0,0.512090393492044,0.4640557939914163,0.4174939868936335,0.3950524328085541,,
classical/dreamer__arousal__strict_loso/alpha_logistic,20260530,12,2.0,63376,3728.0,0.4528157335590527,0.4519849785407725,0.4512220665636164,0.4508488434381011,,
classical/dreamer__arousal__strict_loso/alpha_logistic,20260530,13,2.0,63376,3728.0,0.364050782649741,0.3640021459227467,0.3639581657164991,0.3639326288225489,,
classical/dreamer__arousal__strict_loso/alpha_logistic,20260530,14,2.0,63376,3728.0,0.4924058389488728,0.4037017167381974,0.3509293339645983,0.3094263123289172,,
classical/dreamer__arousal__strict_loso/alpha_logistic,20260530,15,2.0,63376,3728.0,0.4766461767988388,0.4533261802575107,0.3940497165992419,0.3812386798566315,,
classical/dreamer__arousal__strict_loso/alpha_logistic,20260530,16,2.0,63376,3728.0,0.4948550628057787,0.5380901287553648,0.378298652202562,0.407889666379007,,
classical/dreamer__arousal__strict_loso/alpha_logistic,20260530,17,2.0,63376,3728.0,0.3386063219947389,0.345225321888412,0.3284624239441585,0.3730306721287103,,
classical/dreamer__arousal__strict_loso/alpha_logistic,20260530,18,2.0,63376,3728.0,0.4873729560456046,0.4659334763948498,0.4609345285600666,0.4540279042535139,,
classical/dreamer__arousal__strict_loso/alpha_logistic,20260530,19,2.0,63376,3728.0,0.4976776260863597,0.3546137339055794,0.3441900334895947,0.4002118787040145,,
classical/dreamer__arousal__strict_loso/alpha_logistic,20260530,20,2.0,63376,3728.0,0.5439539045891254,0.4814914163090129,0.4729348461373783,0.4567223973911234,,
classical/dreamer__arousal__strict_loso/alpha_logistic,20260530,21,2.0,63376,3728.0,0.4195736901641014,0.3454935622317596,0.3444603951548276,0.3346871930757404,,
classical/dreamer__arousal__strict_loso/alpha_logistic,20260530,22,2.0,63376,3728.0,0.5048354518409768,0.5584763948497854,0.5019427864960755,0.5459633828097127,,
classical/dreamer__arousal__strict_loso/alpha_logistic,20260530,23,2.0,63376,3728.0,0.495273275772321,0.3208154506437768,0.2732220561527111,0.2008840875866259,,
classical/dreamer__arousal__strict_loso/spectral_logistic,20260530,1,2.0,63376,3728.0,0.5885814906143287,0.5187768240343348,0.5182942165332043,0.5239709895126037,,
classical/dreamer__arousal__strict_loso/spectral_logistic,20260530,2,2.0,63376,3728.0,0.5105152144917646,0.4519849785407725,0.4042762280270121,0.3772337324751364,,
classical/dreamer__arousal__strict_loso/spectral_logistic,20260530,3,2.0,63376,3728.0,0.5051069310662584,0.4919527896995708,0.477211939960794,0.4714663052383315,,
classical/dreamer__arousal__strict_loso/spectral_logistic,20260530,4,2.0,63376,3728.0,0.6204838080374562,0.5464055793991416,0.5458447960902606,0.5518293385774028,,
classical/dreamer__arousal__strict_loso/spectral_logistic,20260530,5,2.0,63376,3728.0,0.5308195936429432,0.5246781115879828,0.5246057317182344,0.5240392805636824,,
classical/dreamer__arousal__strict_loso/spectral_logistic,20260530,6,2.0,63376,3728.0,0.4639121289420785,0.5168991416309013,0.4632108572928418,0.5286021857995877,,
classical/dreamer__arousal__strict_loso/spectral_logistic,20260530,7,2.0,63376,3728.0,0.4809638180412841,0.4152360515021459,0.3858100526234329,0.358042872308961,,
classical/dreamer__arousal__strict_loso/spectral_logistic,20260530,8,2.0,63376,3728.0,0.4609581766122652,0.5380901287553648,0.4609841707946106,0.5509958068253918,,
classical/dreamer__arousal__strict_loso/spectral_logistic,20260530,9,2.0,63376,3728.0,0.5648809523809524,0.5769849785407726,0.5418046831495387,0.5979296848966379,,
classical/dreamer__arousal__strict_loso/spectral_logistic,20260530,10,2.0,63376,3728.0,0.5289856130092574,0.5415772532188842,0.5267905122387206,0.54613219770898,,
classical/dreamer__arousal__strict_loso/spectral_logistic,20260530,11,2.0,63376,3728.0,0.4729045331644174,0.4734442060085836,0.4709690095951271,0.4758999891168367,,
classical/dreamer__arousal__strict_loso/spectral_logistic,20260530,12,2.0,63376,3728.0,0.5045287820944682,0.5010729613733905,0.4843169919086149,0.4826214473794412,,
classical/dreamer__arousal__strict_loso/spectral_logistic,20260530,13,2.0,63376,3728.0,0.5874236382239888,0.5871781115879828,0.586224175304918,0.5861282487513136,,
classical/dreamer__arousal__strict_loso/spectral_logistic,20260530,14,2.0,63376,3728.0,0.493991403042392,0.3902896995708154,0.3042482127202606,0.2493811776271532,,
classical/dreamer__arousal__strict_loso/spectral_logistic,20260530,15,2.0,63376,3728.0,0.4188543407486222,0.4152360515021459,0.4148640362965389,0.4138667189368262,,
classical/dreamer__arousal__strict_loso/spectral_logistic,20260530,16,2.0,63376,3728.0,0.5226609823654835,0.51931330472103,0.5192268221819405,0.519832199955567,,
classical/dreamer__arousal__strict_loso/spectral_logistic,20260530,17,2.0,63376,3728.0,0.3569104290301939,0.4007510729613734,0.3593220547599559,0.4277585974850822,,
classical/dreamer__arousal__strict_loso/spectral_logistic,20260530,18,2.0,63376,3728.0,0.5384132163216322,0.5713519313304721,0.5227207687557422,0.542990564249075,,
classical/dreamer__arousal__strict_loso/spectral_logistic,20260530,19,2.0,63376,3728.0,0.5157388788646148,0.4018240343347639,0.3814868646756255,0.4574804897628795,,
classical/dreamer__arousal__strict_loso/spectral_logistic,20260530,20,2.0,63376,3728.0,0.4962411323241227,0.5383583690987125,0.4945960774582843,0.5304995072453265,,
classical/dreamer__arousal__strict_loso/spectral_logistic,20260530,21,2.0,63376,3728.0,0.424403986468737,0.3556866952789699,0.3553274817425761,0.3496127209363099,,
classical/dreamer__arousal__strict_loso/spectral_logistic,20260530,22,2.0,63376,3728.0,0.4823848858323996,0.434549356223176,0.4327836289726533,0.4244813152658692,,
classical/dreamer__arousal__strict_loso/spectral_logistic,20260530,23,2.0,63376,3728.0,0.4841768256393718,0.3084763948497854,0.2569169129233334,0.1807852950074928,,
classical/dreamer__arousal__strict_loso/spectral_svm,20260530,1,2.0,63376,3728.0,0.5933588607552642,0.5262875536480687,0.5254987430521921,0.5327018292829592,,
classical/dreamer__arousal__strict_loso/spectral_svm,20260530,2,2.0,63376,3728.0,0.5068448595977365,0.4495708154506437,0.4042724978973928,0.3779219201767273,,
classical/dreamer__arousal__strict_loso/spectral_svm,20260530,3,2.0,63376,3728.0,0.5099158518354081,0.4965128755364807,0.4812727345375492,0.475453337974577,,
classical/dreamer__arousal__strict_loso/spectral_svm,20260530,4,2.0,63376,3728.0,0.6147873585641825,0.5388948497854077,0.5385287736501563,0.5434028159080762,,
classical/dreamer__arousal__strict_loso/spectral_svm,20260530,5,2.0,63376,3728.0,0.5293164397506636,0.5228004291845494,0.5226726311427962,0.5219184131914657,,
classical/dreamer__arousal__strict_loso/spectral_svm,20260530,6,2.0,63376,3728.0,0.4667188469509005,0.5214592274678111,0.4661454052276837,0.5323376125083695,,
classical/dreamer__arousal__strict_loso/spectral_svm,20260530,7,2.0,63376,3728.0,0.4806165823530313,0.4152360515021459,0.3862625590135059,0.3587198562773913,,
classical/dreamer__arousal__strict_loso/spectral_svm,20260530,8,2.0,63376,3728.0,0.4608325137540947,0.5362124463519313,0.4606982838545547,0.5497995823998464,,
classical/dreamer__arousal__strict_loso/spectral_svm,20260530,9,2.0,63376,3728.0,0.565676510989011,0.569206008583691,0.5384737298940685,0.5911211262355422,,
classical/dreamer__arousal__strict_loso/spectral_svm,20260530,10,2.0,63376,3728.0,0.5275899395968359,0.5405042918454935,0.5254965759340903,0.545008870226141,,
classical/dreamer__arousal__strict_loso/spectral_svm,20260530,11,2.0,63376,3728.0,0.4737238928087555,0.4734442060085836,0.4713792813262644,0.475881348873982,,
classical/dreamer__arousal__strict_loso/spectral_svm,20260530,12,2.0,63376,3728.0,0.5083939378235358,0.5045600858369099,0.4837201187105059,0.4818281056736628,,
classical/dreamer__arousal__strict_loso/spectral_svm,20260530,13,2.0,63376,3728.0,0.5448356054184661,0.5439914163090128,0.5300545313521907,0.5296637775683546,,
classical/dreamer__arousal__strict_loso/spectral_svm,20260530,14,2.0,63376,3728.0,0.4934950051094439,0.3892167381974249,0.3015143739257232,0.2460115907832988,,
classical/dreamer__arousal__strict_loso/spectral_svm,20260530,15,2.0,63376,3728.0,0.4191960955525614,0.4168454935622318,0.4168213238036906,0.4165675413390083,,
classical/dreamer__arousal__strict_loso/spectral_svm,20260530,16,2.0,63376,3728.0,0.5196321232705872,0.5171673819742489,0.5169221235615071,0.5179440336145977,,
classical/dreamer__arousal__strict_loso/spectral_svm,20260530,17,2.0,63376,3728.0,0.362024870981304,0.401019313304721,0.362801625637275,0.4283535411763993,,
classical/dreamer__arousal__strict_loso/spectral_svm,20260530,18,2.0,63376,3728.0,0.5372670079507951,0.5705472103004292,0.5209996354044655,0.5414963803155565,,
classical/dreamer__arousal__strict_loso/spectral_svm,20260530,19,2.0,63376,3728.0,0.5145246143965366,0.3975321888412017,0.378281345042579,0.4524088319866656,,
classical/dreamer__arousal__strict_loso/spectral_svm,20260530,20,2.0,63376,3728.0,0.5142371812190479,0.5434549356223176,0.5142573584958815,0.5430077079639258,,
classical/dreamer__arousal__strict_loso/spectral_svm,20260530,21,2.0,63376,3728.0,0.4266991813693166,0.3623927038626609,0.3623155741494698,0.3596818766258707,,
classical/dreamer__arousal__strict_loso/spectral_svm,20260530,22,2.0,63376,3728.0,0.4795326662287988,0.4313304721030043,0.4294149990527984,0.420742162742144,,
classical/dreamer__arousal__strict_loso/spectral_svm,20260530,23,2.0,63376,3728.0,0.4835447193180034,0.3079399141630901,0.256340432638557,0.1801497521797251,,
classical/dreamer__arousal__trial_within_subject/alpha_logistic,20260530,1,2.0,55257,17166.0,0.4279851179872939,0.429744844459979,0.427929478024259,0.4305276860356721,,
classical/dreamer__arousal__trial_within_subject/alpha_logistic,20260530,2,2.0,54179,17142.0,0.4259548236507586,0.4326799673316999,0.4256761453075686,0.4318770991968682,,
classical/dreamer__arousal__trial_within_subject/alpha_logistic,20260530,3,2.0,54062,17169.0,0.4191592362544963,0.4194187197856602,0.4188157798148986,0.4189869580706121,,
classical/dreamer__arousal__trial_within_subject/alpha_logistic,20260530,4,2.0,56018,17102.0,0.4634897686273656,0.4621681674657935,0.4603890282074883,0.4648423116055679,,
classical/dreamer__arousal__trial_within_subject/alpha_logistic,20260530,5,2.0,54223,17165.0,0.4644627088237251,0.466996795805418,0.4644745752560274,0.4671359675674812,,
classical/dreamer__arousal__trial_within_subject/spectral_logistic,20260530,1,2.0,55257,17166.0,0.4725129075021835,0.4722125131073051,0.471588292303825,0.4730525661885986,,
classical/dreamer__arousal__trial_within_subject/spectral_logistic,20260530,2,2.0,54179,17142.0,0.4507865311938679,0.4536810173842025,0.4506991108850741,0.4546560984484464,,
classical/dreamer__arousal__trial_within_subject/spectral_logistic,20260530,3,2.0,54062,17169.0,0.4961944416119113,0.4966509406488438,0.4951536972723978,0.4954051060532556,,
classical/dreamer__arousal__trial_within_subject/spectral_logistic,20260530,4,2.0,56018,17102.0,0.526699000518928,0.525844930417495,0.5235263295714518,0.528303463586183,,
classical/dreamer__arousal__trial_within_subject/spectral_logistic,20260530,5,2.0,54223,17165.0,0.5197474599253717,0.5208272647829887,0.5195004250526203,0.5213288749249572,,
classical/dreamer__arousal__trial_within_subject/spectral_svm,20260530,1,2.0,55257,17166.0,0.4756527088590127,0.4751252475824304,0.4745936997576955,0.4759410664050088,,
classical/dreamer__arousal__trial_within_subject/spectral_svm,20260530,2,2.0,54179,17142.0,0.4546082089811218,0.4579395636448489,0.4545767657056286,0.458764023763677,,
classical/dreamer__arousal__trial_within_subject/spectral_svm,20260530,3,2.0,54062,17169.0,0.4960372710815262,0.4964762071174792,0.4950825901685985,0.4953251598592573,,
classical/dreamer__arousal__trial_within_subject/spectral_svm,20260530,4,2.0,56018,17102.0,0.5281180508191969,0.5267220208162788,0.5246393420700998,0.529161625071962,,
classical/dreamer__arousal__trial_within_subject/spectral_svm,20260530,5,2.0,54223,17165.0,0.5205520259264784,0.5215263617826974,0.520271207242479,0.5220481515403051,,
classical/dreamer__valence@exclude_ties__strict_loso/spectral_logistic,20260530,1,2.0,50848,3046.0,0.6195822077631584,0.6441234405778069,0.6191496930233932,0.6338778005554834,,
classical/dreamer__valence@exclude_ties__strict_loso/spectral_logistic,20260530,2,2.0,51450,3343.0,0.5176923859019329,0.5384385282680227,0.5145216250034705,0.5458843566428361,,
classical/dreamer__valence@exclude_ties__strict_loso/spectral_logistic,20260530,3,2.0,52472,2780.0,0.6424099529821362,0.6701438848920863,0.6402804707738995,0.6722689967581745,,
classical/dreamer__valence@exclude_ties__strict_loso/spectral_logistic,20260530,4,2.0,51085,2558.0,0.6478824409392931,0.7314308053166536,0.6561340206689881,0.7080932053966169,,
classical/dreamer__valence@exclude_ties__strict_loso/spectral_logistic,20260530,5,2.0,50419,2798.0,0.557276634971507,0.5578984989278056,0.5560816713294991,0.5563861675750255,,
classical/dreamer__valence@exclude_ties__strict_loso/spectral_logistic,20260530,6,2.0,50697,3023.0,0.4853469801302471,0.5170360568971221,0.4647288995311869,0.4858178169453893,,
classical/dreamer__valence@exclude_ties__strict_loso/spectral_logistic,20260530,7,2.0,50464,3297.0,0.6066978193146417,0.5462541704579921,0.5372860787081755,0.5230426388702313,,
classical/dreamer__valence@exclude_ties__strict_loso/spectral_logistic,20260530,8,2.0,51338,2258.0,0.5610164149453685,0.5558015943312666,0.5555567330061983,0.5568041397565462,,
classical/dreamer__valence@exclude_ties__strict_loso/spectral_logistic,20260530,9,2.0,51288,2471.0,0.4853068391485549,0.5139619587211656,0.4821990554668516,0.5249128943202835,,
classical/dreamer__valence@exclude_ties__strict_loso/spectral_logistic,20260530,10,2.0,49924,3289.0,0.5469977615866872,0.6467011249619945,0.5479894388652031,0.6352693226684168,,
classical/dreamer__valence@exclude_ties__strict_loso/spectral_logistic,20260530,11,2.0,49588,3039.0,0.5121239333450247,0.4935834155972359,0.4907168120518271,0.4857254014924968,,
classical/dreamer__valence@exclude_ties__strict_loso/spectral_logistic,20260530,12,2.0,49837,3075.0,0.5089979137223232,0.4214634146341463,0.3846624809718563,0.3486934833099105,,
classical/dreamer__valence@exclude_ties__strict_loso/spectral_logistic,20260530,13,2.0,51238,3154.0,0.5600912402817523,0.6838934686112873,0.540715056170257,0.6260854894826259,,
classical/dreamer__valence@exclude_ties__strict_loso/spectral_logistic,20260530,14,2.0,50772,2787.0,0.6299662668665666,0.5949049156799426,0.5930531781777736,0.587882102706291,,
classical/dreamer__valence@exclude_ties__strict_loso/spectral_logistic,20260530,15,2.0,49704,2849.0,0.479943367869975,0.4994734994734994,0.4674138066647439,0.480301894904029,,
classical/dreamer__valence@exclude_ties__strict_loso/spectral_logistic,20260530,16,2.0,50753,3558.0,0.5484798578672097,0.5890949971894323,0.5472226477633557,0.5781044729408132,,
classical/dreamer__valence@exclude_ties__strict_loso/spectral_logistic,20260530,17,2.0,50948,3225.0,0.5504389701000381,0.5882170542635659,0.5454711401555256,0.5711014000807713,,
classical/dreamer__valence@exclude_ties__strict_loso/spectral_logistic,20260530,18,2.0,50111,3398.0,0.7026741213139713,0.6883460859329017,0.6873789331180435,0.6906437135195227,,
classical/dreamer__valence@exclude_ties__strict_loso/spectral_logistic,20260530,19,2.0,50258,3028.0,0.5570086975590106,0.5254293262879789,0.5240501344586623,0.5315130006761909,,
classical/dreamer__valence@exclude_ties__strict_loso/spectral_logistic,20260530,20,2.0,51740,3026.0,0.6824360926755202,0.686384666226041,0.679324405434907,0.6881929735556187,,
classical/dreamer__valence@exclude_ties__strict_loso/spectral_logistic,20260530,21,2.0,50234,3030.0,0.5774577135612613,0.5983498349834984,0.5568733355756984,0.5677905587207934,,
classical/dreamer__valence@exclude_ties__strict_loso/spectral_logistic,20260530,22,2.0,51768,2334.0,0.4543041699855925,0.4224507283633247,0.4165865598575878,0.4062616135996238,,
classical/dreamer__valence@exclude_ties__strict_loso/spectral_logistic,20260530,23,2.0,51386,3402.0,0.6161316411596367,0.615814226925338,0.6145737540150247,0.6144580622410059,,
classical/dreamer__valence@tie_high__strict_loso/spectral_logistic,20260530,1,2.0,63376,3728.0,0.5039019137958142,0.5608905579399142,0.5033428353067148,0.5551312507890739,,
classical/dreamer__valence@tie_high__strict_loso/spectral_logistic,20260530,2,2.0,63376,3728.0,0.5441110842192878,0.5265557939914163,0.5262481514993312,0.5243440063904257,,
classical/dreamer__valence@tie_high__strict_loso/spectral_logistic,20260530,3,2.0,63376,3728.0,0.59769575045871,0.6936695278969958,0.5980900342306044,0.6930386401500229,,
classical/dreamer__valence@tie_high__strict_loso/spectral_logistic,20260530,4,2.0,63376,3728.0,0.5680290236731736,0.5378218884120172,0.500026114316569,0.4873414837908769,,
classical/dreamer__valence@tie_high__strict_loso/spectral_logistic,20260530,5,2.0,63376,3728.0,0.3710927519471295,0.3894849785407725,0.3722336242958377,0.3973569557205,,
classical/dreamer__valence@tie_high__strict_loso/spectral_logistic,20260530,6,2.0,63376,3728.0,0.4617765745694412,0.5405042918454935,0.4504674894885535,0.5152653472484189,,
classical/dreamer__valence@tie_high__strict_loso/spectral_logistic,20260530,7,2.0,63376,3728.0,0.5667046124389717,0.5415772532188842,0.5058048126838596,0.4951765103115391,,
classical/dreamer__valence@tie_high__strict_loso/spectral_logistic,20260530,8,2.0,63376,3728.0,0.5267508489120531,0.5171673819742489,0.4913428838942226,0.5448364870599914,,
classical/dreamer__valence@tie_high__strict_loso/spectral_logistic,20260530,9,2.0,63376,3728.0,0.427670905881409,0.5152896995708155,0.4253293215128457,0.5521887020962878,,
classical/dreamer__valence@tie_high__strict_loso/spectral_logistic,20260530,10,2.0,63376,3728.0,0.5469327287490694,0.6877682403433476,0.5482058970514743,0.6693126022825497,,
classical/dreamer__valence@tie_high__strict_loso/spectral_logistic,20260530,11,2.0,63376,3728.0,0.4987588251988022,0.5123390557939914,0.4892889006775819,0.4977871901901975,,
classical/dreamer__valence@tie_high__strict_loso/spectral_logistic,20260530,12,2.0,63376,3728.0,0.5005857273644607,0.3983369098712446,0.3936142247176035,0.3736899481423638,,
classical/dreamer__valence@tie_high__strict_loso/spectral_logistic,20260530,13,2.0,63376,3728.0,0.582867283897992,0.7183476394849786,0.5863358085832995,0.688134105536921,,
classical/dreamer__valence@tie_high__strict_loso/spectral_logistic,20260530,14,2.0,63376,3728.0,0.5653700947873268,0.4431330472103004,0.4387351618135041,0.4191978891113724,,
classical/dreamer__valence@tie_high__strict_loso/spectral_logistic,20260530,15,2.0,63376,3728.0,0.4841652893050269,0.4627145922746781,0.461020594107116,0.456173651981747,,
classical/dreamer__valence@tie_high__strict_loso/spectral_logistic,20260530,16,2.0,63376,3728.0,0.5328851565508457,0.6005901287553648,0.4732452117768914,0.5168745668573503,,
classical/dreamer__valence@tie_high__strict_loso/spectral_logistic,20260530,17,2.0,63376,3728.0,0.4791616690247376,0.482832618025751,0.4686052312736084,0.4707043539091705,,
classical/dreamer__valence@tie_high__strict_loso/spectral_logistic,20260530,18,2.0,63376,3728.0,0.7366917044842036,0.7282725321888412,0.7278140771879499,0.7268911743103387,,
classical/dreamer__valence@tie_high__strict_loso/spectral_logistic,20260530,19,2.0,63376,3728.0,0.5278615845535776,0.4501072961373391,0.4491916326483544,0.4587217618560759,,
classical/dreamer__valence@tie_high__strict_loso/spectral_logistic,20260530,20,2.0,63376,3728.0,0.6619720238000885,0.6638948497854077,0.6619189782495302,0.6628757160458499,,
classical/dreamer__valence@tie_high__strict_loso/spectral_logistic,20260530,21,2.0,63376,3728.0,0.5271885472457082,0.503755364806867,0.4954606971725374,0.4875824982060403,,
classical/dreamer__valence@tie_high__strict_loso/spectral_logistic,20260530,22,2.0,63376,3728.0,0.4637524082514035,0.4645922746781116,0.4356676289250251,0.4975608874914636,,
classical/dreamer__valence@tie_high__strict_loso/spectral_logistic,20260530,23,2.0,63376,3728.0,0.6036752172479297,0.5874463519313304,0.5814012709092609,0.5767595122673144,,
classical/dreamer__valence__loso_stimulus_heldout/alpha_logistic,20260530,1,2.0,45738,1187.0,0.556175041356493,0.6748104465037911,0.5336854746783912,0.7059314203825929,,
classical/dreamer__valence__loso_stimulus_heldout/alpha_logistic,20260530,2,2.0,45810,1183.0,0.5400806884391292,0.8267117497886729,0.5299085656022904,0.8428149012711255,,
classical/dreamer__valence__loso_stimulus_heldout/alpha_logistic,20260530,3,2.0,42660,1358.0,0.4915370450631425,0.5625920471281296,0.4690508035469806,0.5209087561288106,,
classical/dreamer__valence__loso_stimulus_heldout/alpha_logistic,20260530,4,2.0,45738,1187.0,0.2688939489112227,0.3909014321819714,0.2988949152376214,0.4707117364150935,,
classical/dreamer__valence__loso_stimulus_heldout/alpha_logistic,20260530,5,2.0,45810,1183.0,0.7634927936215885,0.7049873203719358,0.5632021565509573,0.7716726273915948,,
classical/dreamer__valence__loso_stimulus_heldout/alpha_logistic,20260530,6,2.0,42660,1358.0,0.4984676287942229,0.5007363770250368,0.4983327230881891,0.5001738197206682,,
classical/dreamer__valence__loso_stimulus_heldout/alpha_logistic,20260530,7,2.0,45738,1187.0,0.5251624969340201,0.5307497893850042,0.5178712974893771,0.5393133226558078,,
classical/dreamer__valence__loso_stimulus_heldout/alpha_logistic,20260530,8,2.0,45810,1183.0,0.5431855642440969,0.6229923922231615,0.4592349193594673,0.7085185685267805,,
classical/dreamer__valence__loso_stimulus_heldout/alpha_logistic,20260530,9,2.0,42660,1358.0,0.4717472254589651,0.5220913107511046,0.4628462489707532,0.5022553809754216,,
classical/dreamer__valence__loso_stimulus_heldout/alpha_logistic,20260530,11,2.0,45810,1183.0,0.5100121469233837,0.3431952662721893,0.3423663453111306,0.3565566827159223,,
classical/dreamer__valence__loso_stimulus_heldout/alpha_logistic,20260530,12,2.0,42660,1358.0,0.2700324960114574,0.2592047128129602,0.2377171935854657,0.2301777131547659,,
classical/dreamer__valence__loso_stimulus_heldout/alpha_logistic,20260530,13,2.0,45738,1187.0,0.6674107142857143,0.3723673125526537,0.3270591010611785,0.4819602267122285,,
classical/dreamer__valence__loso_stimulus_heldout/alpha_logistic,20260530,14,2.0,45810,1183.0,0.519969092252906,0.3643279797125951,0.3372786002050109,0.2855565649122661,,
classical/dreamer__valence__loso_stimulus_heldout/alpha_logistic,20260530,15,2.0,42660,1358.0,0.5662378204090381,0.4808541973490427,0.4427750024881572,0.410595401197268,,
classical/dreamer__valence__loso_stimulus_heldout/alpha_logistic,20260530,16,2.0,45738,1187.0,0.43871412803532,0.5467565290648694,0.3819144405729772,0.4687725067766985,,
classical/dreamer__valence__loso_stimulus_heldout/alpha_logistic,20260530,17,2.0,45810,1183.0,0.4990599598178902,0.5215553677092138,0.4573218569668676,0.5723740174857138,,
classical/dreamer__valence__loso_stimulus_heldout/alpha_logistic,20260530,18,2.0,42660,1358.0,0.5723364520079081,0.540500736377025,0.5403571730777159,0.5385626318363509,,
classical/dreamer__valence__loso_stimulus_heldout/alpha_logistic,20260530,19,2.0,45738,1187.0,0.4320839465293107,0.3310867733782645,0.2851176606228306,0.2357886791610195,,
classical/dreamer__valence__loso_stimulus_heldout/alpha_logistic,20260530,20,2.0,45810,1183.0,0.7290708371665133,0.5021132713440406,0.4371149177831543,0.5973471774320057,,
classical/dreamer__valence__loso_stimulus_heldout/alpha_logistic,20260530,21,2.0,42660,1358.0,0.3654048417807598,0.4131075110456553,0.3526522199673553,0.3937326828205615,,
classical/dreamer__valence__loso_stimulus_heldout/alpha_logistic,20260530,22,2.0,45738,1187.0,0.5358930878552972,0.5560235888795282,0.5278408657761635,0.5679769507475071,,
classical/dreamer__valence__loso_stimulus_heldout/alpha_logistic,20260530,23,2.0,45810,1183.0,0.6310983900794083,0.5562130177514792,0.523943661971831,0.5992737490028931,,
classical/dreamer__valence__loso_stimulus_heldout/spectral_logistic,20260530,1,2.0,45738,1187.0,0.7936957196029777,0.7068239258635215,0.649795511424909,0.744684125845732,,
classical/dreamer__valence__loso_stimulus_heldout/spectral_logistic,20260530,2,2.0,45810,1183.0,0.4801920423183072,0.8300929839391378,0.4814899615996023,0.8376400596805091,,
classical/dreamer__valence__loso_stimulus_heldout/spectral_logistic,20260530,3,2.0,42660,1358.0,0.5147164376933432,0.5773195876288659,0.5020429544264012,0.5470948788430279,,
classical/dreamer__valence__loso_stimulus_heldout/spectral_logistic,20260530,4,2.0,45738,1187.0,0.4444069304857622,0.6992417860151643,0.4442891182645665,0.6989246807070167,,
classical/dreamer__valence__loso_stimulus_heldout/spectral_logistic,20260530,5,2.0,45810,1183.0,0.8937586246550138,0.830938292476754,0.6904275919819961,0.8651403952320653,,
classical/dreamer__valence__loso_stimulus_heldout/spectral_logistic,20260530,6,2.0,42660,1358.0,0.5532719224787654,0.5655375552282769,0.5338622146926314,0.5403046568354746,,
classical/dreamer__valence__loso_stimulus_heldout/spectral_logistic,20260530,7,2.0,45738,1187.0,0.6039075913662006,0.6731255265374895,0.6036386794726152,0.648798139436306,,
classical/dreamer__valence__loso_stimulus_heldout/spectral_logistic,20260530,8,2.0,45810,1183.0,0.4269683379331493,0.6973795435333897,0.4364147850063343,0.7576769908452311,,
classical/dreamer__valence__loso_stimulus_heldout/spectral_logistic,20260530,9,2.0,42660,1358.0,0.5907041758923339,0.6067746686303387,0.5898320576836494,0.6082479391474421,,
classical/dreamer__valence__loso_stimulus_heldout/spectral_logistic,20260530,11,2.0,45810,1183.0,0.5346323289459372,0.4666103127641589,0.4412564512326111,0.5135954450468289,,
classical/dreamer__valence__loso_stimulus_heldout/spectral_logistic,20260530,12,2.0,42660,1358.0,0.3568630139669729,0.3571428571428571,0.3567155505418248,0.3576922513441845,,
classical/dreamer__valence__loso_stimulus_heldout/spectral_logistic,20260530,13,2.0,45738,1187.0,0.7330357142857142,0.4962089300758214,0.4094350485546748,0.6102546029321857,,
classical/dreamer__valence__loso_stimulus_heldout/spectral_logistic,20260530,14,2.0,45810,1183.0,0.5048545320163945,0.4370245139475909,0.436811631497684,0.4410415132197468,,
classical/dreamer__valence__loso_stimulus_heldout/spectral_logistic,20260530,15,2.0,42660,1358.0,0.3628908129456539,0.3424153166421207,0.342312250016948,0.3404934272197816,,
classical/dreamer__valence__loso_stimulus_heldout/spectral_logistic,20260530,16,2.0,45738,1187.0,0.4802734854059357,0.396798652064027,0.3774998388618372,0.3476744002766348,,
classical/dreamer__valence__loso_stimulus_heldout/spectral_logistic,20260530,17,2.0,45810,1183.0,0.5642959836322415,0.643279797125951,0.5388297675793519,0.6740767862995486,,
classical/dreamer__valence__loso_stimulus_heldout/spectral_logistic,20260530,18,2.0,42660,1358.0,0.7204263683441229,0.6899852724594993,0.6898438309509511,0.691307018970415,,
classical/dreamer__valence__loso_stimulus_heldout/spectral_logistic,20260530,19,2.0,45738,1187.0,0.4283572479764533,0.3597304128053917,0.3477305198373447,0.3236562004045549,,
classical/dreamer__valence__loso_stimulus_heldout/spectral_logistic,20260530,20,2.0,45810,1183.0,0.776166245016866,0.63229078613694,0.5231310691082564,0.7142570047538844,,
classical/dreamer__valence__loso_stimulus_heldout/spectral_logistic,20260530,21,2.0,42660,1358.0,0.6425197207362408,0.6524300441826215,0.640637614596602,0.6541557655854535,,
classical/dreamer__valence__loso_stimulus_heldout/spectral_logistic,20260530,22,2.0,45738,1187.0,0.5091052971576228,0.6251053074978938,0.4929458892057753,0.5830149317051894,,
classical/dreamer__valence__loso_stimulus_heldout/spectral_logistic,20260530,23,2.0,45810,1183.0,0.5536549548569564,0.4395604395604395,0.4268750095907017,0.4786978740693466,,
classical/dreamer__valence__loso_stimulus_heldout/spectral_svm,20260530,1,2.0,45738,1187.0,0.7916356492969396,0.7068239258635215,0.6492245297246622,0.7446646933892586,,
classical/dreamer__valence__loso_stimulus_heldout/spectral_svm,20260530,2,2.0,45810,1183.0,0.4801920423183072,0.8300929839391378,0.4814899615996023,0.8376400596805091,,
classical/dreamer__valence__loso_stimulus_heldout/spectral_svm,20260530,3,2.0,42660,1358.0,0.5274274956028409,0.5876288659793815,0.5174129353233831,0.5602473640633358,,
classical/dreamer__valence__loso_stimulus_heldout/spectral_svm,20260530,4,2.0,45738,1187.0,0.43522560720268,0.6697556866048863,0.4392900868592803,0.6824752072215952,,
classical/dreamer__valence__loso_stimulus_heldout/spectral_svm,20260530,5,2.0,45810,1183.0,0.8965185142594296,0.8360101437024514,0.6958949488524938,0.8688141992837616,,
classical/dreamer__valence__loso_stimulus_heldout/spectral_svm,20260530,6,2.0,42660,1358.0,0.5535851395882501,0.5655375552282769,0.5353759579877155,0.5416523597256357,,
classical/dreamer__valence__loso_stimulus_heldout/spectral_svm,20260530,7,2.0,45738,1187.0,0.6010976207996076,0.6714406065711879,0.6002221132190182,0.6461374292923732,,
classical/dreamer__valence__loso_stimulus_heldout/spectral_svm,20260530,8,2.0,45810,1183.0,0.4445961744863539,0.7210481825866442,0.4493234856007944,0.7733658137752554,,
classical/dreamer__valence__loso_stimulus_heldout/spectral_svm,20260530,9,2.0,42660,1358.0,0.5914065047509811,0.6097201767304861,0.5910716883022435,0.6103632280555978,,
classical/dreamer__valence__loso_stimulus_heldout/spectral_svm,20260530,11,2.0,45810,1183.0,0.5291140904311251,0.4708368554522401,0.4424348742659238,0.5189181119923709,,
classical/dreamer__valence__loso_stimulus_heldout/spectral_svm,20260530,12,2.0,42660,1358.0,0.3479935399757531,0.3497790868924889,0.3480960942218752,0.3500473900718622,,
classical/dreamer__valence__loso_stimulus_heldout/spectral_svm,20260530,13,2.0,45738,1187.0,0.7321428571428572,0.4945240101095198,0.408353824682661,0.6086567060391341,,
classical/dreamer__valence__loso_stimulus_heldout/spectral_svm,20260530,14,2.0,45810,1183.0,0.5080612107773971,0.4404057480980557,0.4401557263608184,0.4447261237175162,,
classical/dreamer__valence__loso_stimulus_heldout/spectral_svm,20260530,15,2.0,42660,1358.0,0.3748988121977192,0.3483063328424153,0.3473858890518543,0.3419715138132602,,
classical/dreamer__valence__loso_stimulus_heldout/spectral_svm,20260530,16,2.0,45738,1187.0,0.4853798749080206,0.392586352148273,0.3648614249720772,0.3287519432063061,,
classical/dreamer__valence__loso_stimulus_heldout/spectral_svm,20260530,17,2.0,45810,1183.0,0.5604137098409305,0.6424344885883347,0.5362860740983735,0.6730037316304969,,
classical/dreamer__valence__loso_stimulus_heldout/spectral_svm,20260530,18,2.0,42660,1358.0,0.7181392389765153,0.6796759941089838,0.6795993758281478,0.6785048289590608,,
classical/dreamer__valence__loso_stimulus_heldout/spectral_svm,20260530,19,2.0,45738,1187.0,0.4323062300711307,0.3546756529064869,0.3360134018028755,0.3057224113181192,,
classical/dreamer__valence__loso_stimulus_heldout/spectral_svm,20260530,20,2.0,45810,1183.0,0.7894913370131862,0.6306001690617076,0.5248974152785756,0.7126239905457509,,
classical/dreamer__valence__loso_stimulus_heldout/spectral_svm,20260530,21,2.0,42660,1358.0,0.6414135461057213,0.6561119293078056,0.6411828440649868,0.6563814073807807,,
classical/dreamer__valence__loso_stimulus_heldout/spectral_svm,20260530,22,2.0,45738,1187.0,0.5142732558139536,0.628475147430497,0.4998237089908415,0.5880845795482796,,
classical/dreamer__valence__loso_stimulus_heldout/spectral_svm,20260530,23,2.0,45810,1183.0,0.5561273976576381,0.4513947590870668,0.4359104912080396,0.4927124738867161,,
classical/dreamer__valence__loso_stimulus_seen/alpha_logistic,20260530,1,2.0,45810,1187.0,0.5718672456575683,0.6562763268744735,0.5356452503681886,0.6945592470219226,,
classical/dreamer__valence__loso_stimulus_seen/alpha_logistic,20260530,2,2.0,42660,1183.0,0.5374837089849739,0.8393913778529163,0.5315417833800187,0.8496637313702601,,
classical/dreamer__valence__loso_stimulus_seen/alpha_logistic,20260530,3,2.0,45738,1358.0,0.4911540851730314,0.5375552282768777,0.4870811601454993,0.5245220181960053,,
classical/dreamer__valence__loso_stimulus_seen/alpha_logistic,20260530,4,2.0,45810,1187.0,0.5701554648241206,0.4802021903959562,0.4447337276312029,0.539670979631526,,
classical/dreamer__valence__loso_stimulus_seen/alpha_logistic,20260530,5,2.0,42660,1183.0,0.7469334559950935,0.6745562130177515,0.5410778431046557,0.7484086653364393,,
classical/dreamer__valence__loso_stimulus_seen/alpha_logistic,20260530,6,2.0,45738,1358.0,0.4780041109745619,0.4830633284241531,0.475412542343782,0.4787714240376035,,
classical/dreamer__valence__loso_stimulus_seen/alpha_logistic,20260530,7,2.0,45810,1187.0,0.5558989453029188,0.5459140690817186,0.5398738414913486,0.5542193820184773,,
classical/dreamer__valence__loso_stimulus_seen/alpha_logistic,20260530,8,2.0,42660,1183.0,0.5122326356945722,0.6010143702451395,0.440953143772527,0.6915387289768855,,
classical/dreamer__valence__loso_stimulus_seen/alpha_logistic,20260530,9,2.0,45738,1358.0,0.512923535085659,0.4742268041237113,0.4722074042462392,0.4649952618266958,,
classical/dreamer__valence__loso_stimulus_seen/alpha_logistic,20260530,11,2.0,42660,1183.0,0.5407624460640342,0.3533389687235841,0.3530727071662069,0.3610494596559656,,
classical/dreamer__valence__loso_stimulus_seen/alpha_logistic,20260530,12,2.0,45738,1358.0,0.4830391715149497,0.4594992636229749,0.3731577186526034,0.3594527115144492,,
classical/dreamer__valence__loso_stimulus_seen/alpha_logistic,20260530,13,2.0,45810,1187.0,0.4529584221748401,0.510530749789385,0.3742161220921317,0.6333123368307738,,
classical/dreamer__valence__loso_stimulus_seen/alpha_logistic,20260530,14,2.0,42660,1183.0,0.5366491970704831,0.4640743871513102,0.4638717332875851,0.4678983774494285,,
classical/dreamer__valence__loso_stimulus_seen/alpha_logistic,20260530,15,2.0,45738,1358.0,0.4747241420984583,0.4918998527245949,0.4743697620409949,0.4955755169001885,,
classical/dreamer__valence__loso_stimulus_seen/alpha_logistic,20260530,16,2.0,45810,1187.0,0.4968497056659308,0.6301600673967986,0.392952044780727,0.4962110627119819,,
classical/dreamer__valence__loso_stimulus_seen/alpha_logistic,20260530,17,2.0,42660,1183.0,0.4943827991078834,0.5004226542688082,0.4456028641548483,0.5530319689749469,,
classical/dreamer__valence__loso_stimulus_seen/alpha_logistic,20260530,18,2.0,45738,1358.0,0.5025379611028388,0.6060382916053019,0.4068150180234243,0.4827578160851312,,
classical/dreamer__valence__loso_stimulus_seen/alpha_logistic,20260530,19,2.0,45810,1187.0,0.3617289060583762,0.3133951137320977,0.3090620676749994,0.2941729838830553,,
classical/dreamer__valence__loso_stimulus_seen/alpha_logistic,20260530,20,2.0,42660,1183.0,0.3678223704385158,0.6584953508030431,0.4017354643593903,0.7300568159279839,,
classical/dreamer__valence__loso_stimulus_seen/alpha_logistic,20260530,21,2.0,45738,1358.0,0.3181793453622268,0.3792341678939617,0.2867518191101422,0.3400851981633878,,
classical/dreamer__valence__loso_stimulus_seen/alpha_logistic,20260530,22,2.0,45810,1187.0,0.5648385012919896,0.6310025273799494,0.5661260064358484,0.624500740967251,,
classical/dreamer__valence__loso_stimulus_seen/alpha_logistic,20260530,23,2.0,42660,1183.0,0.7184882519308169,0.7438715131022823,0.6678361239995441,0.764425249025814,,
classical/dreamer__valence__loso_stimulus_seen/spectral_logistic,20260530,1,2.0,45810,1187.0,0.8097161910669974,0.7026116259477675,0.6511244903345703,0.7411140672725487,,
classical/dreamer__valence__loso_stimulus_seen/spectral_logistic,20260530,2,2.0,42660,1183.0,0.5292040401717265,0.8241758241758241,0.5212837154285537,0.8402699851081977,,
classical/dreamer__valence__loso_stimulus_seen/spectral_logistic,20260530,3,2.0,45738,1358.0,0.629516117566393,0.6384388807069219,0.6256502071960848,0.6417506885882144,,
classical/dreamer__valence__loso_stimulus_seen/spectral_logistic,20260530,4,2.0,45810,1187.0,0.721105527638191,0.5324347093513058,0.5110930525097126,0.5801952720411614,,
classical/dreamer__valence__loso_stimulus_seen/spectral_logistic,20260530,5,2.0,42660,1183.0,0.6656221251149954,0.4378698224852071,0.3879026955950033,0.5344039463292991,,
classical/dreamer__valence__loso_stimulus_seen/spectral_logistic,20260530,6,2.0,45738,1358.0,0.5515198642725859,0.5589101620029455,0.5460001350655208,0.5500591828362394,,
classical/dreamer__valence__loso_stimulus_seen/spectral_logistic,20260530,7,2.0,45810,1187.0,0.5971363747853814,0.6714406065711879,0.5945186041622872,0.6425762575047919,,
classical/dreamer__valence__loso_stimulus_seen/spectral_logistic,20260530,8,2.0,42660,1183.0,0.4192684375958295,0.6221470836855453,0.4167753960857409,0.7066946872700801,,
classical/dreamer__valence__loso_stimulus_seen/spectral_logistic,20260530,9,2.0,45738,1358.0,0.5708212002982618,0.6134020618556701,0.5696500520621124,0.5999632228197737,,
classical/dreamer__valence__loso_stimulus_seen/spectral_logistic,20260530,11,2.0,42660,1183.0,0.5464642481598317,0.4987320371935757,0.4642803414156209,0.5468495722967858,,
classical/dreamer__valence__loso_stimulus_seen/spectral_logistic,20260530,12,2.0,45738,1358.0,0.5097324792519605,0.4830633284241531,0.3706188997338066,0.354947202355361,,
classical/dreamer__valence__loso_stimulus_seen/spectral_logistic,20260530,13,2.0,45810,1187.0,0.6954690831556503,0.4650379106992418,0.3867968659112116,0.5811077625192205,,
classical/dreamer__valence__loso_stimulus_seen/spectral_logistic,20260530,14,2.0,42660,1183.0,0.6297083921252435,0.5494505494505495,0.5488819331413547,0.5550690201247357,,
classical/dreamer__valence__loso_stimulus_seen/spectral_logistic,20260530,15,2.0,45738,1358.0,0.7291598733071709,0.719440353460972,0.7155408016898284,0.7228984465410428,,
classical/dreamer__valence__loso_stimulus_seen/spectral_logistic,20260530,16,2.0,45810,1187.0,0.3987276183468236,0.392586352148273,0.3880677694637003,0.4023766146315137,,
classical/dreamer__valence__loso_stimulus_seen/spectral_logistic,20260530,17,2.0,42660,1183.0,0.5002972185869906,0.5316990701606086,0.4623009622074325,0.5813391285553511,,
classical/dreamer__valence__loso_stimulus_seen/spectral_logistic,20260530,18,2.0,45738,1358.0,0.7938653398427968,0.7842415316642121,0.7804266045958249,0.7868203371126749,,
classical/dreamer__valence__loso_stimulus_seen/spectral_logistic,20260530,19,2.0,45810,1187.0,0.4554957689477557,0.4566133108677337,0.4475544154733686,0.4668045681863946,,
classical/dreamer__valence__loso_stimulus_seen/spectral_logistic,20260530,20,2.0,42660,1183.0,0.6113395047531432,0.6086221470836856,0.471857176605582,0.6969968539208654,,
classical/dreamer__valence__loso_stimulus_seen/spectral_logistic,20260530,21,2.0,45738,1358.0,0.6539192129839514,0.687039764359352,0.6571446562624936,0.678168148739586,,
classical/dreamer__valence__loso_stimulus_seen/spectral_logistic,20260530,22,2.0,45810,1187.0,0.4860642764857881,0.5922493681550126,0.4738937728937729,0.5607159058296379,,
classical/dreamer__valence__loso_stimulus_seen/spectral_logistic,20260530,23,2.0,42660,1183.0,0.6992435367489757,0.702451394759087,0.6348534910312801,0.7303405102460017,,
classical/dreamer__valence__loso_stimulus_seen/spectral_svm,20260530,1,2.0,45810,1187.0,0.8122802936311,0.7034540859309183,0.6523764834301764,0.7418464816567506,,
classical/dreamer__valence__loso_stimulus_seen/spectral_svm,20260530,2,2.0,42660,1183.0,0.5301240033731984,0.8258664412510567,0.5223855440576983,0.8413140372905914,,
classical/dreamer__valence__loso_stimulus_seen/spectral_svm,20260530,3,2.0,45738,1358.0,0.6346574114204602,0.6443298969072165,0.6311183472385082,0.647362898582134,,
classical/dreamer__valence__loso_stimulus_seen/spectral_svm,20260530,4,2.0,45810,1187.0,0.7226130653266332,0.5349620893007582,0.5131949645162441,0.582832419504152,,
classical/dreamer__valence__loso_stimulus_seen/spectral_svm,20260530,5,2.0,42660,1183.0,0.6417030818767249,0.3939137785291631,0.3562908811081185,0.4866555361579621,,
classical/dreamer__valence__loso_stimulus_seen/spectral_svm,20260530,6,2.0,45738,1358.0,0.5554078891559452,0.5625920471281296,0.5503581963758954,0.5542905055462565,,
classical/dreamer__valence__loso_stimulus_seen/spectral_svm,20260530,7,2.0,45810,1187.0,0.5939922124110866,0.6680707666385847,0.5910990571316659,0.6393745176573644,,
classical/dreamer__valence__loso_stimulus_seen/spectral_svm,20260530,8,2.0,42660,1183.0,0.4224883088009813,0.6280642434488588,0.4195859091355117,0.7109851042053664,,
classical/dreamer__valence__loso_stimulus_seen/spectral_svm,20260530,9,2.0,45738,1358.0,0.5746828688765703,0.6156111929307806,0.5740920987173663,0.6034688163211972,,
classical/dreamer__valence__loso_stimulus_seen/spectral_svm,20260530,11,2.0,42660,1183.0,0.542258149316509,0.4919695688926458,0.4590096825125074,0.5401677589074374,,
classical/dreamer__valence__loso_stimulus_seen/spectral_svm,20260530,12,2.0,45738,1358.0,0.5137319046406394,0.4867452135493372,0.3717482309540071,0.3559138787894177,,
classical/dreamer__valence__loso_stimulus_seen/spectral_svm,20260530,13,2.0,45810,1187.0,0.6950226545842217,0.464195450716091,0.3862541055575428,0.5802783052075456,,
classical/dreamer__valence__loso_stimulus_seen/spectral_svm,20260530,14,2.0,42660,1183.0,0.6249882416179534,0.5418427726120034,0.5415279493867837,0.5461690530617948,,
classical/dreamer__valence__loso_stimulus_seen/spectral_svm,20260530,15,2.0,45738,1358.0,0.725379154970687,0.7164948453608248,0.7123506611758945,0.7199779940315943,,
classical/dreamer__valence__loso_stimulus_seen/spectral_svm,20260530,16,2.0,45810,1187.0,0.4235160657346087,0.405223251895535,0.4038485615912131,0.4116384733157039,,
classical/dreamer__valence__loso_stimulus_seen/spectral_svm,20260530,17,2.0,42660,1183.0,0.5004078115495918,0.5291631445477599,0.4612567033143131,0.5791228834552242,,
classical/dreamer__valence__loso_stimulus_seen/spectral_svm,20260530,18,2.0,45738,1358.0,0.7930011105005006,0.7827687776141384,0.7791004218822974,0.7853890317083105,,
classical/dreamer__valence__loso_stimulus_seen/spectral_svm,20260530,19,2.0,45810,1187.0,0.4648975962717684,0.4540859309182813,0.4499442203724363,0.4629323029579505,,
classical/dreamer__valence__loso_stimulus_seen/spectral_svm,20260530,20,2.0,42660,1183.0,0.6183877644894205,0.6128486897717667,0.4757301657338814,0.7003325745298224,,
classical/dreamer__valence__loso_stimulus_seen/spectral_svm,20260530,21,2.0,45738,1358.0,0.641778493063741,0.678939617083947,0.6442608334114401,0.6673254961370226,,
classical/dreamer__valence__loso_stimulus_seen/spectral_svm,20260530,22,2.0,45810,1187.0,0.4868992248062015,0.5888795282224094,0.4770018635424642,0.5611648426186343,,
classical/dreamer__valence__loso_stimulus_seen/spectral_svm,20260530,23,2.0,42660,1183.0,0.7108103085681134,0.7210481825866442,0.6506664709966998,0.7459667546749859,,
classical/dreamer__valence__segment_random/alpha_logistic,20260530,1,2.0,54876,17149.0,0.5468813954061366,0.5403813633448015,0.5386683203674303,0.5436763072534292,,
classical/dreamer__valence__segment_random/alpha_logistic,20260530,2,2.0,54876,17149.0,0.5477119123551946,0.539564989212199,0.538324300196101,0.5425878603132881,,
classical/dreamer__valence__segment_random/alpha_logistic,20260530,3,2.0,54876,17149.0,0.5508555391456694,0.5413726747915331,0.5404461858828875,0.5441220607087476,,
classical/dreamer__valence__segment_random/alpha_logistic,20260530,4,2.0,54876,17149.0,0.5415476416133697,0.5336171205318094,0.5323547281788478,0.5366831329356355,,
classical/dreamer__valence__segment_random/alpha_logistic,20260530,5,2.0,54876,17148.0,0.5514364045914191,0.5461861441567529,0.5440270272102476,0.5496187741496716,,
classical/dreamer__valence__segment_random/spectral_logistic,20260530,1,2.0,54876,17149.0,0.6310176641003358,0.6364219488016793,0.628859124445114,0.638297207945648,,
classical/dreamer__valence__segment_random/spectral_logistic,20260530,2,2.0,54876,17149.0,0.6296415345932114,0.6352557000408187,0.627567017290183,0.6370998605544655,,
classical/dreamer__valence__segment_random/spectral_logistic,20260530,3,2.0,54876,17149.0,0.6308397006978373,0.635605574669077,0.6284123343867662,0.6376224555361624,,
classical/dreamer__valence__segment_random/spectral_logistic,20260530,4,2.0,54876,17149.0,0.6326020567225792,0.6367718234299377,0.6299165663241919,0.6388894928272139,,
classical/dreamer__valence__segment_random/spectral_logistic,20260530,5,2.0,54876,17148.0,0.6327502618339769,0.6377420107301143,0.6304178379040696,0.6396898644808686,,
classical/dreamer__valence__segment_random/spectral_svm,20260530,1,2.0,54876,17149.0,0.6322284445498543,0.6384045716951425,0.6303852358397648,0.6400839971375396,,
classical/dreamer__valence__segment_random/spectral_svm,20260530,2,2.0,54876,17149.0,0.6305702200826719,0.6368301358679807,0.6287563145576753,0.6385093885406656,,
classical/dreamer__valence__segment_random/spectral_svm,20260530,3,2.0,54876,17149.0,0.6309764637956924,0.6362470114875503,0.6287623467956799,0.6381527577335296,,
classical/dreamer__valence__segment_random/spectral_svm,20260530,4,2.0,54876,17149.0,0.6341741791552193,0.639104320951659,0.6318208875632372,0.6410459659221214,,
classical/dreamer__valence__segment_random/spectral_svm,20260530,5,2.0,54876,17148.0,0.6324640525847258,0.6384418007930954,0.6305387084075609,0.6401686327816413,,
classical/dreamer__valence__strict_loso/alpha_logistic,20260530,1,2.0,63376,3728.0,0.559928946399301,0.549892703862661,0.5415128502206983,0.5378217242117386,,
classical/dreamer__valence__strict_loso/alpha_logistic,20260530,2,2.0,63376,3728.0,0.4686620507025988,0.5370171673819742,0.4687954054325371,0.5381405796296446,,
classical/dreamer__valence__strict_loso/alpha_logistic,20260530,3,2.0,63376,3728.0,0.507813312191808,0.5005364806866953,0.4549630571848083,0.4511582259091405,,
classical/dreamer__valence__strict_loso/alpha_logistic,20260530,4,2.0,63376,3728.0,0.5655382385741007,0.7483905579399142,0.5697957034489037,0.7182034176720746,,
classical/dreamer__valence__strict_loso/alpha_logistic,20260530,5,2.0,63376,3728.0,0.5003107183018012,0.5225321888412017,0.4993624941341916,0.5270967920378447,,
classical/dreamer__valence__strict_loso/alpha_logistic,20260530,6,2.0,63376,3728.0,0.4921194854668394,0.4790772532188841,0.4730103048598688,0.4680960766890664,,
classical/dreamer__valence__strict_loso/alpha_logistic,20260530,7,2.0,63376,3728.0,0.5522444182714614,0.5493562231759657,0.5371253680875587,0.5605375659465555,,
classical/dreamer__valence__strict_loso/alpha_logistic,20260530,8,2.0,63376,3728.0,0.5492818099621897,0.5292381974248928,0.5229801274528996,0.5405672093414048,,
classical/dreamer__valence__strict_loso/alpha_logistic,20260530,9,2.0,63376,3728.0,0.4925334224969488,0.5228004291845494,0.4693671518050772,0.4889698926188481,,
classical/dreamer__valence__strict_loso/alpha_logistic,20260530,10,2.0,63376,3728.0,0.5153483286013407,0.5912017167381974,0.4960367528196889,0.5500810533166196,,
classical/dreamer__valence__strict_loso/alpha_logistic,20260530,11,2.0,63376,3728.0,0.5187071080531895,0.4417918454935622,0.4345810573086311,0.4159803067888328,,
classical/dreamer__valence__strict_loso/alpha_logistic,20260530,12,2.0,63376,3728.0,0.5031868959331263,0.4935622317596566,0.3809555137062084,0.3751481232154017,,
classical/dreamer__valence__strict_loso/alpha_logistic,20260530,13,2.0,63376,3728.0,0.5130081700436414,0.5740343347639485,0.3954990489424003,0.4374451476842842,,
classical/dreamer__valence__strict_loso/alpha_logistic,20260530,14,2.0,63376,3728.0,0.561410012496969,0.5971030042918455,0.5280498778373279,0.5481944084159249,,
classical/dreamer__valence__strict_loso/alpha_logistic,20260530,15,2.0,63376,3728.0,0.4658423451672606,0.4101394849785407,0.4094541399546386,0.4031942956418316,,
classical/dreamer__valence__strict_loso/alpha_logistic,20260530,16,2.0,63376,3728.0,0.4929350912278102,0.371244635193133,0.2886957875094708,0.2257766658104275,,
classical/dreamer__valence__strict_loso/alpha_logistic,20260530,17,2.0,63376,3728.0,0.5578005363254649,0.5732296137339056,0.5522483087341901,0.5807433648428496,,
classical/dreamer__valence__strict_loso/alpha_logistic,20260530,18,2.0,63376,3728.0,0.43259511641113,0.4973175965665236,0.4217083523716815,0.4760034179359301,,
classical/dreamer__valence__strict_loso/alpha_logistic,20260530,19,2.0,63376,3728.0,0.4787660315358395,0.4774678111587982,0.4774623970343593,0.4773802828137014,,
classical/dreamer__valence__strict_loso/alpha_logistic,20260530,20,2.0,63376,3728.0,0.6389831892503335,0.6223175965665236,0.6113592457575492,0.633521022313718,,
classical/dreamer__valence__strict_loso/alpha_logistic,20260530,21,2.0,63376,3728.0,0.4613251328530078,0.5136802575107297,0.4567325248058155,0.5011772341745223,,
classical/dreamer__valence__strict_loso/alpha_logistic,20260530,22,2.0,63376,3728.0,0.4732822727673373,0.4774678111587982,0.4669363201924217,0.4866728166217762,,
classical/dreamer__valence__strict_loso/alpha_logistic,20260530,23,2.0,63376,3728.0,0.620882525110265,0.6300965665236051,0.6200230089208535,0.6251344681327934,,
classical/dreamer__valence__strict_loso/spectral_logistic,20260530,1,2.0,63376,3728.0,0.6667555799461322,0.6612124463519313,0.6602443445241771,0.6591643515304011,,
classical/dreamer__valence__strict_loso/spectral_logistic,20260530,2,2.0,63376,3728.0,0.5138513765760564,0.5590128755364807,0.5117396026125396,0.5670819341907396,,
classical/dreamer__valence__strict_loso/spectral_logistic,20260530,3,2.0,63376,3728.0,0.5980466071566903,0.5957618025751072,0.5931446405471148,0.5923568660236388,,
classical/dreamer__valence__strict_loso/spectral_logistic,20260530,4,2.0,63376,3728.0,0.6785182280192956,0.7054721030042919,0.6446817855909002,0.723370160141568,,
classical/dreamer__valence__strict_loso/spectral_logistic,20260530,5,2.0,63376,3728.0,0.55515866361538,0.5630364806866953,0.5494663513701488,0.56960131913504,,
classical/dreamer__valence__strict_loso/spectral_logistic,20260530,6,2.0,63376,3728.0,0.509944458815655,0.493293991416309,0.482061632691096,0.4754326996729375,,
classical/dreamer__valence__strict_loso/spectral_logistic,20260530,7,2.0,63376,3728.0,0.6468094028990827,0.5861051502145923,0.5860893955044286,0.5868839808865921,,
classical/dreamer__valence__strict_loso/spectral_logistic,20260530,8,2.0,63376,3728.0,0.5633322373828703,0.5842274678111588,0.5573891289794305,0.5924719248378988,,
classical/dreamer__valence__strict_loso/spectral_logistic,20260530,9,2.0,63376,3728.0,0.5863450124248448,0.5912017167381974,0.5861966495856775,0.5914946962788328,,
classical/dreamer__valence__strict_loso/spectral_logistic,20260530,10,2.0,63376,3728.0,0.5592915005565608,0.5726931330472103,0.5562798423030066,0.5773401316819011,,
classical/dreamer__valence__strict_loso/spectral_logistic,20260530,11,2.0,63376,3728.0,0.5615223954105597,0.5418454935622318,0.5375811739006029,0.5505170709747061,,
classical/dreamer__valence__strict_loso/spectral_logistic,20260530,12,2.0,63376,3728.0,0.5128709706678876,0.5042918454935622,0.4212697324650712,0.4164483349662495,,
classical/dreamer__valence__strict_loso/spectral_logistic,20260530,13,2.0,63376,3728.0,0.6033356622814563,0.6373390557939914,0.5888721835912214,0.6068958016916264,,
classical/dreamer__valence__strict_loso/spectral_logistic,20260530,14,2.0,63376,3728.0,0.5853279521757783,0.589324034334764,0.5850808255829971,0.5897629869642571,,
classical/dreamer__valence__strict_loso/spectral_logistic,20260530,15,2.0,63376,3728.0,0.4934686510546522,0.5568669527896996,0.4920176578883118,0.5484930198144453,,
classical/dreamer__valence__strict_loso/spectral_logistic,20260530,16,2.0,63376,3728.0,0.4861337431795176,0.4975858369098712,0.4825736421080213,0.5054583737114712,,
classical/dreamer__valence__strict_loso/spectral_logistic,20260530,17,2.0,63376,3728.0,0.5672593214273113,0.6424356223175965,0.5647483800763382,0.6188088356296202,,
classical/dreamer__valence__strict_loso/spectral_logistic,20260530,18,2.0,63376,3728.0,0.6204836678764536,0.5879828326180258,0.5874498235882522,0.5913002171764676,,
classical/dreamer__valence__strict_loso/spectral_logistic,20260530,19,2.0,63376,3728.0,0.5580804999112865,0.5552575107296137,0.5548412429308546,0.5541766750416075,,
classical/dreamer__valence__strict_loso/spectral_logistic,20260530,20,2.0,63376,3728.0,0.6433543159996709,0.6298283261802575,0.6176247700756956,0.6408225208690521,,
classical/dreamer__valence__strict_loso/spectral_logistic,20260530,21,2.0,63376,3728.0,0.5865156310767665,0.6646995708154506,0.575883536526985,0.6249249810168647,,
classical/dreamer__valence__strict_loso/spectral_logistic,20260530,22,2.0,63376,3728.0,0.4943159167629271,0.5485515021459227,0.4910580204778156,0.5361167587045365,,
classical/dreamer__valence__strict_loso/spectral_logistic,20260530,23,2.0,63376,3728.0,0.6203359820098644,0.6236587982832618,0.6204834772596681,0.6233515091519464,,
classical/dreamer__valence__strict_loso/spectral_svm,20260530,1,2.0,63376,3728.0,0.6704027092795714,0.664431330472103,0.6632045143048577,0.661994055686509,,
classical/dreamer__valence__strict_loso/spectral_svm,20260530,2,2.0,63376,3728.0,0.5141671271016159,0.5560622317596566,0.5114102909797428,0.5652144929133036,,
classical/dreamer__valence__strict_loso/spectral_svm,20260530,3,2.0,63376,3728.0,0.6028832206230088,0.6011266094420601,0.5997705563431099,0.5992081380071398,,
classical/dreamer__valence__strict_loso/spectral_svm,20260530,4,2.0,63376,3728.0,0.6962120515216511,0.7097639484978541,0.6551137304150711,0.7286190102622643,,
classical/dreamer__valence__strict_loso/spectral_svm,20260530,5,2.0,63376,3728.0,0.5443353094359723,0.5453326180257511,0.5356988423258116,0.5529212346385526,,
classical/dreamer__valence__strict_loso/spectral_svm,20260530,6,2.0,63376,3728.0,0.5131765311815958,0.4973175965665236,0.4875766001349002,0.4814363611390908,,
classical/dreamer__valence__strict_loso/spectral_svm,20260530,7,2.0,63376,3728.0,0.6471918003783186,0.5887875536480687,0.5887105810613497,0.5904613300926055,,
classical/dreamer__valence__strict_loso/spectral_svm,20260530,8,2.0,63376,3728.0,0.5657595964162421,0.592274678111588,0.5616081588217291,0.5989304946714559,,
classical/dreamer__valence__strict_loso/spectral_svm,20260530,9,2.0,63376,3728.0,0.5853725571547237,0.5890557939914163,0.5849228175237653,0.5897446234026915,,
classical/dreamer__valence__strict_loso/spectral_svm,20260530,10,2.0,63376,3728.0,0.5577928318892174,0.5713519313304721,0.554839394251879,0.5759975197564831,,
classical/dreamer__valence__strict_loso/spectral_svm,20260530,11,2.0,63376,3728.0,0.5628846535480196,0.5480150214592274,0.5421763967155423,0.5572375522301316,,
classical/dreamer__valence__strict_loso/spectral_svm,20260530,12,2.0,63376,3728.0,0.5119273557618244,0.5032188841201717,0.4169504395848273,0.4120173765081898,,
classical/dreamer__valence__strict_loso/spectral_svm,20260530,13,2.0,63376,3728.0,0.5980150691135836,0.6338519313304721,0.5803610017562475,0.5994907406573226,,
classical/dreamer__valence__strict_loso/spectral_svm,20260530,14,2.0,63376,3728.0,0.5873785275959189,0.5917381974248928,0.5872207273100807,0.5920393620992135,,
classical/dreamer__valence__strict_loso/spectral_svm,20260530,15,2.0,63376,3728.0,0.5102667349883496,0.5641094420600858,0.5101802541516024,0.5607524918022417,,
classical/dreamer__valence__strict_loso/spectral_svm,20260530,16,2.0,63376,3728.0,0.4946898995136162,0.5109978540772532,0.4924317092014968,0.5176379199164087,,
classical/dreamer__valence__strict_loso/spectral_svm,20260530,17,2.0,63376,3728.0,0.5702635505350653,0.6429721030042919,0.5687036035037626,0.6213204589999359,,
classical/dreamer__valence__strict_loso/spectral_svm,20260530,18,2.0,63376,3728.0,0.6177091820358985,0.5882510729613734,0.587341756999296,0.5923715732923871,,
classical/dreamer__valence__strict_loso/spectral_svm,20260530,19,2.0,63376,3728.0,0.5651578162347114,0.5608905579399142,0.5593137185876487,0.5580267914032886,,
classical/dreamer__valence__strict_loso/spectral_svm,20260530,20,2.0,63376,3728.0,0.64519063818906,0.6306330472103004,0.618793383648929,0.6416077125206129,,
classical/dreamer__valence__strict_loso/spectral_svm,20260530,21,2.0,63376,3728.0,0.5812456285711212,0.6633583690987125,0.5669490923789301,0.6185793019696265,,
classical/dreamer__valence__strict_loso/spectral_svm,20260530,22,2.0,63376,3728.0,0.4914911942945771,0.5488197424892703,0.4870150630569782,0.533917841420588,,
classical/dreamer__valence__strict_loso/spectral_svm,20260530,23,2.0,63376,3728.0,0.6282353554848469,0.6314377682403434,0.6283830078048482,0.6311666356573112,,
classical/dreamer__valence__trial_within_subject/alpha_logistic,20260530,1,2.0,55257,17166.0,0.4692170380525519,0.4593382267272515,0.4589480129213898,0.4615127587603504,,
classical/dreamer__valence__trial_within_subject/alpha_logistic,20260530,2,2.0,54179,17142.0,0.4945973930581783,0.4834908412087271,0.4810233261608507,0.4894320830245106,,
classical/dreamer__valence__trial_within_subject/alpha_logistic,20260530,3,2.0,54062,17169.0,0.4846477674871444,0.4670627293377599,0.466464305109683,0.4705408750251212,,
classical/dreamer__valence__trial_within_subject/alpha_logistic,20260530,4,2.0,56018,17102.0,0.4887446042242995,0.5016957081043153,0.4870476898893529,0.507078474659433,,
classical/dreamer__valence__trial_within_subject/alpha_logistic,20260530,5,2.0,54223,17165.0,0.5401488650047748,0.5397028837751238,0.5396476609733527,0.5395451463041073,,
classical/dreamer__valence__trial_within_subject/spectral_logistic,20260530,1,2.0,55257,17166.0,0.5084858118789009,0.5200978678783642,0.5081998964355396,0.5217020887470596,,
classical/dreamer__valence__trial_within_subject/spectral_logistic,20260530,2,2.0,54179,17142.0,0.5655886546731043,0.5724536226811341,0.5609136699864905,0.5776401649321632,,
classical/dreamer__valence__trial_within_subject/spectral_logistic,20260530,3,2.0,54062,17169.0,0.5783249437808896,0.587861844021201,0.57503348161753,0.5918785019109191,,
classical/dreamer__valence__trial_within_subject/spectral_logistic,20260530,4,2.0,56018,17102.0,0.5248086524566017,0.5496433165711613,0.5247776113444137,0.549897567135852,,
classical/dreamer__valence__trial_within_subject/spectral_logistic,20260530,5,2.0,54223,17165.0,0.5659503523998798,0.5668511505971453,0.5654977216507966,0.5659907766636105,,
classical/dreamer__valence__trial_within_subject/spectral_svm,20260530,1,2.0,55257,17166.0,0.5093980098599094,0.5223698007689619,0.50926673214494,0.5234208490543113,,
classical/dreamer__valence__trial_within_subject/spectral_svm,20260530,2,2.0,54179,17142.0,0.5626363312772865,0.5700618364251546,0.558207154554448,0.5752123748447636,,
classical/dreamer__valence__trial_within_subject/spectral_svm,20260530,3,2.0,54062,17169.0,0.5789260137984644,0.5896674238453026,0.5760596392482027,0.5933878877094642,,
classical/dreamer__valence__trial_within_subject/spectral_svm,20260530,4,2.0,56018,17102.0,0.5250451256789982,0.5506373523564495,0.5250567906760927,0.5505277858287181,,
classical/dreamer__valence__trial_within_subject/spectral_svm,20260530,5,2.0,54223,17165.0,0.5670280888243056,0.5679580541800174,0.5665364719646618,0.56704118426696,,
classical/seed_iv__emotion__loso_stimulus_heldout/alpha_logistic,20260530,1,4.0,22506,459.0,0.1945428442276961,0.196078431372549,0.1904932524288267,0.1932067591392254,,
classical/seed_iv__emotion__loso_stimulus_heldout/alpha_logistic,20260530,2,4.0,22660,445.0,0.2553653937673297,0.2696629213483146,0.2474933743935202,0.2657560991836564,,
classical/seed_iv__emotion__loso_stimulus_heldout/alpha_logistic,20260530,3,4.0,23265,390.0,0.2554550631756513,0.2384615384615384,0.2368559334362102,0.234772161289183,,
classical/seed_iv__emotion__loso_stimulus_heldout/alpha_logistic,20260530,4,4.0,23232,393.0,0.2926050959690481,0.2493638676844783,0.2126018572653541,0.1977907284857629,,
classical/seed_iv__emotion__loso_stimulus_heldout/alpha_logistic,20260530,5,4.0,23232,393.0,0.274298083974534,0.2697201017811705,0.2498202479227147,0.2661869041114952,,
classical/seed_iv__emotion__loso_stimulus_heldout/alpha_logistic,20260530,6,4.0,22880,425.0,0.2166959807178685,0.2164705882352941,0.1909496342888658,0.1884776004344195,,
classical/seed_iv__emotion__loso_stimulus_heldout/alpha_logistic,20260530,7,4.0,22506,459.0,0.3525485614602499,0.3529411764705882,0.3422040444943718,0.3445881248791483,,
classical/seed_iv__emotion__loso_stimulus_heldout/alpha_logistic,20260530,8,4.0,22660,445.0,0.2331665579087232,0.1865168539325842,0.1725077732367736,0.1513323642434961,,
classical/seed_iv__emotion__loso_stimulus_heldout/alpha_logistic,20260530,9,4.0,23265,390.0,0.2612800482285776,0.2461538461538461,0.2213913589012577,0.2214509026459451,,
classical/seed_iv__emotion__loso_stimulus_heldout/alpha_logistic,20260530,10,4.0,23232,393.0,0.2921508480692891,0.3307888040712468,0.2252288162770077,0.2793816011245641,,
classical/seed_iv__emotion__loso_stimulus_heldout/alpha_logistic,20260530,11,4.0,23232,393.0,0.2242563073851263,0.1730279898218829,0.1466295343238594,0.1343023857006172,,
classical/seed_iv__emotion__loso_stimulus_heldout/alpha_logistic,20260530,12,4.0,22880,425.0,0.2214757996221744,0.2094117647058823,0.1741632585180828,0.169658726518508,,
classical/seed_iv__emotion__loso_stimulus_heldout/alpha_logistic,20260530,13,4.0,22506,459.0,0.2309249438145019,0.2222222222222222,0.1945813984764086,0.18901849615624,,
classical/seed_iv__emotion__loso_stimulus_heldout/alpha_logistic,20260530,14,4.0,22660,445.0,0.3198701841119857,0.346067415730337,0.3032213924667336,0.3213241943049401,,
classical/seed_iv__emotion__loso_stimulus_heldout/alpha_logistic,20260530,15,4.0,23265,390.0,0.4120395828116416,0.4666666666666667,0.3908069941554075,0.4297953560165337,,
classical/seed_iv__emotion__loso_stimulus_heldout/spectral_logistic,20260530,1,4.0,22506,459.0,0.3045928859291139,0.3006535947712418,0.2925137068240929,0.2920416250416033,,
classical/seed_iv__emotion__loso_stimulus_heldout/spectral_logistic,20260530,2,4.0,22660,445.0,0.2629201428339187,0.2719101123595505,0.2279092210251461,0.2241629922247381,,
classical/seed_iv__emotion__loso_stimulus_heldout/spectral_logistic,20260530,3,4.0,23265,390.0,0.2788568606583312,0.2769230769230769,0.2818736668754994,0.2883569928766316,,
classical/seed_iv__emotion__loso_stimulus_heldout/spectral_logistic,20260530,4,4.0,23232,393.0,0.5135974335518199,0.5216284987277354,0.4862012309088556,0.5161430467946674,,
classical/seed_iv__emotion__loso_stimulus_heldout/spectral_logistic,20260530,5,4.0,23232,393.0,0.3179258752984086,0.2875318066157761,0.2915084261816879,0.2948361768460488,,
classical/seed_iv__emotion__loso_stimulus_heldout/spectral_logistic,20260530,6,4.0,22880,425.0,0.3490016937007361,0.3317647058823529,0.3350146714805349,0.3190886688763371,,
classical/seed_iv__emotion__loso_stimulus_heldout/spectral_logistic,20260530,7,4.0,22506,459.0,0.4342443448420757,0.4531590413943355,0.3685739816243626,0.3814621034700415,,
classical/seed_iv__emotion__loso_stimulus_heldout/spectral_logistic,20260530,8,4.0,22660,445.0,0.3231076515186605,0.3280898876404494,0.2824012180629828,0.3068952913136654,,
classical/seed_iv__emotion__loso_stimulus_heldout/spectral_logistic,20260530,9,4.0,23265,390.0,0.3572969442454736,0.358974358974359,0.3728628918666957,0.3729875478565725,,
classical/seed_iv__emotion__loso_stimulus_heldout/spectral_logistic,20260530,10,4.0,23232,393.0,0.2801312877840535,0.2748091603053435,0.1771481681357558,0.1997139025712455,,
classical/seed_iv__emotion__loso_stimulus_heldout/spectral_logistic,20260530,11,4.0,23232,393.0,0.2096939797656015,0.188295165394402,0.1765841870414637,0.1716882720741555,,
classical/seed_iv__emotion__loso_stimulus_heldout/spectral_logistic,20260530,12,4.0,22880,425.0,0.334578854797733,0.3270588235294118,0.2899989502016989,0.2886671193858569,,
classical/seed_iv__emotion__loso_stimulus_heldout/spectral_logistic,20260530,13,4.0,22506,459.0,0.3666746780077545,0.3790849673202614,0.320527606358621,0.3260041836108321,,
classical/seed_iv__emotion__loso_stimulus_heldout/spectral_logistic,20260530,14,4.0,22660,445.0,0.3914402276333272,0.4179775280898876,0.3713555431426658,0.3740661875973998,,
classical/seed_iv__emotion__loso_stimulus_heldout/spectral_logistic,20260530,15,4.0,23265,390.0,0.4490268751298162,0.4897435897435897,0.451586012750847,0.4891200167218565,,
classical/seed_iv__emotion__loso_stimulus_heldout/spectral_svm,20260530,1,4.0,22506,459.0,0.310314734288752,0.3050108932461873,0.2990852526240721,0.2986001406786924,,
classical/seed_iv__emotion__loso_stimulus_heldout/spectral_svm,20260530,2,4.0,22660,445.0,0.2450313286451621,0.2629213483146067,0.2063763728580391,0.2096594613090923,,
classical/seed_iv__emotion__loso_stimulus_heldout/spectral_svm,20260530,3,4.0,23265,390.0,0.2577273762935528,0.258974358974359,0.2507369061289115,0.2635362845898397,,
classical/seed_iv__emotion__loso_stimulus_heldout/spectral_svm,20260530,4,4.0,23232,393.0,0.4876854408477615,0.4987277353689567,0.4596127892061734,0.4916356672073055,,
classical/seed_iv__emotion__loso_stimulus_heldout/spectral_svm,20260530,5,4.0,23232,393.0,0.3116596022410908,0.2824427480916031,0.2847807231528161,0.2912626517810256,,
classical/seed_iv__emotion__loso_stimulus_heldout/spectral_svm,20260530,6,4.0,22880,425.0,0.3344045990489219,0.3129411764705882,0.3193133871206168,0.3011984193882869,,
classical/seed_iv__emotion__loso_stimulus_heldout/spectral_svm,20260530,7,4.0,22506,459.0,0.425496915368405,0.4444444444444444,0.3599779958409269,0.3726443576010907,,
classical/seed_iv__emotion__loso_stimulus_heldout/spectral_svm,20260530,8,4.0,22660,445.0,0.311626507966349,0.3078651685393258,0.2676957500310614,0.2890015935729608,,
classical/seed_iv__emotion__loso_stimulus_heldout/spectral_svm,20260530,9,4.0,23265,390.0,0.3327677831354302,0.341025641025641,0.3371471792975546,0.3429004786410044,,
classical/seed_iv__emotion__loso_stimulus_heldout/spectral_svm,20260530,10,4.0,23232,393.0,0.2820920720977791,0.27735368956743,0.1855644036232459,0.2101878363990719,,
classical/seed_iv__emotion__loso_stimulus_heldout/spectral_svm,20260530,11,4.0,23232,393.0,0.2067709413948019,0.178117048346056,0.170969223405861,0.162363461960184,,
classical/seed_iv__emotion__loso_stimulus_heldout/spectral_svm,20260530,12,4.0,22880,425.0,0.3331434434238812,0.3223529411764705,0.2820232898051069,0.2775686329162564,,
classical/seed_iv__emotion__loso_stimulus_heldout/spectral_svm,20260530,13,4.0,22506,459.0,0.3594262712565815,0.3703703703703703,0.316937985855105,0.3219684516208221,,
classical/seed_iv__emotion__loso_stimulus_heldout/spectral_svm,20260530,14,4.0,22660,445.0,0.3918921634338992,0.4134831460674157,0.3684127582244946,0.3647327222048975,,
classical/seed_iv__emotion__loso_stimulus_heldout/spectral_svm,20260530,15,4.0,23265,390.0,0.4503403249726779,0.4897435897435897,0.4542778729234696,0.4919594617128535,,
classical/seed_iv__emotion__loso_stimulus_seen/alpha_logistic,20260530,1,4.0,23232,459.0,0.2142445358409361,0.2135076252723311,0.2048513419604013,0.2063875802653868,,
classical/seed_iv__emotion__loso_stimulus_seen/alpha_logistic,20260530,2,4.0,23232,445.0,0.2650110710591252,0.2764044943820224,0.261528326745718,0.2792394881891706,,
classical/seed_iv__emotion__loso_stimulus_seen/alpha_logistic,20260530,3,4.0,22880,390.0,0.2726901857416564,0.241025641025641,0.2176372268442891,0.2073230218286137,,
classical/seed_iv__emotion__loso_stimulus_seen/alpha_logistic,20260530,4,4.0,22506,393.0,0.2858739044198076,0.2468193384223918,0.2116264613895836,0.2002155672240582,,
classical/seed_iv__emotion__loso_stimulus_seen/alpha_logistic,20260530,5,4.0,22660,393.0,0.2613118488982457,0.2519083969465648,0.2252450315543802,0.2365570939810833,,
classical/seed_iv__emotion__loso_stimulus_seen/alpha_logistic,20260530,6,4.0,23265,425.0,0.1950713308579245,0.2070588235294117,0.1849820198531568,0.1893181227515148,,
classical/seed_iv__emotion__loso_stimulus_seen/alpha_logistic,20260530,7,4.0,23232,459.0,0.322070077481871,0.3137254901960784,0.2988694671681802,0.2950837505092675,,
classical/seed_iv__emotion__loso_stimulus_seen/alpha_logistic,20260530,8,4.0,23232,445.0,0.2354433112275434,0.1842696629213483,0.1657801734202413,0.1429824583636987,,
classical/seed_iv__emotion__loso_stimulus_seen/alpha_logistic,20260530,9,4.0,22880,390.0,0.2733976360814595,0.258974358974359,0.24011951144094,0.2413593660307946,,
classical/seed_iv__emotion__loso_stimulus_seen/alpha_logistic,20260530,10,4.0,22506,393.0,0.3048907007516946,0.3409669211195928,0.2435173927019132,0.2937439458834212,,
classical/seed_iv__emotion__loso_stimulus_seen/alpha_logistic,20260530,11,4.0,22660,393.0,0.242661839213477,0.2137404580152671,0.1811762395232452,0.1926797958240324,,
classical/seed_iv__emotion__loso_stimulus_seen/alpha_logistic,20260530,12,4.0,23265,425.0,0.2497022995244609,0.2329411764705882,0.2023562644656368,0.1948050558720782,,
classical/seed_iv__emotion__loso_stimulus_seen/alpha_logistic,20260530,13,4.0,23232,459.0,0.2422677294692141,0.233115468409586,0.1949553645033713,0.1894175785470578,,
classical/seed_iv__emotion__loso_stimulus_seen/alpha_logistic,20260530,14,4.0,23232,445.0,0.3218130970901914,0.3550561797752809,0.3053672854010025,0.3271080154740784,,
classical/seed_iv__emotion__loso_stimulus_seen/alpha_logistic,20260530,15,4.0,22880,390.0,0.4063827766033648,0.4641025641025641,0.3835667473098791,0.4271831017544742,,
classical/seed_iv__emotion__loso_stimulus_seen/spectral_logistic,20260530,1,4.0,23232,459.0,0.2913482291222329,0.2854030501089324,0.2722440935195127,0.2706280938363077,,
classical/seed_iv__emotion__loso_stimulus_seen/spectral_logistic,20260530,2,4.0,23232,445.0,0.224499662373566,0.2269662921348314,0.208195353568571,0.2058943355093318,,
classical/seed_iv__emotion__loso_stimulus_seen/spectral_logistic,20260530,3,4.0,22880,390.0,0.2339350804424333,0.241025641025641,0.2054605884284629,0.2287637544949287,,
classical/seed_iv__emotion__loso_stimulus_seen/spectral_logistic,20260530,4,4.0,22506,393.0,0.484718597097849,0.4427480916030534,0.4424932712182856,0.430805740842599,,
classical/seed_iv__emotion__loso_stimulus_seen/spectral_logistic,20260530,5,4.0,22660,393.0,0.3613628631408858,0.3180661577608142,0.3213690320150007,0.318764775440956,,
classical/seed_iv__emotion__loso_stimulus_seen/spectral_logistic,20260530,6,4.0,23265,425.0,0.3075854993160055,0.2988235294117647,0.2977248701959144,0.2886474926230534,,
classical/seed_iv__emotion__loso_stimulus_seen/spectral_logistic,20260530,7,4.0,23232,459.0,0.4707714443970484,0.485838779956427,0.4174840631216113,0.4284225666423514,,
classical/seed_iv__emotion__loso_stimulus_seen/spectral_logistic,20260530,8,4.0,23232,445.0,0.3176166184862166,0.3191011235955056,0.2769683006139665,0.2969628631773088,,
classical/seed_iv__emotion__loso_stimulus_seen/spectral_logistic,20260530,9,4.0,22880,390.0,0.339113604554781,0.3358974358974358,0.3387341699276768,0.3384772467891837,,
classical/seed_iv__emotion__loso_stimulus_seen/spectral_logistic,20260530,10,4.0,22506,393.0,0.287536892342898,0.2798982188295165,0.1977712828256954,0.2138709842353099,,
classical/seed_iv__emotion__loso_stimulus_seen/spectral_logistic,20260530,11,4.0,22660,393.0,0.2172266563231203,0.1984732824427481,0.1906201940129178,0.1964638147162244,,
classical/seed_iv__emotion__loso_stimulus_seen/spectral_logistic,20260530,12,4.0,23265,425.0,0.3126581330206501,0.32,0.2939515403272715,0.2978136828602398,,
classical/seed_iv__emotion__loso_stimulus_seen/spectral_logistic,20260530,13,4.0,23232,459.0,0.3773997415148756,0.3943355119825708,0.3415807204786095,0.3478899986919601,,
classical/seed_iv__emotion__loso_stimulus_seen/spectral_logistic,20260530,14,4.0,23232,445.0,0.3921056604990241,0.4224719101123595,0.3832294923449456,0.3914179199116833,,
classical/seed_iv__emotion__loso_stimulus_seen/spectral_logistic,20260530,15,4.0,22880,390.0,0.4298944629826983,0.4769230769230769,0.4251929565657195,0.4655099221227549,,
classical/seed_iv__emotion__loso_stimulus_seen/spectral_svm,20260530,1,4.0,23232,459.0,0.2986975469379699,0.2919389978213507,0.2817184544408327,0.2796224216895539,,
classical/seed_iv__emotion__loso_stimulus_seen/spectral_svm,20260530,2,4.0,23232,445.0,0.2281896048294884,0.2404494382022471,0.2053246208546862,0.2068748284496266,,
classical/seed_iv__emotion__loso_stimulus_seen/spectral_svm,20260530,3,4.0,22880,390.0,0.2212582148243912,0.2256410256410256,0.1907070390473458,0.2112600253395573,,
classical/seed_iv__emotion__loso_stimulus_seen/spectral_svm,20260530,4,4.0,22506,393.0,0.5048378275550482,0.4452926208651399,0.4537119567830295,0.4444014301664614,,
classical/seed_iv__emotion__loso_stimulus_seen/spectral_svm,20260530,5,4.0,22660,393.0,0.3723581316739686,0.3231552162849873,0.3257025800403006,0.3210171370866945,,
classical/seed_iv__emotion__loso_stimulus_seen/spectral_svm,20260530,6,4.0,23265,425.0,0.3129789590254707,0.3058823529411765,0.2949926227081593,0.2859808144922167,,
classical/seed_iv__emotion__loso_stimulus_seen/spectral_svm,20260530,7,4.0,23232,459.0,0.4704905169065824,0.485838779956427,0.4236564282886226,0.4337919119031826,,
classical/seed_iv__emotion__loso_stimulus_seen/spectral_svm,20260530,8,4.0,23232,445.0,0.3376146556210374,0.3213483146067415,0.2836782134972793,0.2986910912518067,,
classical/seed_iv__emotion__loso_stimulus_seen/spectral_svm,20260530,9,4.0,22880,390.0,0.329170670347141,0.3282051282051282,0.3276840408660118,0.3306959412480812,,
classical/seed_iv__emotion__loso_stimulus_seen/spectral_svm,20260530,10,4.0,22506,393.0,0.2858918785091436,0.2849872773536895,0.2069837431064681,0.2288520478253121,,
classical/seed_iv__emotion__loso_stimulus_seen/spectral_svm,20260530,11,4.0,22660,393.0,0.2291031526732218,0.2137404580152671,0.2060470143641061,0.2186092871065516,,
classical/seed_iv__emotion__loso_stimulus_seen/spectral_svm,20260530,12,4.0,23265,425.0,0.3112331444205589,0.3176470588235294,0.2932335812226199,0.2953198351900349,,
classical/seed_iv__emotion__loso_stimulus_seen/spectral_svm,20260530,13,4.0,23232,459.0,0.3831666337724185,0.4008714596949891,0.337720027350721,0.3446051203795044,,
classical/seed_iv__emotion__loso_stimulus_seen/spectral_svm,20260530,14,4.0,23232,445.0,0.3900356664750347,0.4179775280898876,0.3760168766571609,0.3815537929893292,,
classical/seed_iv__emotion__loso_stimulus_seen/spectral_svm,20260530,15,4.0,22880,390.0,0.4239530557545263,0.4692307692307692,0.4247545415556168,0.466763184787723,,
classical/seed_iv__emotion__segment_random/alpha_logistic,20260530,1,4.0,24048,7515.0,0.3534244608129634,0.352228875582169,0.3500443612624198,0.3503564722866721,,
classical/seed_iv__emotion__segment_random/alpha_logistic,20260530,2,4.0,24048,7515.0,0.3604101146260006,0.3598137059214903,0.3577620554168951,0.3581473841050569,,
classical/seed_iv__emotion__segment_random/alpha_logistic,20260530,3,4.0,24048,7515.0,0.3462852653970165,0.3445109780439122,0.3427111421912878,0.3426804083490807,,
classical/seed_iv__emotion__segment_random/alpha_logistic,20260530,4,4.0,24048,7515.0,0.3487311050080624,0.3470392548236859,0.3461201380578113,0.346148138415244,,
classical/seed_iv__emotion__segment_random/alpha_logistic,20260530,5,4.0,24048,7515.0,0.3565983331536878,0.3562208915502328,0.3536231244952798,0.3545910405802719,,
classical/seed_iv__emotion__segment_random/spectral_logistic,20260530,1,4.0,24048,7515.0,0.5126197494098746,0.5093812375249501,0.5107550957185844,0.5089082008693522,,
classical/seed_iv__emotion__segment_random/spectral_logistic,20260530,2,4.0,24048,7515.0,0.5296321384642149,0.5277445109780439,0.528792179793862,0.5277022147248659,,
classical/seed_iv__emotion__segment_random/spectral_logistic,20260530,3,4.0,24048,7515.0,0.5207563411158511,0.5180306054557552,0.5195967488869622,0.5177972115409414,,
classical/seed_iv__emotion__segment_random/spectral_logistic,20260530,4,4.0,24048,7515.0,0.5136057757946524,0.5108449767132401,0.5121489913785432,0.5105350661943295,,
classical/seed_iv__emotion__segment_random/spectral_logistic,20260530,5,4.0,24048,7515.0,0.5253003759640993,0.5228210246174319,0.5244035720330782,0.5225897960374467,,
classical/seed_iv__emotion__segment_random/spectral_svm,20260530,1,4.0,24048,7515.0,0.5113962177510986,0.5089820359281437,0.5101876352965871,0.5085514991445609,,
classical/seed_iv__emotion__segment_random/spectral_svm,20260530,2,4.0,24048,7515.0,0.5303247134421906,0.5293413173652695,0.5298208828864289,0.5291327651792815,,
classical/seed_iv__emotion__segment_random/spectral_svm,20260530,3,4.0,24048,7515.0,0.5196625229706812,0.5177644710578843,0.5191147509112493,0.5176071298583296,,
classical/seed_iv__emotion__segment_random/spectral_svm,20260530,4,4.0,24048,7515.0,0.5115399030957746,0.5095143047238856,0.5108958882069514,0.50930054216476,,
classical/seed_iv__emotion__segment_random/spectral_svm,20260530,5,4.0,24048,7515.0,0.5215267574737761,0.5196274118429807,0.5212127612568829,0.5195406895359386,,
classical/seed_iv__emotion__strict_loso/alpha_logistic,20260530,1,4.0,27555,2505.0,0.2494793371291832,0.2570858283433134,0.2283193783234632,0.2324872552419166,,
classical/seed_iv__emotion__strict_loso/alpha_logistic,20260530,2,4.0,27555,2505.0,0.2777488777482129,0.2862275449101796,0.270106486496068,0.2747986196483383,,
classical/seed_iv__emotion__strict_loso/alpha_logistic,20260530,3,4.0,27555,2505.0,0.2731331260281524,0.267065868263473,0.2549227402723684,0.2536786522016556,,
classical/seed_iv__emotion__strict_loso/alpha_logistic,20260530,4,4.0,27555,2505.0,0.2881818171076845,0.3021956087824351,0.2144503658292358,0.2175546802981392,,
classical/seed_iv__emotion__strict_loso/alpha_logistic,20260530,5,4.0,27555,2505.0,0.2647308032066782,0.2570858283433134,0.1850170899967931,0.1793384593401285,,
classical/seed_iv__emotion__strict_loso/alpha_logistic,20260530,6,4.0,27555,2505.0,0.2878142664540805,0.2770459081836327,0.2579472377792914,0.2492032877856035,,
classical/seed_iv__emotion__strict_loso/alpha_logistic,20260530,7,4.0,27555,2505.0,0.3091126288806832,0.3089820359281437,0.2965697977341512,0.2971844482507639,,
classical/seed_iv__emotion__strict_loso/alpha_logistic,20260530,8,4.0,27555,2505.0,0.2683335617660927,0.26187624750499,0.2221365005467683,0.219127315137458,,
classical/seed_iv__emotion__strict_loso/alpha_logistic,20260530,9,4.0,27555,2505.0,0.2815853516635444,0.286626746506986,0.2604168326223199,0.2640647011868991,,
classical/seed_iv__emotion__strict_loso/alpha_logistic,20260530,10,4.0,27555,2505.0,0.317867244324068,0.332934131736527,0.2528634412288839,0.2596414090362801,,
classical/seed_iv__emotion__strict_loso/alpha_logistic,20260530,11,4.0,27555,2505.0,0.251530654725753,0.235129740518962,0.1934751959569587,0.1841304947121781,,
classical/seed_iv__emotion__strict_loso/alpha_logistic,20260530,12,4.0,27555,2505.0,0.2613266261240052,0.267065868263473,0.2275066864697495,0.2307146180197499,,
classical/seed_iv__emotion__strict_loso/alpha_logistic,20260530,13,4.0,27555,2505.0,0.2864749690062349,0.2822355289421158,0.2733396820952467,0.2705086235956153,,
classical/seed_iv__emotion__strict_loso/alpha_logistic,20260530,14,4.0,27555,2505.0,0.3185676965278973,0.3429141716566866,0.261708671561823,0.2787165485272215,,
classical/seed_iv__emotion__strict_loso/alpha_logistic,20260530,15,4.0,27555,2505.0,0.3921396539252965,0.3880239520958083,0.3524192612790154,0.3518192905325368,,
classical/seed_iv__emotion__strict_loso/spectral_logistic,20260530,1,4.0,27555,2505.0,0.3241401093638386,0.343313373253493,0.2898349340514428,0.3005052709920494,,
classical/seed_iv__emotion__strict_loso/spectral_logistic,20260530,2,4.0,27555,2505.0,0.3159776668417385,0.3197604790419162,0.3141311017573314,0.3159360763120579,,
classical/seed_iv__emotion__strict_loso/spectral_logistic,20260530,3,4.0,27555,2505.0,0.3276096416694048,0.3273453093812375,0.2957373892169239,0.2923538764297718,,
classical/seed_iv__emotion__strict_loso/spectral_logistic,20260530,4,4.0,27555,2505.0,0.3875667053970159,0.3852295409181637,0.3254382987947959,0.3251557039685429,,
classical/seed_iv__emotion__strict_loso/spectral_logistic,20260530,5,4.0,27555,2505.0,0.2879331635900575,0.2838323353293413,0.2230817462817759,0.2212316348748089,,
classical/seed_iv__emotion__strict_loso/spectral_logistic,20260530,6,4.0,27555,2505.0,0.3199414097417522,0.3161676646706587,0.321479268325233,0.3170640626406392,,
classical/seed_iv__emotion__strict_loso/spectral_logistic,20260530,7,4.0,27555,2505.0,0.4419528213044609,0.4207584830339321,0.3970934048226386,0.3867453797198628,,
classical/seed_iv__emotion__strict_loso/spectral_logistic,20260530,8,4.0,27555,2505.0,0.2979633804473418,0.3045908183632734,0.2928964399325834,0.2959958535313131,,
classical/seed_iv__emotion__strict_loso/spectral_logistic,20260530,9,4.0,27555,2505.0,0.367205619575993,0.3684630738522954,0.3723574511691212,0.3703433132998073,,
classical/seed_iv__emotion__strict_loso/spectral_logistic,20260530,10,4.0,27555,2505.0,0.319498073210412,0.3345309381237525,0.2450413132089554,0.2468484937411303,,
classical/seed_iv__emotion__strict_loso/spectral_logistic,20260530,11,4.0,27555,2505.0,0.2732110871541986,0.2786427145708582,0.2433396964735031,0.2464727288371745,,
classical/seed_iv__emotion__strict_loso/spectral_logistic,20260530,12,4.0,27555,2505.0,0.327980476111754,0.3377245508982036,0.3056798895191676,0.3100062703728686,,
classical/seed_iv__emotion__strict_loso/spectral_logistic,20260530,13,4.0,27555,2505.0,0.272503912070185,0.2522954091816367,0.2223527494873305,0.2154737260546157,,
classical/seed_iv__emotion__strict_loso/spectral_logistic,20260530,14,4.0,27555,2505.0,0.3664547021311024,0.3752495009980039,0.3189135882709106,0.318369767643377,,
classical/seed_iv__emotion__strict_loso/spectral_logistic,20260530,15,4.0,27555,2505.0,0.5142398095624718,0.5065868263473053,0.4932638995659408,0.4915873528732695,,
classical/seed_iv__emotion__strict_loso/spectral_svm,20260530,1,4.0,27555,2505.0,0.318678492320442,0.3389221556886228,0.2774317492815239,0.2890335181848721,,
classical/seed_iv__emotion__strict_loso/spectral_svm,20260530,2,4.0,27555,2505.0,0.3239785002184173,0.3313373253493014,0.3165259647281028,0.3206766889045339,,
classical/seed_iv__emotion__strict_loso/spectral_svm,20260530,3,4.0,27555,2505.0,0.3108714721359408,0.3109780439121756,0.2680206175139167,0.2641043381684862,,
classical/seed_iv__emotion__strict_loso/spectral_svm,20260530,4,4.0,27555,2505.0,0.3963790871152038,0.3920159680638722,0.3376749887815095,0.3375023663599586,,
classical/seed_iv__emotion__strict_loso/spectral_svm,20260530,5,4.0,27555,2505.0,0.2875498041068987,0.2846307385229541,0.2200725168141261,0.2191934800460456,,
classical/seed_iv__emotion__strict_loso/spectral_svm,20260530,6,4.0,27555,2505.0,0.3504000720861778,0.3437125748502994,0.3489367259251958,0.3419074690681536,,
classical/seed_iv__emotion__strict_loso/spectral_svm,20260530,7,4.0,27555,2505.0,0.4444832218451653,0.4239520958083832,0.400077252556289,0.3893761087309431,,
classical/seed_iv__emotion__strict_loso/spectral_svm,20260530,8,4.0,27555,2505.0,0.2971921039174641,0.3037924151696606,0.294831822559384,0.2976900300760116,,
classical/seed_iv__emotion__strict_loso/spectral_svm,20260530,9,4.0,27555,2505.0,0.3751254971271049,0.3768463073852295,0.3797073795067547,0.3779071879782649,,
classical/seed_iv__emotion__strict_loso/spectral_svm,20260530,10,4.0,27555,2505.0,0.3167990852827834,0.3313373253493014,0.2390574292363621,0.2399334533058607,,
classical/seed_iv__emotion__strict_loso/spectral_svm,20260530,11,4.0,27555,2505.0,0.2737876228624748,0.2790419161676646,0.2449252910151214,0.248343824844945,,
classical/seed_iv__emotion__strict_loso/spectral_svm,20260530,12,4.0,27555,2505.0,0.3203409605413643,0.3325349301397206,0.2940749251507885,0.2995897503716041,,
classical/seed_iv__emotion__strict_loso/spectral_svm,20260530,13,4.0,27555,2505.0,0.2715079705638879,0.2518962075848303,0.2217610660536309,0.2151518227624231,,
classical/seed_iv__emotion__strict_loso/spectral_svm,20260530,14,4.0,27555,2505.0,0.3754964222440045,0.3832335329341317,0.3264209933622899,0.3248520628175647,,
classical/seed_iv__emotion__strict_loso/spectral_svm,20260530,15,4.0,27555,2505.0,0.5110217374689807,0.5045908183632735,0.4928557794813281,0.4903442522831239,,
classical/seed_iv__emotion__trial_within_subject/alpha_logistic,20260530,1,4.0,24063,7515.0,0.2871480778165429,0.2844976713240186,0.2844029649112796,0.2847992004410062,,
classical/seed_iv__emotion__trial_within_subject/alpha_logistic,20260530,2,4.0,24145,7515.0,0.261299416409256,0.2640053226879574,0.2594714326807982,0.2627989309305799,,
classical/seed_iv__emotion__trial_within_subject/alpha_logistic,20260530,3,4.0,23953,7515.0,0.2705898050746895,0.2699933466400532,0.2682103694959456,0.269097888665341,,
classical/seed_iv__emotion__trial_within_subject/alpha_logistic,20260530,4,4.0,23743,7515.0,0.257156917812078,0.2582834331337325,0.2565061525534781,0.2583880893928937,,
classical/seed_iv__emotion__trial_within_subject/alpha_logistic,20260530,5,4.0,24098,7515.0,0.2527323465567431,0.2532268795741849,0.2510540321275717,0.2528275078325283,,
classical/seed_iv__emotion__trial_within_subject/spectral_logistic,20260530,1,4.0,24063,7515.0,0.4356601197463208,0.4288755821689953,0.4308096825370472,0.4278222038363695,,
classical/seed_iv__emotion__trial_within_subject/spectral_logistic,20260530,2,4.0,24145,7515.0,0.4236995649145516,0.4246174318030605,0.4237362725343483,0.4245552906461767,,
classical/seed_iv__emotion__trial_within_subject/spectral_logistic,20260530,3,4.0,23953,7515.0,0.4174300101326909,0.4174318030605455,0.4161888442678546,0.416869131789348,,
classical/seed_iv__emotion__trial_within_subject/spectral_logistic,20260530,4,4.0,23743,7515.0,0.4088640602070197,0.4083832335329341,0.4077516639740411,0.4073764576087907,,
classical/seed_iv__emotion__trial_within_subject/spectral_logistic,20260530,5,4.0,24098,7515.0,0.387943010307718,0.3815036593479707,0.3836836841186433,0.3800554910442249,,
classical/seed_iv__emotion__trial_within_subject/spectral_svm,20260530,1,4.0,24063,7515.0,0.4371493162031857,0.4330006653359947,0.433669215539919,0.4318818234999034,,
classical/seed_iv__emotion__trial_within_subject/spectral_svm,20260530,2,4.0,24145,7515.0,0.422634847182233,0.4242182302062541,0.4228248638792101,0.4237923314455515,,
classical/seed_iv__emotion__trial_within_subject/spectral_svm,20260530,3,4.0,23953,7515.0,0.4190865044240253,0.4194278110445775,0.419101623358713,0.4198547175082914,,
classical/seed_iv__emotion__trial_within_subject/spectral_svm,20260530,4,4.0,23743,7515.0,0.403318678038143,0.4026613439787092,0.4022891724955955,0.4017100644033131,,
classical/seed_iv__emotion__trial_within_subject/spectral_svm,20260530,5,4.0,24098,7515.0,0.3893505459678885,0.3834996673320026,0.3857307215480345,0.3816716996930747,,
classical_stimulus_holdout_matched/deap__arousal__loso_stimulus_heldout/alpha_logistic,20260530,1,2.0,47880,480.0,0.5416666666666666,0.4458333333333333,0.4423382658676776,0.4644123761770821,,
classical_stimulus_holdout_matched/deap__arousal__loso_stimulus_heldout/alpha_logistic,20260530,2,2.0,46740,480.0,0.4983333333333333,0.5979166666666667,0.4465916761748875,0.5189382851749413,,
classical_stimulus_holdout_matched/deap__arousal__loso_stimulus_heldout/alpha_logistic,20260530,3,2.0,46500,480.0,0.5571428571428572,0.6375,0.4995685936151854,0.6966134598792062,,
classical_stimulus_holdout_matched/deap__arousal__loso_stimulus_heldout/alpha_logistic,20260530,4,2.0,46620,480.0,0.505,0.6229166666666667,0.4130959055873432,0.5008258405334018,,
classical_stimulus_holdout_matched/deap__arousal__loso_stimulus_heldout/alpha_logistic,20260530,5,2.0,47400,480.0,0.4895833333333333,0.4895833333333333,0.33917362988104,0.33917362988104,,
classical_stimulus_holdout_matched/deap__arousal__loso_stimulus_heldout/alpha_logistic,20260530,6,2.0,47880,480.0,0.4763888888888889,0.5770833333333333,0.4757880126318734,0.5910054390221596,,
classical_stimulus_holdout_matched/deap__arousal__loso_stimulus_heldout/alpha_logistic,20260530,7,2.0,46980,480.0,0.525,0.525,0.4720592775548008,0.4720592775548008,,
classical_stimulus_holdout_matched/deap__arousal__loso_stimulus_heldout/alpha_logistic,20260530,8,2.0,46740,480.0,0.5020833333333333,0.5020833333333333,0.4739520999270906,0.4739520999270906,,
classical_stimulus_holdout_matched/deap__arousal__loso_stimulus_heldout/alpha_logistic,20260530,9,2.0,46740,480.0,0.4688888888888889,0.3916666666666666,0.3684665849614303,0.3382056088241655,,
classical_stimulus_holdout_matched/deap__arousal__loso_stimulus_heldout/alpha_logistic,20260530,10,2.0,47700,480.0,0.5444444444444445,0.6166666666666667,0.5321637426900585,0.5818713450292398,,
classical_stimulus_holdout_matched/deap__arousal__loso_stimulus_heldout/alpha_logistic,20260530,11,2.0,47340,480.0,0.5,0.7291666666666666,0.4564459930313588,0.6489547038327526,,
classical_stimulus_holdout_matched/deap__arousal__loso_stimulus_heldout/alpha_logistic,20260530,12,2.0,47040,480.0,0.4722222222222222,0.4125,0.4043931286961419,0.4391368628555336,,
classical_stimulus_holdout_matched/deap__arousal__loso_stimulus_heldout/alpha_logistic,20260530,14,2.0,46680,480.0,0.5678571428571428,0.64375,0.5067040885624823,0.701710128552626,,
classical_stimulus_holdout_matched/deap__arousal__loso_stimulus_heldout/alpha_logistic,20260530,15,2.0,47940,480.0,0.4833333333333333,0.2208333333333333,0.2207115695160702,0.228017398551857,,
classical_stimulus_holdout_matched/deap__arousal__loso_stimulus_heldout/alpha_logistic,20260530,16,2.0,47460,480.0,0.5094444444444444,0.49375,0.491629583462271,0.4998376474792864,,
classical_stimulus_holdout_matched/deap__arousal__loso_stimulus_heldout/alpha_logistic,20260530,17,2.0,46860,480.0,0.5145833333333333,0.5145833333333333,0.5143282713577877,0.5143282713577878,,
classical_stimulus_holdout_matched/deap__arousal__loso_stimulus_heldout/alpha_logistic,20260530,18,2.0,47280,480.0,0.4944444444444444,0.7375,0.4320913461538461,0.6403245192307693,,
classical_stimulus_holdout_matched/deap__arousal__loso_stimulus_heldout/alpha_logistic,20260530,19,2.0,46380,480.0,0.4986111111111111,0.6770833333333334,0.4894282832026023,0.6441953348568135,,
classical_stimulus_holdout_matched/deap__arousal__loso_stimulus_heldout/alpha_logistic,20260530,20,2.0,47760,480.0,0.444047619047619,0.2145833333333333,0.2140068018642146,0.2299722887013477,,
classical_stimulus_holdout_matched/deap__arousal__loso_stimulus_heldout/alpha_logistic,20260530,21,2.0,47880,480.0,0.5144444444444445,0.5041666666666667,0.5003411536241011,0.511271190888574,,
classical_stimulus_holdout_matched/deap__arousal__loso_stimulus_heldout/alpha_logistic,20260530,22,2.0,47040,480.0,0.5,0.5,0.3333333333333333,0.3333333333333333,,
classical_stimulus_holdout_matched/deap__arousal__loso_stimulus_heldout/alpha_logistic,20260530,23,2.0,46920,480.0,0.4714285714285714,0.7375,0.473170731707317,0.7530487804878049,,
classical_stimulus_holdout_matched/deap__arousal__loso_stimulus_heldout/alpha_logistic,20260530,25,2.0,48000,480.0,0.5022222222222222,0.4125,0.3786721504112809,0.3424280258519389,,
classical_stimulus_holdout_matched/deap__arousal__loso_stimulus_heldout/alpha_logistic,20260530,26,2.0,47880,480.0,0.5172222222222222,0.6229166666666667,0.4575932573747464,0.5324566879975028,,
classical_stimulus_holdout_matched/deap__arousal__loso_stimulus_heldout/alpha_logistic,20260530,27,2.0,46740,480.0,0.4869047619047619,0.6770833333333334,0.4767601324978374,0.7195761335105596,,
classical_stimulus_holdout_matched/deap__arousal__loso_stimulus_heldout/alpha_logistic,20260530,28,2.0,47280,480.0,0.5027777777777778,0.6270833333333333,0.3906339761274902,0.4855300392201362,,
classical_stimulus_holdout_matched/deap__arousal__loso_stimulus_heldout/alpha_logistic,20260530,29,2.0,46680,480.0,0.4892857142857142,0.16875,0.1657046772289476,0.1279006704158843,,
classical_stimulus_holdout_matched/deap__arousal__loso_stimulus_heldout/alpha_logistic,20260530,30,2.0,47580,480.0,0.4994444444444444,0.3770833333333333,0.2815917907646101,0.2161118758603429,,
classical_stimulus_holdout_matched/deap__arousal__loso_stimulus_heldout/alpha_logistic,20260530,31,2.0,47760,480.0,0.4461111111111111,0.4854166666666666,0.4453566867359971,0.4826217843459223,,
classical_stimulus_holdout_matched/deap__arousal__loso_stimulus_heldout/alpha_logistic,20260530,32,2.0,46740,480.0,0.4455555555555555,0.45,0.4406680908914352,0.4587298504563993,,
classical_stimulus_holdout_matched/deap__arousal__loso_stimulus_heldout/spectral_logistic,20260530,1,2.0,47880,480.0,0.5027777777777778,0.2541666666666666,0.2061937581995233,0.1086217409782146,,
classical_stimulus_holdout_matched/deap__arousal__loso_stimulus_heldout/spectral_logistic,20260530,2,2.0,46740,480.0,0.5,0.625,0.3846153846153846,0.4807692307692308,,
classical_stimulus_holdout_matched/deap__arousal__loso_stimulus_heldout/spectral_logistic,20260530,3,2.0,46500,480.0,0.580952380952381,0.4166666666666667,0.3879335470708248,0.4873943456718158,,
classical_stimulus_holdout_matched/deap__arousal__loso_stimulus_heldout/spectral_logistic,20260530,4,2.0,46620,480.0,0.5,0.625,0.3846153846153846,0.4807692307692308,,
classical_stimulus_holdout_matched/deap__arousal__loso_stimulus_heldout/spectral_logistic,20260530,5,2.0,47400,480.0,0.5,0.5,0.3333333333333333,0.3333333333333333,,
classical_stimulus_holdout_matched/deap__arousal__loso_stimulus_heldout/spectral_logistic,20260530,6,2.0,47880,480.0,0.4930555555555556,0.73125,0.4370448491240192,0.6405296797010664,,
classical_stimulus_holdout_matched/deap__arousal__loso_stimulus_heldout/spectral_logistic,20260530,7,2.0,46980,480.0,0.5666666666666667,0.5666666666666667,0.5644815131475633,0.5644815131475632,,
classical_stimulus_holdout_matched/deap__arousal__loso_stimulus_heldout/spectral_logistic,20260530,8,2.0,46740,480.0,0.5354166666666667,0.5354166666666667,0.5111234933843646,0.5111234933843645,,
classical_stimulus_holdout_matched/deap__arousal__loso_stimulus_heldout/spectral_logistic,20260530,9,2.0,46740,480.0,0.4638888888888889,0.3604166666666666,0.29812194273902,0.2458466499326033,,
classical_stimulus_holdout_matched/deap__arousal__loso_stimulus_heldout/spectral_logistic,20260530,10,2.0,47700,480.0,0.4177777777777777,0.4958333333333333,0.3899159663865546,0.4534663865546218,,
classical_stimulus_holdout_matched/deap__arousal__loso_stimulus_heldout/spectral_logistic,20260530,11,2.0,47340,480.0,0.5,0.25,0.2,0.1,,
classical_stimulus_holdout_matched/deap__arousal__loso_stimulus_heldout/spectral_logistic,20260530,12,2.0,47040,480.0,0.5666666666666667,0.3541666666666667,0.3409396924385232,0.2942562539862519,,
classical_stimulus_holdout_matched/deap__arousal__loso_stimulus_heldout/spectral_logistic,20260530,14,2.0,46680,480.0,0.5071428571428571,0.2125,0.2123769338959212,0.2049929676511954,,
classical_stimulus_holdout_matched/deap__arousal__loso_stimulus_heldout/spectral_logistic,20260530,15,2.0,47940,480.0,0.4142857142857143,0.5875,0.4162162162162162,0.6533783783783783,,
classical_stimulus_holdout_matched/deap__arousal__loso_stimulus_heldout/spectral_logistic,20260530,16,2.0,47460,480.0,0.5422222222222223,0.4291666666666666,0.3655449212719975,0.315317227539364,,
classical_stimulus_holdout_matched/deap__arousal__loso_stimulus_heldout/spectral_logistic,20260530,17,2.0,46860,480.0,0.5895833333333333,0.5895833333333333,0.5064486327645871,0.506448632764587,,
classical_stimulus_holdout_matched/deap__arousal__loso_stimulus_heldout/spectral_logistic,20260530,18,2.0,47280,480.0,0.4611111111111111,0.5583333333333333,0.4609712687515891,0.5755148741418764,,
classical_stimulus_holdout_matched/deap__arousal__loso_stimulus_heldout/spectral_logistic,20260530,19,2.0,46380,480.0,0.4499999999999999,0.525,0.4472727272727272,0.5509090909090909,,
classical_stimulus_holdout_matched/deap__arousal__loso_stimulus_heldout/spectral_logistic,20260530,20,2.0,47760,480.0,0.3488095238095238,0.2479166666666666,0.2355710056952783,0.3084306442149471,,
classical_stimulus_holdout_matched/deap__arousal__loso_stimulus_heldout/spectral_logistic,20260530,21,2.0,47880,480.0,0.5,0.375,0.2727272727272727,0.2045454545454545,,
classical_stimulus_holdout_matched/deap__arousal__loso_stimulus_heldout/spectral_logistic,20260530,22,2.0,47040,480.0,0.5,0.5,0.3333333333333333,0.3333333333333333,,
classical_stimulus_holdout_matched/deap__arousal__loso_stimulus_heldout/spectral_logistic,20260530,23,2.0,46920,480.0,0.4559523809523809,0.6854166666666667,0.4578056388812004,0.721278211237367,,
classical_stimulus_holdout_matched/deap__arousal__loso_stimulus_heldout/spectral_logistic,20260530,25,2.0,48000,480.0,0.4294444444444444,0.3770833333333333,0.3705235549278725,0.3544587914859275,,
classical_stimulus_holdout_matched/deap__arousal__loso_stimulus_heldout/spectral_logistic,20260530,26,2.0,47880,480.0,0.5172222222222222,0.6354166666666666,0.4281006815133545,0.5141834435147298,,
classical_stimulus_holdout_matched/deap__arousal__loso_stimulus_heldout/spectral_logistic,20260530,27,2.0,46740,480.0,0.4738095238095238,0.8166666666666667,0.4605363984674329,0.789272030651341,,
classical_stimulus_holdout_matched/deap__arousal__loso_stimulus_heldout/spectral_logistic,20260530,28,2.0,47280,480.0,0.5,0.625,0.3846153846153846,0.4807692307692308,,
classical_stimulus_holdout_matched/deap__arousal__loso_stimulus_heldout/spectral_logistic,20260530,29,2.0,46680,480.0,0.4059523809523809,0.2854166666666666,0.2703389041787988,0.3490054910720221,,
classical_stimulus_holdout_matched/deap__arousal__loso_stimulus_heldout/spectral_logistic,20260530,30,2.0,47580,480.0,0.5016666666666667,0.3770833333333333,0.2764633820497179,0.2090086661053947,,
classical_stimulus_holdout_matched/deap__arousal__loso_stimulus_heldout/spectral_logistic,20260530,31,2.0,47760,480.0,0.4983333333333333,0.56875,0.4835087719298245,0.5359649122807018,,
classical_stimulus_holdout_matched/deap__arousal__loso_stimulus_heldout/spectral_logistic,20260530,32,2.0,46740,480.0,0.4983333333333333,0.6229166666666667,0.3838254172015404,0.4797817715019256,,
classical_stimulus_holdout_matched/deap__arousal__loso_stimulus_heldout/spectral_svm,20260530,1,2.0,47880,480.0,0.5027777777777778,0.2541666666666666,0.2061937581995233,0.1086217409782146,,
classical_stimulus_holdout_matched/deap__arousal__loso_stimulus_heldout/spectral_svm,20260530,2,2.0,46740,480.0,0.5,0.625,0.3846153846153846,0.4807692307692308,,
classical_stimulus_holdout_matched/deap__arousal__loso_stimulus_heldout/spectral_svm,20260530,3,2.0,46500,480.0,0.5738095238095238,0.3541666666666667,0.3417210808515156,0.4096060943887031,,
classical_stimulus_holdout_matched/deap__arousal__loso_stimulus_heldout/spectral_svm,20260530,4,2.0,46620,480.0,0.5,0.625,0.3846153846153846,0.4807692307692308,,
classical_stimulus_holdout_matched/deap__arousal__loso_stimulus_heldout/spectral_svm,20260530,5,2.0,47400,480.0,0.5,0.5,0.3333333333333333,0.3333333333333333,,
classical_stimulus_holdout_matched/deap__arousal__loso_stimulus_heldout/spectral_svm,20260530,6,2.0,47880,480.0,0.4930555555555556,0.73125,0.4370448491240192,0.6405296797010664,,
classical_stimulus_holdout_matched/deap__arousal__loso_stimulus_heldout/spectral_svm,20260530,7,2.0,46980,480.0,0.5770833333333333,0.5770833333333333,0.5733333333333333,0.5733333333333334,,
classical_stimulus_holdout_matched/deap__arousal__loso_stimulus_heldout/spectral_svm,20260530,8,2.0,46740,480.0,0.5375000000000001,0.5375,0.511864406779661,0.511864406779661,,
classical_stimulus_holdout_matched/deap__arousal__loso_stimulus_heldout/spectral_svm,20260530,9,2.0,46740,480.0,0.4766666666666666,0.3666666666666666,0.2939946972189429,0.2373671885583789,,
classical_stimulus_holdout_matched/deap__arousal__loso_stimulus_heldout/spectral_svm,20260530,10,2.0,47700,480.0,0.4155555555555555,0.4791666666666667,0.4024380527448012,0.4559696438530794,,
classical_stimulus_holdout_matched/deap__arousal__loso_stimulus_heldout/spectral_svm,20260530,11,2.0,47340,480.0,0.5,0.25,0.2,0.1,,
classical_stimulus_holdout_matched/deap__arousal__loso_stimulus_heldout/spectral_svm,20260530,12,2.0,47040,480.0,0.5638888888888889,0.35,0.3358758314855876,0.287450110864745,,
classical_stimulus_holdout_matched/deap__arousal__loso_stimulus_heldout/spectral_svm,20260530,14,2.0,46680,480.0,0.5214285714285714,0.25,0.2493614359437716,0.2657816545325016,,
classical_stimulus_holdout_matched/deap__arousal__loso_stimulus_heldout/spectral_svm,20260530,15,2.0,47940,480.0,0.4059523809523809,0.5979166666666667,0.4138155771676611,0.6601962173893786,,
classical_stimulus_holdout_matched/deap__arousal__loso_stimulus_heldout/spectral_svm,20260530,16,2.0,47460,480.0,0.5394444444444445,0.4270833333333333,0.364158786892037,0.3141525248194837,,
classical_stimulus_holdout_matched/deap__arousal__loso_stimulus_heldout/spectral_svm,20260530,17,2.0,46860,480.0,0.5666666666666667,0.5666666666666667,0.466484268125855,0.466484268125855,,
classical_stimulus_holdout_matched/deap__arousal__loso_stimulus_heldout/spectral_svm,20260530,18,2.0,47280,480.0,0.4430555555555555,0.56875,0.4445158801594445,0.5758647293300759,,
classical_stimulus_holdout_matched/deap__arousal__loso_stimulus_heldout/spectral_svm,20260530,19,2.0,46380,480.0,0.4583333333333333,0.525,0.4531390537866522,0.5522576002878216,,
classical_stimulus_holdout_matched/deap__arousal__loso_stimulus_heldout/spectral_svm,20260530,20,2.0,47760,480.0,0.3488095238095238,0.2479166666666666,0.2355710056952783,0.3084306442149471,,
classical_stimulus_holdout_matched/deap__arousal__loso_stimulus_heldout/spectral_svm,20260530,21,2.0,47880,480.0,0.5,0.375,0.2727272727272727,0.2045454545454545,,
classical_stimulus_holdout_matched/deap__arousal__loso_stimulus_heldout/spectral_svm,20260530,22,2.0,47040,480.0,0.5,0.5,0.3333333333333333,0.3333333333333333,,
classical_stimulus_holdout_matched/deap__arousal__loso_stimulus_heldout/spectral_svm,20260530,23,2.0,46920,480.0,0.4535714285714285,0.68125,0.4556734040424254,0.7184810886531919,,
classical_stimulus_holdout_matched/deap__arousal__loso_stimulus_heldout/spectral_svm,20260530,25,2.0,48000,480.0,0.4288888888888889,0.3833333333333333,0.3798449612403101,0.3682170542635659,,
classical_stimulus_holdout_matched/deap__arousal__loso_stimulus_heldout/spectral_svm,20260530,26,2.0,47880,480.0,0.5144444444444445,0.6333333333333333,0.4225563909774436,0.5097744360902257,,
classical_stimulus_holdout_matched/deap__arousal__loso_stimulus_heldout/spectral_svm,20260530,27,2.0,46740,480.0,0.4726190476190476,0.8145833333333333,0.4597807256035104,0.7881327533226268,,
classical_stimulus_holdout_matched/deap__arousal__loso_stimulus_heldout/spectral_svm,20260530,28,2.0,47280,480.0,0.5,0.625,0.3846153846153846,0.4807692307692308,,
classical_stimulus_holdout_matched/deap__arousal__loso_stimulus_heldout/spectral_svm,20260530,29,2.0,46680,480.0,0.4047619047619047,0.2458333333333333,0.2394425379928566,0.2917308635058477,,
classical_stimulus_holdout_matched/deap__arousal__loso_stimulus_heldout/spectral_svm,20260530,30,2.0,47580,480.0,0.5016666666666667,0.3770833333333333,0.2764633820497179,0.2090086661053947,,
classical_stimulus_holdout_matched/deap__arousal__loso_stimulus_heldout/spectral_svm,20260530,31,2.0,47760,480.0,0.5027777777777778,0.5645833333333333,0.4942503239076624,0.5414009447516877,,
classical_stimulus_holdout_matched/deap__arousal__loso_stimulus_heldout/spectral_svm,20260530,32,2.0,46740,480.0,0.4983333333333333,0.6229166666666667,0.3838254172015404,0.4797817715019256,,
classical_stimulus_holdout_matched/deap__arousal__loso_stimulus_seen/alpha_logistic,20260530,1,2.0,47880,480.0,0.5236111111111111,0.38125,0.3809248780826736,0.3738313089773709,,
classical_stimulus_holdout_matched/deap__arousal__loso_stimulus_seen/alpha_logistic,20260530,2,2.0,46740,480.0,0.5055555555555555,0.625,0.4094326725905673,0.4986329460013671,,
classical_stimulus_holdout_matched/deap__arousal__loso_stimulus_seen/alpha_logistic,20260530,3,2.0,46500,480.0,0.5071428571428571,0.8625,0.4914927768860353,0.8172552166934189,,
classical_stimulus_holdout_matched/deap__arousal__loso_stimulus_seen/alpha_logistic,20260530,4,2.0,46620,480.0,0.4972222222222222,0.61875,0.392325200102386,0.4850589065450947,,
classical_stimulus_holdout_matched/deap__arousal__loso_stimulus_seen/alpha_logistic,20260530,5,2.0,47400,480.0,0.4895833333333333,0.4895833333333333,0.3522766703936461,0.3522766703936461,,
classical_stimulus_holdout_matched/deap__arousal__loso_stimulus_seen/alpha_logistic,20260530,6,2.0,47880,480.0,0.4902777777777777,0.48125,0.4530452729510935,0.5151474242514381,,
classical_stimulus_holdout_matched/deap__arousal__loso_stimulus_seen/alpha_logistic,20260530,7,2.0,46980,480.0,0.5208333333333334,0.5208333333333334,0.4790093627302929,0.479009362730293,,
classical_stimulus_holdout_matched/deap__arousal__loso_stimulus_seen/alpha_logistic,20260530,8,2.0,46740,480.0,0.5,0.5,0.4712103407755582,0.4712103407755582,,
classical_stimulus_holdout_matched/deap__arousal__loso_stimulus_seen/alpha_logistic,20260530,9,2.0,46740,480.0,0.4727777777777778,0.44375,0.4437475857100074,0.4440373005091168,,
classical_stimulus_holdout_matched/deap__arousal__loso_stimulus_seen/alpha_logistic,20260530,10,2.0,47700,480.0,0.515,0.6104166666666667,0.4731621423330887,0.5403888481291269,,
classical_stimulus_holdout_matched/deap__arousal__loso_stimulus_seen/alpha_logistic,20260530,11,2.0,47340,480.0,0.5069444444444444,0.3020833333333333,0.284617951284618,0.2287287287287287,,
classical_stimulus_holdout_matched/deap__arousal__loso_stimulus_seen/alpha_logistic,20260530,12,2.0,47040,480.0,0.4805555555555555,0.3916666666666666,0.3892810457516339,0.4083660130718954,,
classical_stimulus_holdout_matched/deap__arousal__loso_stimulus_seen/alpha_logistic,20260530,14,2.0,46680,480.0,0.5797619047619048,0.6270833333333333,0.5041522631132451,0.6893204023568926,,
classical_stimulus_holdout_matched/deap__arousal__loso_stimulus_seen/alpha_logistic,20260530,15,2.0,47940,480.0,0.5595238095238095,0.3541666666666667,0.3401330376940132,0.4123059866962305,,
classical_stimulus_holdout_matched/deap__arousal__loso_stimulus_seen/alpha_logistic,20260530,16,2.0,47460,480.0,0.5211111111111111,0.4583333333333333,0.4503074402297433,0.4337021441533501,,
classical_stimulus_holdout_matched/deap__arousal__loso_stimulus_seen/alpha_logistic,20260530,17,2.0,46860,480.0,0.4958333333333333,0.4958333333333333,0.4806774083942846,0.4806774083942846,,
classical_stimulus_holdout_matched/deap__arousal__loso_stimulus_seen/alpha_logistic,20260530,18,2.0,47280,480.0,0.5069444444444444,0.7479166666666667,0.4509929956234462,0.652867446191075,,
classical_stimulus_holdout_matched/deap__arousal__loso_stimulus_seen/alpha_logistic,20260530,19,2.0,46380,480.0,0.5055555555555555,0.6625,0.5028641571194763,0.6437193126022913,,
classical_stimulus_holdout_matched/deap__arousal__loso_stimulus_seen/alpha_logistic,20260530,20,2.0,47760,480.0,0.4595238095238095,0.2166666666666666,0.2163265306122448,0.2285714285714285,,
classical_stimulus_holdout_matched/deap__arousal__loso_stimulus_seen/alpha_logistic,20260530,21,2.0,47880,480.0,0.4983333333333333,0.5270833333333333,0.4982847933694025,0.5283354437665477,,
classical_stimulus_holdout_matched/deap__arousal__loso_stimulus_seen/alpha_logistic,20260530,22,2.0,47040,480.0,0.5104166666666667,0.5104166666666666,0.3661461347838547,0.3661461347838546,,
classical_stimulus_holdout_matched/deap__arousal__loso_stimulus_seen/alpha_logistic,20260530,23,2.0,46920,480.0,0.4511904761904762,0.7645833333333333,0.4500714785412294,0.7619840618061259,,
classical_stimulus_holdout_matched/deap__arousal__loso_stimulus_seen/alpha_logistic,20260530,25,2.0,48000,480.0,0.4794444444444444,0.3895833333333333,0.3524116495913433,0.3136238056866582,,
classical_stimulus_holdout_matched/deap__arousal__loso_stimulus_seen/alpha_logistic,20260530,26,2.0,47880,480.0,0.5816666666666667,0.5729166666666666,0.5676454692848136,0.579580255809764,,
classical_stimulus_holdout_matched/deap__arousal__loso_stimulus_seen/alpha_logistic,20260530,27,2.0,46740,480.0,0.5261904761904762,0.6458333333333334,0.4888627195510009,0.7013041517376162,,
classical_stimulus_holdout_matched/deap__arousal__loso_stimulus_seen/alpha_logistic,20260530,28,2.0,47280,480.0,0.5027777777777778,0.6270833333333333,0.3906339761274902,0.4855300392201362,,
classical_stimulus_holdout_matched/deap__arousal__loso_stimulus_seen/alpha_logistic,20260530,29,2.0,46680,480.0,0.4976190476190476,0.2708333333333333,0.2671563923156113,0.3060887089738444,,
classical_stimulus_holdout_matched/deap__arousal__loso_stimulus_seen/alpha_logistic,20260530,30,2.0,47580,480.0,0.4994444444444444,0.38125,0.2960382398980796,0.2348082326392146,,
classical_stimulus_holdout_matched/deap__arousal__loso_stimulus_seen/alpha_logistic,20260530,31,2.0,47760,480.0,0.4866666666666667,0.4708333333333333,0.4690265486725664,0.4767699115044248,,
classical_stimulus_holdout_matched/deap__arousal__loso_stimulus_seen/alpha_logistic,20260530,32,2.0,46740,480.0,0.4472222222222222,0.4104166666666666,0.4096761997470786,0.4044493744323392,,
classical_stimulus_holdout_matched/deap__arousal__loso_stimulus_seen/spectral_logistic,20260530,1,2.0,47880,480.0,0.513888888888889,0.275,0.2378310306437188,0.1536748736106295,,
classical_stimulus_holdout_matched/deap__arousal__loso_stimulus_seen/spectral_logistic,20260530,2,2.0,46740,480.0,0.5,0.625,0.3846153846153846,0.4807692307692308,,
classical_stimulus_holdout_matched/deap__arousal__loso_stimulus_seen/spectral_logistic,20260530,3,2.0,46500,480.0,0.519047619047619,0.7708333333333334,0.5169082125603864,0.7795893719806763,,
classical_stimulus_holdout_matched/deap__arousal__loso_stimulus_seen/spectral_logistic,20260530,4,2.0,46620,480.0,0.5,0.625,0.3846153846153846,0.4807692307692308,,
classical_stimulus_holdout_matched/deap__arousal__loso_stimulus_seen/spectral_logistic,20260530,5,2.0,47400,480.0,0.5,0.5,0.3405989559483469,0.3405989559483469,,
classical_stimulus_holdout_matched/deap__arousal__loso_stimulus_seen/spectral_logistic,20260530,6,2.0,47880,480.0,0.4791666666666667,0.7020833333333333,0.4381093492906786,0.6306739577108522,,
classical_stimulus_holdout_matched/deap__arousal__loso_stimulus_seen/spectral_logistic,20260530,7,2.0,46980,480.0,0.5666666666666667,0.5666666666666667,0.5615206239898812,0.5615206239898813,,
classical_stimulus_holdout_matched/deap__arousal__loso_stimulus_seen/spectral_logistic,20260530,8,2.0,46740,480.0,0.5208333333333334,0.5208333333333334,0.4658512511853845,0.4658512511853845,,
classical_stimulus_holdout_matched/deap__arousal__loso_stimulus_seen/spectral_logistic,20260530,9,2.0,46740,480.0,0.4838888888888889,0.3729166666666667,0.2999152029073289,0.2433979406420351,,
classical_stimulus_holdout_matched/deap__arousal__loso_stimulus_seen/spectral_logistic,20260530,10,2.0,47700,480.0,0.4877777777777777,0.6083333333333333,0.3831852358168148,0.4763499658236501,,
classical_stimulus_holdout_matched/deap__arousal__loso_stimulus_seen/spectral_logistic,20260530,11,2.0,47340,480.0,0.5,0.25,0.2,0.1,,
classical_stimulus_holdout_matched/deap__arousal__loso_stimulus_seen/spectral_logistic,20260530,12,2.0,47040,480.0,0.4833333333333333,0.6916666666666667,0.455815663684275,0.6349430077215344,,
classical_stimulus_holdout_matched/deap__arousal__loso_stimulus_seen/spectral_logistic,20260530,14,2.0,46680,480.0,0.4976190476190475,0.1333333333333333,0.1222239805876457,0.0481616289497283,,
classical_stimulus_holdout_matched/deap__arousal__loso_stimulus_seen/spectral_logistic,20260530,15,2.0,47940,480.0,0.4202380952380952,0.5729166666666666,0.4156734897475638,0.6430130226426523,,
classical_stimulus_holdout_matched/deap__arousal__loso_stimulus_seen/spectral_logistic,20260530,16,2.0,47460,480.0,0.508888888888889,0.3875,0.2972671500278862,0.234313998884551,,
classical_stimulus_holdout_matched/deap__arousal__loso_stimulus_seen/spectral_logistic,20260530,17,2.0,46860,480.0,0.7041666666666666,0.7041666666666667,0.6858175381665315,0.6858175381665315,,
classical_stimulus_holdout_matched/deap__arousal__loso_stimulus_seen/spectral_logistic,20260530,18,2.0,47280,480.0,0.5027777777777778,0.6833333333333333,0.4932066349920814,0.6484121030257565,,
classical_stimulus_holdout_matched/deap__arousal__loso_stimulus_seen/spectral_logistic,20260530,19,2.0,46380,480.0,0.5277777777777778,0.6208333333333333,0.5245559038662487,0.6315308254963428,,
classical_stimulus_holdout_matched/deap__arousal__loso_stimulus_seen/spectral_logistic,20260530,20,2.0,47760,480.0,0.3488095238095238,0.1229166666666666,0.1215402605645129,0.0954609870500219,,
classical_stimulus_holdout_matched/deap__arousal__loso_stimulus_seen/spectral_logistic,20260530,21,2.0,47880,480.0,0.5016666666666667,0.3770833333333333,0.2764633820497179,0.2090086661053947,,
classical_stimulus_holdout_matched/deap__arousal__loso_stimulus_seen/spectral_logistic,20260530,22,2.0,47040,480.0,0.5,0.5,0.3333333333333333,0.3333333333333333,,
classical_stimulus_holdout_matched/deap__arousal__loso_stimulus_seen/spectral_logistic,20260530,23,2.0,46920,480.0,0.4357142857142857,0.6375,0.4379693682538828,0.6891268068154289,,
classical_stimulus_holdout_matched/deap__arousal__loso_stimulus_seen/spectral_logistic,20260530,25,2.0,48000,480.0,0.4855555555555556,0.4916666666666666,0.4806208425720621,0.4995565410199557,,
classical_stimulus_holdout_matched/deap__arousal__loso_stimulus_seen/spectral_logistic,20260530,26,2.0,47880,480.0,0.565,0.6520833333333333,0.542400456686171,0.5984087341230198,,
classical_stimulus_holdout_matched/deap__arousal__loso_stimulus_seen/spectral_logistic,20260530,27,2.0,46740,480.0,0.5630952380952381,0.8104166666666667,0.5635447996083094,0.8097328110792473,,
classical_stimulus_holdout_matched/deap__arousal__loso_stimulus_seen/spectral_logistic,20260530,28,2.0,47280,480.0,0.5,0.625,0.3846153846153846,0.4807692307692308,,
classical_stimulus_holdout_matched/deap__arousal__loso_stimulus_seen/spectral_logistic,20260530,29,2.0,46680,480.0,0.469047619047619,0.1833333333333333,0.1826380080276624,0.1647582144532675,,
classical_stimulus_holdout_matched/deap__arousal__loso_stimulus_seen/spectral_logistic,20260530,30,2.0,47580,480.0,0.5016666666666667,0.3770833333333333,0.2764633820497179,0.2090086661053947,,
classical_stimulus_holdout_matched/deap__arousal__loso_stimulus_seen/spectral_logistic,20260530,31,2.0,47760,480.0,0.4994444444444444,0.4270833333333333,0.4111322766429186,0.3869028234422887,,
classical_stimulus_holdout_matched/deap__arousal__loso_stimulus_seen/spectral_logistic,20260530,32,2.0,46740,480.0,0.49,0.6125,0.3798449612403101,0.4748062015503876,,
classical_stimulus_holdout_matched/deap__arousal__loso_stimulus_seen/spectral_svm,20260530,1,2.0,47880,480.0,0.5111111111111111,0.2708333333333333,0.2319508448540706,0.1455453149001536,,
classical_stimulus_holdout_matched/deap__arousal__loso_stimulus_seen/spectral_svm,20260530,2,2.0,46740,480.0,0.5,0.625,0.3846153846153846,0.4807692307692308,,
classical_stimulus_holdout_matched/deap__arousal__loso_stimulus_seen/spectral_svm,20260530,3,2.0,46500,480.0,0.5261904761904762,0.7333333333333333,0.5151362101076422,0.7590833043972348,,
classical_stimulus_holdout_matched/deap__arousal__loso_stimulus_seen/spectral_svm,20260530,4,2.0,46620,480.0,0.5,0.625,0.3846153846153846,0.4807692307692308,,
classical_stimulus_holdout_matched/deap__arousal__loso_stimulus_seen/spectral_svm,20260530,5,2.0,47400,480.0,0.5020833333333333,0.5020833333333333,0.3485926489543526,0.3485926489543526,,
classical_stimulus_holdout_matched/deap__arousal__loso_stimulus_seen/spectral_svm,20260530,6,2.0,47880,480.0,0.4736111111111111,0.68125,0.4454470629988447,0.6262544268335964,,
classical_stimulus_holdout_matched/deap__arousal__loso_stimulus_seen/spectral_svm,20260530,7,2.0,46980,480.0,0.5645833333333333,0.5645833333333333,0.5587905442550851,0.5587905442550852,,
classical_stimulus_holdout_matched/deap__arousal__loso_stimulus_seen/spectral_svm,20260530,8,2.0,46740,480.0,0.51875,0.51875,0.476069195911752,0.476069195911752,,
classical_stimulus_holdout_matched/deap__arousal__loso_stimulus_seen/spectral_svm,20260530,9,2.0,46740,480.0,0.4938888888888889,0.3770833333333333,0.2936138796603913,0.2329088224437061,,
classical_stimulus_holdout_matched/deap__arousal__loso_stimulus_seen/spectral_svm,20260530,10,2.0,47700,480.0,0.4827777777777777,0.6020833333333333,0.3806702650120583,0.4732471576899433,,
classical_stimulus_holdout_matched/deap__arousal__loso_stimulus_seen/spectral_svm,20260530,11,2.0,47340,480.0,0.5,0.25,0.2,0.1,,
classical_stimulus_holdout_matched/deap__arousal__loso_stimulus_seen/spectral_svm,20260530,12,2.0,47040,480.0,0.4722222222222222,0.6708333333333333,0.4503710575139146,0.6244202226345084,,
classical_stimulus_holdout_matched/deap__arousal__loso_stimulus_seen/spectral_svm,20260530,14,2.0,46680,480.0,0.4976190476190475,0.1333333333333333,0.1222239805876457,0.0481616289497283,,
classical_stimulus_holdout_matched/deap__arousal__loso_stimulus_seen/spectral_svm,20260530,15,2.0,47940,480.0,0.4226190476190476,0.5645833333333333,0.4145350771223979,0.6368287900274875,,
classical_stimulus_holdout_matched/deap__arousal__loso_stimulus_seen/spectral_svm,20260530,16,2.0,47460,480.0,0.5072222222222222,0.3854166666666667,0.2936634226396835,0.2300195539504466,,
classical_stimulus_holdout_matched/deap__arousal__loso_stimulus_seen/spectral_svm,20260530,17,2.0,46860,480.0,0.6937500000000001,0.69375,0.6714701431730881,0.6714701431730882,,
classical_stimulus_holdout_matched/deap__arousal__loso_stimulus_seen/spectral_svm,20260530,18,2.0,47280,480.0,0.5097222222222222,0.69375,0.4995709189426875,0.6554337264803297,,
classical_stimulus_holdout_matched/deap__arousal__loso_stimulus_seen/spectral_svm,20260530,19,2.0,46380,480.0,0.5277777777777778,0.6083333333333333,0.521993389270277,0.6235697940503432,,
classical_stimulus_holdout_matched/deap__arousal__loso_stimulus_seen/spectral_svm,20260530,20,2.0,47760,480.0,0.3583333333333333,0.1145833333333333,0.1117729273613124,0.0743008477343678,,
classical_stimulus_holdout_matched/deap__arousal__loso_stimulus_seen/spectral_svm,20260530,21,2.0,47880,480.0,0.5016666666666667,0.3770833333333333,0.2764633820497179,0.2090086661053947,,
classical_stimulus_holdout_matched/deap__arousal__loso_stimulus_seen/spectral_svm,20260530,22,2.0,47040,480.0,0.5,0.5,0.3333333333333333,0.3333333333333333,,
classical_stimulus_holdout_matched/deap__arousal__loso_stimulus_seen/spectral_svm,20260530,23,2.0,46920,480.0,0.4333333333333333,0.6333333333333333,0.4358371620899668,0.6861844214125441,,
classical_stimulus_holdout_matched/deap__arousal__loso_stimulus_seen/spectral_svm,20260530,25,2.0,48000,480.0,0.4794444444444444,0.49375,0.4773608155035286,0.5004984877338411,,
classical_stimulus_holdout_matched/deap__arousal__loso_stimulus_seen/spectral_svm,20260530,26,2.0,47880,480.0,0.5672222222222222,0.6479166666666667,0.5510070791659979,0.6031557361170303,,
classical_stimulus_holdout_matched/deap__arousal__loso_stimulus_seen/spectral_svm,20260530,27,2.0,46740,480.0,0.5642857142857143,0.8125,0.5651998872740448,0.8111337010346632,,
classical_stimulus_holdout_matched/deap__arousal__loso_stimulus_seen/spectral_svm,20260530,28,2.0,47280,480.0,0.5,0.625,0.3846153846153846,0.4807692307692308,,
classical_stimulus_holdout_matched/deap__arousal__loso_stimulus_seen/spectral_svm,20260530,29,2.0,46680,480.0,0.4678571428571428,0.16875,0.166837052085735,0.1368952586450661,,
classical_stimulus_holdout_matched/deap__arousal__loso_stimulus_seen/spectral_svm,20260530,30,2.0,47580,480.0,0.5016666666666667,0.3770833333333333,0.2764633820497179,0.2090086661053947,,
classical_stimulus_holdout_matched/deap__arousal__loso_stimulus_seen/spectral_svm,20260530,31,2.0,47760,480.0,0.4933333333333333,0.4125,0.3880208333333333,0.357421875,,
classical_stimulus_holdout_matched/deap__arousal__loso_stimulus_seen/spectral_svm,20260530,32,2.0,46740,480.0,0.4933333333333333,0.6166666666666667,0.3814432989690721,0.4768041237113402,,
classical_stimulus_holdout_matched/deap__valence__loso_stimulus_heldout/alpha_logistic,20260530,1,2.0,47880,480.0,0.4838888888888889,0.3895833333333333,0.3466839472107251,0.3048308875789122,,
classical_stimulus_holdout_matched/deap__valence__loso_stimulus_heldout/alpha_logistic,20260530,2,2.0,47880,480.0,0.5583333333333333,0.5895833333333333,0.5586896966925062,0.5878805344633664,,
classical_stimulus_holdout_matched/deap__valence__loso_stimulus_heldout/alpha_logistic,20260530,3,2.0,47460,480.0,0.5722222222222222,0.5083333333333333,0.5020309120641452,0.4880255314659492,,
classical_stimulus_holdout_matched/deap__valence__loso_stimulus_heldout/alpha_logistic,20260530,4,2.0,47760,480.0,0.475,0.475,0.3912920952515147,0.3912920952515147,,
classical_stimulus_holdout_matched/deap__valence__loso_stimulus_heldout/alpha_logistic,20260530,5,2.0,47280,480.0,0.5041666666666667,0.5041666666666667,0.3782654127481714,0.3782654127481714,,
classical_stimulus_holdout_matched/deap__valence__loso_stimulus_heldout/alpha_logistic,20260530,6,2.0,47940,480.0,0.5222222222222223,0.575,0.5089858793324775,0.59900513478819,,
classical_stimulus_holdout_matched/deap__valence__loso_stimulus_heldout/alpha_logistic,20260530,7,2.0,47700,480.0,0.4680555555555555,0.2645833333333333,0.2419165052279306,0.1763738697424287,,
classical_stimulus_holdout_matched/deap__valence__loso_stimulus_heldout/alpha_logistic,20260530,8,2.0,47340,480.0,0.4905555555555556,0.4520833333333333,0.4515477354187032,0.4472629521016618,,
classical_stimulus_holdout_matched/deap__valence__loso_stimulus_heldout/alpha_logistic,20260530,9,2.0,47880,480.0,0.4979166666666667,0.4979166666666667,0.396213809625713,0.3962138096257131,,
classical_stimulus_holdout_matched/deap__valence__loso_stimulus_heldout/alpha_logistic,20260530,10,2.0,46620,480.0,0.4788888888888888,0.5416666666666666,0.4685883371243382,0.5178546267034361,,
classical_stimulus_holdout_matched/deap__valence__loso_stimulus_heldout/alpha_logistic,20260530,11,2.0,47940,480.0,0.5,0.5,0.3333333333333333,0.3333333333333333,,
classical_stimulus_holdout_matched/deap__valence__loso_stimulus_heldout/alpha_logistic,20260530,12,2.0,47580,480.0,0.5166666666666666,0.5166666666666667,0.5006367598787466,0.5006367598787466,,
classical_stimulus_holdout_matched/deap__valence__loso_stimulus_heldout/alpha_logistic,20260530,13,2.0,47700,480.0,0.5161111111111111,0.61875,0.4621568831550524,0.534709678604449,,
classical_stimulus_holdout_matched/deap__valence__loso_stimulus_heldout/alpha_logistic,20260530,14,2.0,47640,480.0,0.4666666666666667,0.5,0.4666666666666667,0.5,,
classical_stimulus_holdout_matched/deap__valence__loso_stimulus_heldout/alpha_logistic,20260530,15,2.0,46800,480.0,0.4541666666666666,0.4541666666666666,0.4095109308091052,0.4095109308091053,,
classical_stimulus_holdout_matched/deap__valence__loso_stimulus_heldout/alpha_logistic,20260530,16,2.0,47760,480.0,0.4875,0.5770833333333333,0.4849649296213879,0.5938733872118652,,
classical_stimulus_holdout_matched/deap__valence__loso_stimulus_heldout/alpha_logistic,20260530,17,2.0,47400,480.0,0.5338888888888889,0.6270833333333333,0.4985731043297092,0.5620349458129804,,
classical_stimulus_holdout_matched/deap__valence__loso_stimulus_heldout/alpha_logistic,20260530,18,2.0,47400,480.0,0.5479166666666666,0.5479166666666667,0.5409815837369282,0.5409815837369282,,
classical_stimulus_holdout_matched/deap__valence__loso_stimulus_heldout/alpha_logistic,20260530,19,2.0,47520,480.0,0.4605555555555555,0.41875,0.4171689696442172,0.4095800239364596,,
classical_stimulus_holdout_matched/deap__valence__loso_stimulus_heldout/alpha_logistic,20260530,20,2.0,46980,480.0,0.4895833333333333,0.4895833333333333,0.4443158138457976,0.4443158138457976,,
classical_stimulus_holdout_matched/deap__valence__loso_stimulus_heldout/alpha_logistic,20260530,21,2.0,47580,480.0,0.5277777777777778,0.3708333333333333,0.3692564745196324,0.3534878863826232,,
classical_stimulus_holdout_matched/deap__valence__loso_stimulus_heldout/alpha_logistic,20260530,22,2.0,47880,480.0,0.4937499999999999,0.49375,0.3341515627229913,0.3341515627229913,,
classical_stimulus_holdout_matched/deap__valence__loso_stimulus_heldout/alpha_logistic,20260530,23,2.0,47400,480.0,0.4916666666666666,0.7041666666666667,0.4621042330881657,0.6425234382398435,,
classical_stimulus_holdout_matched/deap__valence__loso_stimulus_heldout/alpha_logistic,20260530,24,2.0,47640,480.0,0.4458333333333333,0.4458333333333333,0.443359375,0.443359375,,
classical_stimulus_holdout_matched/deap__valence__loso_stimulus_heldout/alpha_logistic,20260530,25,2.0,47220,480.0,0.5016666666666667,0.3770833333333333,0.2764633820497179,0.2090086661053947,,
classical_stimulus_holdout_matched/deap__valence__loso_stimulus_heldout/alpha_logistic,20260530,26,2.0,47760,480.0,0.4499999999999999,0.4708333333333333,0.430322966507177,0.50627990430622,,
classical_stimulus_holdout_matched/deap__valence__loso_stimulus_heldout/alpha_logistic,20260530,27,2.0,47640,480.0,0.5104166666666666,0.5104166666666666,0.5029063234017425,0.5029063234017425,,
classical_stimulus_holdout_matched/deap__valence__loso_stimulus_heldout/alpha_logistic,20260530,28,2.0,47100,480.0,0.4979166666666667,0.4979166666666667,0.3597201543136419,0.3597201543136419,,
classical_stimulus_holdout_matched/deap__valence__loso_stimulus_heldout/alpha_logistic,20260530,29,2.0,47760,480.0,0.48,0.525,0.478021978021978,0.5171703296703297,,
classical_stimulus_holdout_matched/deap__valence__loso_stimulus_heldout/alpha_logistic,20260530,30,2.0,46740,480.0,0.5041666666666667,0.7479166666666667,0.4435449101796407,0.6493173652694609,,
classical_stimulus_holdout_matched/deap__valence__loso_stimulus_heldout/alpha_logistic,20260530,31,2.0,47940,480.0,0.4888888888888889,0.5916666666666667,0.4293478260869565,0.5054347826086957,,
classical_stimulus_holdout_matched/deap__valence__loso_stimulus_heldout/alpha_logistic,20260530,32,2.0,48000,480.0,0.5077777777777778,0.4,0.3388303265673126,0.2885538826500353,,
classical_stimulus_holdout_matched/deap__valence__loso_stimulus_heldout/spectral_logistic,20260530,1,2.0,47880,480.0,0.4555555555555556,0.4,0.3928747101398355,0.3764317335394561,,
classical_stimulus_holdout_matched/deap__valence__loso_stimulus_heldout/spectral_logistic,20260530,2,2.0,47880,480.0,0.4922222222222222,0.6083333333333333,0.4018929452000318,0.4897399188737771,,
classical_stimulus_holdout_matched/deap__valence__loso_stimulus_heldout/spectral_logistic,20260530,3,2.0,47460,480.0,0.5433333333333333,0.4541666666666666,0.4261831322662481,0.3945036593601138,,
classical_stimulus_holdout_matched/deap__valence__loso_stimulus_heldout/spectral_logistic,20260530,4,2.0,47760,480.0,0.4666666666666667,0.4666666666666667,0.3433652530779754,0.3433652530779754,,
classical_stimulus_holdout_matched/deap__valence__loso_stimulus_heldout/spectral_logistic,20260530,5,2.0,47280,480.0,0.5583333333333333,0.5583333333333333,0.5457142857142857,0.5457142857142857,,
classical_stimulus_holdout_matched/deap__valence__loso_stimulus_heldout/spectral_logistic,20260530,6,2.0,47940,480.0,0.4986111111111111,0.7479166666666667,0.4278903456495828,0.6418355184743743,,
classical_stimulus_holdout_matched/deap__valence__loso_stimulus_heldout/spectral_logistic,20260530,7,2.0,47700,480.0,0.6208333333333333,0.5354166666666667,0.5261850905887717,0.5592534228080971,,
classical_stimulus_holdout_matched/deap__valence__loso_stimulus_heldout/spectral_logistic,20260530,8,2.0,47340,480.0,0.5655555555555556,0.5083333333333333,0.5045399674591927,0.4937017792473626,,
classical_stimulus_holdout_matched/deap__valence__loso_stimulus_heldout/spectral_logistic,20260530,9,2.0,47880,480.0,0.5,0.5,0.3333333333333333,0.3333333333333333,,
classical_stimulus_holdout_matched/deap__valence__loso_stimulus_heldout/spectral_logistic,20260530,10,2.0,46620,480.0,0.5522222222222223,0.45,0.4064637002341921,0.3662763466042155,,
classical_stimulus_holdout_matched/deap__valence__loso_stimulus_heldout/spectral_logistic,20260530,11,2.0,47940,480.0,0.5,0.5,0.3333333333333333,0.3333333333333333,,
classical_stimulus_holdout_matched/deap__valence__loso_stimulus_heldout/spectral_logistic,20260530,12,2.0,47580,480.0,0.4229166666666666,0.4229166666666666,0.349762078257425,0.3497620782574249,,
classical_stimulus_holdout_matched/deap__valence__loso_stimulus_heldout/spectral_logistic,20260530,13,2.0,47700,480.0,0.5055555555555555,0.625,0.4094326725905673,0.4986329460013671,,
classical_stimulus_holdout_matched/deap__valence__loso_stimulus_heldout/spectral_logistic,20260530,14,2.0,47640,480.0,0.5016666666666667,0.61875,0.4111613876319758,0.4985671191553544,,
classical_stimulus_holdout_matched/deap__valence__loso_stimulus_heldout/spectral_logistic,20260530,15,2.0,46800,480.0,0.5166666666666667,0.5166666666666667,0.4199516626385532,0.4199516626385532,,
classical_stimulus_holdout_matched/deap__valence__loso_stimulus_heldout/spectral_logistic,20260530,16,2.0,47760,480.0,0.5166666666666666,0.7458333333333333,0.4774414620217018,0.6646916047972588,,
classical_stimulus_holdout_matched/deap__valence__loso_stimulus_heldout/spectral_logistic,20260530,17,2.0,47400,480.0,0.5144444444444445,0.6333333333333333,0.4225563909774436,0.5097744360902257,,
classical_stimulus_holdout_matched/deap__valence__loso_stimulus_heldout/spectral_logistic,20260530,18,2.0,47400,480.0,0.5416666666666666,0.5416666666666666,0.4794028908915225,0.4794028908915225,,
classical_stimulus_holdout_matched/deap__valence__loso_stimulus_heldout/spectral_logistic,20260530,19,2.0,47520,480.0,0.47,0.4041666666666667,0.3912195121951219,0.3690243902439024,,
classical_stimulus_holdout_matched/deap__valence__loso_stimulus_heldout/spectral_logistic,20260530,20,2.0,46980,480.0,0.5083333333333333,0.5083333333333333,0.365079365079365,0.365079365079365,,
classical_stimulus_holdout_matched/deap__valence__loso_stimulus_heldout/spectral_logistic,20260530,21,2.0,47580,480.0,0.4833333333333333,0.7208333333333333,0.42604226156482,0.6317104511707595,,
classical_stimulus_holdout_matched/deap__valence__loso_stimulus_heldout/spectral_logistic,20260530,22,2.0,47880,480.0,0.5020833333333333,0.5020833333333333,0.3415637860082304,0.3415637860082304,,
classical_stimulus_holdout_matched/deap__valence__loso_stimulus_heldout/spectral_logistic,20260530,23,2.0,47400,480.0,0.4041666666666667,0.4895833333333333,0.4071355471644846,0.5176800649327734,,
classical_stimulus_holdout_matched/deap__valence__loso_stimulus_heldout/spectral_logistic,20260530,24,2.0,47640,480.0,0.5229166666666667,0.5229166666666667,0.4059373834654733,0.4059373834654733,,
classical_stimulus_holdout_matched/deap__valence__loso_stimulus_heldout/spectral_logistic,20260530,25,2.0,47220,480.0,0.5,0.375,0.2727272727272727,0.2045454545454545,,
classical_stimulus_holdout_matched/deap__valence__loso_stimulus_heldout/spectral_logistic,20260530,26,2.0,47760,480.0,0.5902777777777778,0.44375,0.4437475857100074,0.4443270153082261,,
classical_stimulus_holdout_matched/deap__valence__loso_stimulus_heldout/spectral_logistic,20260530,27,2.0,47640,480.0,0.4541666666666666,0.4541666666666666,0.4001831501831502,0.4001831501831502,,
classical_stimulus_holdout_matched/deap__valence__loso_stimulus_heldout/spectral_logistic,20260530,28,2.0,47100,480.0,0.5,0.5,0.3333333333333333,0.3333333333333333,,
classical_stimulus_holdout_matched/deap__valence__loso_stimulus_heldout/spectral_logistic,20260530,29,2.0,47760,480.0,0.4661111111111111,0.5270833333333333,0.4564799896244345,0.5054534072259828,,
classical_stimulus_holdout_matched/deap__valence__loso_stimulus_heldout/spectral_logistic,20260530,30,2.0,46740,480.0,0.5013888888888889,0.74375,0.4419184996833378,0.6471297180289438,,
classical_stimulus_holdout_matched/deap__valence__loso_stimulus_heldout/spectral_logistic,20260530,31,2.0,47940,480.0,0.4905555555555555,0.53125,0.4896777882257325,0.5260914043783755,,
classical_stimulus_holdout_matched/deap__valence__loso_stimulus_heldout/spectral_logistic,20260530,32,2.0,48000,480.0,0.5,0.375,0.2727272727272727,0.2045454545454545,,
classical_stimulus_holdout_matched/deap__valence__loso_stimulus_heldout/spectral_svm,20260530,1,2.0,47880,480.0,0.4461111111111111,0.4020833333333333,0.3995789730603777,0.3898846752295817,,
classical_stimulus_holdout_matched/deap__valence__loso_stimulus_heldout/spectral_svm,20260530,2,2.0,47880,480.0,0.4883333333333333,0.6020833333333333,0.40340077177867,0.4894726396001848,,
classical_stimulus_holdout_matched/deap__valence__loso_stimulus_heldout/spectral_svm,20260530,3,2.0,47460,480.0,0.5461111111111111,0.46875,0.452375945702896,0.4287026141890108,,
classical_stimulus_holdout_matched/deap__valence__loso_stimulus_heldout/spectral_svm,20260530,4,2.0,47760,480.0,0.4583333333333333,0.4583333333333333,0.3472666792192305,0.3472666792192305,,
classical_stimulus_holdout_matched/deap__valence__loso_stimulus_heldout/spectral_svm,20260530,5,2.0,47280,480.0,0.55,0.55,0.5371428571428571,0.5371428571428571,,
classical_stimulus_holdout_matched/deap__valence__loso_stimulus_heldout/spectral_svm,20260530,6,2.0,47940,480.0,0.4986111111111111,0.7479166666666667,0.4278903456495828,0.6418355184743743,,
classical_stimulus_holdout_matched/deap__valence__loso_stimulus_heldout/spectral_svm,20260530,7,2.0,47700,480.0,0.6194444444444445,0.5291666666666667,0.5211779868994862,0.5521019085788944,,
classical_stimulus_holdout_matched/deap__valence__loso_stimulus_heldout/spectral_svm,20260530,8,2.0,47340,480.0,0.5677777777777778,0.5166666666666667,0.5147712418300654,0.5071895424836601,,
classical_stimulus_holdout_matched/deap__valence__loso_stimulus_heldout/spectral_svm,20260530,9,2.0,47880,480.0,0.5,0.5,0.3333333333333333,0.3333333333333333,,
classical_stimulus_holdout_matched/deap__valence__loso_stimulus_heldout/spectral_svm,20260530,10,2.0,46620,480.0,0.5538888888888889,0.4520833333333333,0.4094283749456163,0.3697493438872749,,
classical_stimulus_holdout_matched/deap__valence__loso_stimulus_heldout/spectral_svm,20260530,11,2.0,47940,480.0,0.5,0.5,0.3333333333333333,0.3333333333333333,,
classical_stimulus_holdout_matched/deap__valence__loso_stimulus_heldout/spectral_svm,20260530,12,2.0,47580,480.0,0.4395833333333333,0.4395833333333333,0.4028829212121773,0.4028829212121773,,
classical_stimulus_holdout_matched/deap__valence__loso_stimulus_heldout/spectral_svm,20260530,13,2.0,47700,480.0,0.5066666666666667,0.625,0.4140625,0.501953125,,
classical_stimulus_holdout_matched/deap__valence__loso_stimulus_heldout/spectral_svm,20260530,14,2.0,47640,480.0,0.4988888888888889,0.6166666666666667,0.405668757233991,0.4941993486043444,,
classical_stimulus_holdout_matched/deap__valence__loso_stimulus_heldout/spectral_svm,20260530,15,2.0,46800,480.0,0.5270833333333333,0.5270833333333333,0.4506929355360735,0.4506929355360735,,
classical_stimulus_holdout_matched/deap__valence__loso_stimulus_heldout/spectral_svm,20260530,16,2.0,47760,480.0,0.5069444444444444,0.7395833333333334,0.4612794612794613,0.654882154882155,,
classical_stimulus_holdout_matched/deap__valence__loso_stimulus_heldout/spectral_svm,20260530,17,2.0,47400,480.0,0.5133333333333333,0.6333333333333333,0.4179252563113217,0.5064491235806415,,
classical_stimulus_holdout_matched/deap__valence__loso_stimulus_heldout/spectral_svm,20260530,18,2.0,47400,480.0,0.5395833333333333,0.5395833333333333,0.469002627956451,0.469002627956451,,
classical_stimulus_holdout_matched/deap__valence__loso_stimulus_heldout/spectral_svm,20260530,19,2.0,47520,480.0,0.4683333333333333,0.4020833333333333,0.3887086825908883,0.3661036390825306,,
classical_stimulus_holdout_matched/deap__valence__loso_stimulus_heldout/spectral_svm,20260530,20,2.0,46980,480.0,0.5125000000000001,0.5125,0.3672112676056338,0.3672112676056338,,
classical_stimulus_holdout_matched/deap__valence__loso_stimulus_heldout/spectral_svm,20260530,21,2.0,47580,480.0,0.4777777777777778,0.7083333333333334,0.4281045751633987,0.6282679738562091,,
classical_stimulus_holdout_matched/deap__valence__loso_stimulus_heldout/spectral_svm,20260530,22,2.0,47880,480.0,0.5020833333333333,0.5020833333333333,0.3415637860082304,0.3415637860082304,,
classical_stimulus_holdout_matched/deap__valence__loso_stimulus_heldout/spectral_svm,20260530,23,2.0,47400,480.0,0.4069444444444444,0.4979166666666667,0.4103224162100166,0.5239582005862113,,
classical_stimulus_holdout_matched/deap__valence__loso_stimulus_heldout/spectral_svm,20260530,24,2.0,47640,480.0,0.525,0.525,0.4151846785225718,0.4151846785225718,,
classical_stimulus_holdout_matched/deap__valence__loso_stimulus_heldout/spectral_svm,20260530,25,2.0,47220,480.0,0.5,0.375,0.2727272727272727,0.2045454545454545,,
classical_stimulus_holdout_matched/deap__valence__loso_stimulus_heldout/spectral_svm,20260530,26,2.0,47760,480.0,0.5930555555555556,0.4645833333333333,0.4637431044301183,0.4743565221549389,,
classical_stimulus_holdout_matched/deap__valence__loso_stimulus_heldout/spectral_svm,20260530,27,2.0,47640,480.0,0.4583333333333333,0.4583333333333333,0.4079696394686907,0.4079696394686907,,
classical_stimulus_holdout_matched/deap__valence__loso_stimulus_heldout/spectral_svm,20260530,28,2.0,47100,480.0,0.5,0.5,0.3333333333333333,0.3333333333333333,,
classical_stimulus_holdout_matched/deap__valence__loso_stimulus_heldout/spectral_svm,20260530,29,2.0,47760,480.0,0.4527777777777778,0.51875,0.4389771249601546,0.4918652189092233,,
classical_stimulus_holdout_matched/deap__valence__loso_stimulus_heldout/spectral_svm,20260530,30,2.0,46740,480.0,0.5013888888888889,0.74375,0.4419184996833378,0.6471297180289438,,
classical_stimulus_holdout_matched/deap__valence__loso_stimulus_heldout/spectral_svm,20260530,31,2.0,47940,480.0,0.4933333333333333,0.5416666666666666,0.490583513430071,0.5309123186168571,,
classical_stimulus_holdout_matched/deap__valence__loso_stimulus_heldout/spectral_svm,20260530,32,2.0,48000,480.0,0.5,0.375,0.2727272727272727,0.2045454545454545,,
classical_stimulus_holdout_matched/deap__valence__loso_stimulus_seen/alpha_logistic,20260530,1,2.0,47880,480.0,0.4905555555555556,0.3895833333333333,0.3371509367267585,0.2905443619653587,,
classical_stimulus_holdout_matched/deap__valence__loso_stimulus_seen/alpha_logistic,20260530,2,2.0,47880,480.0,0.5172222222222222,0.6020833333333333,0.49002920317063,0.5497914059240718,,
classical_stimulus_holdout_matched/deap__valence__loso_stimulus_seen/alpha_logistic,20260530,3,2.0,47460,480.0,0.5688888888888889,0.4958333333333333,0.484228473998295,0.464887041773231,,
classical_stimulus_holdout_matched/deap__valence__loso_stimulus_seen/alpha_logistic,20260530,4,2.0,47760,480.0,0.4854166666666667,0.4854166666666666,0.3405089695452649,0.3405089695452649,,
classical_stimulus_holdout_matched/deap__valence__loso_stimulus_seen/alpha_logistic,20260530,5,2.0,47280,480.0,0.5,0.5,0.3475897064153678,0.3475897064153679,,
classical_stimulus_holdout_matched/deap__valence__loso_stimulus_seen/alpha_logistic,20260530,6,2.0,47940,480.0,0.5222222222222223,0.425,0.4224330357142857,0.4416852678571429,,
classical_stimulus_holdout_matched/deap__valence__loso_stimulus_seen/alpha_logistic,20260530,7,2.0,47700,480.0,0.4597222222222222,0.26875,0.2514362134615299,0.1945141755268337,,
classical_stimulus_holdout_matched/deap__valence__loso_stimulus_seen/alpha_logistic,20260530,8,2.0,47340,480.0,0.5033333333333333,0.4958333333333333,0.4911601338683394,0.5033510889944105,,
classical_stimulus_holdout_matched/deap__valence__loso_stimulus_seen/alpha_logistic,20260530,9,2.0,47880,480.0,0.4958333333333333,0.4958333333333333,0.3351039472479165,0.3351039472479165,,
classical_stimulus_holdout_matched/deap__valence__loso_stimulus_seen/alpha_logistic,20260530,10,2.0,46620,480.0,0.4933333333333333,0.5375,0.4917582417582418,0.5298763736263736,,
classical_stimulus_holdout_matched/deap__valence__loso_stimulus_seen/alpha_logistic,20260530,11,2.0,47940,480.0,0.5,0.5,0.3333333333333333,0.3333333333333333,,
classical_stimulus_holdout_matched/deap__valence__loso_stimulus_seen/alpha_logistic,20260530,12,2.0,47580,480.0,0.4916666666666666,0.4916666666666666,0.4748076267690265,0.4748076267690265,,
classical_stimulus_holdout_matched/deap__valence__loso_stimulus_seen/alpha_logistic,20260530,13,2.0,47700,480.0,0.5083333333333333,0.6104166666666667,0.4538518171474466,0.5269560270396895,,
classical_stimulus_holdout_matched/deap__valence__loso_stimulus_seen/alpha_logistic,20260530,14,2.0,47640,480.0,0.4622222222222222,0.4791666666666667,0.4610520264443806,0.4857538085656798,,
classical_stimulus_holdout_matched/deap__valence__loso_stimulus_seen/alpha_logistic,20260530,15,2.0,46800,480.0,0.45625,0.45625,0.4473241897132067,0.4473241897132067,,
classical_stimulus_holdout_matched/deap__valence__loso_stimulus_seen/alpha_logistic,20260530,16,2.0,47760,480.0,0.4666666666666667,0.4083333333333333,0.4001689664883131,0.4351591101098283,,
classical_stimulus_holdout_matched/deap__valence__loso_stimulus_seen/alpha_logistic,20260530,17,2.0,47400,480.0,0.5272222222222223,0.6270833333333333,0.480453514739229,0.5494557823129252,,
classical_stimulus_holdout_matched/deap__valence__loso_stimulus_seen/alpha_logistic,20260530,18,2.0,47400,480.0,0.5354166666666667,0.5354166666666667,0.4813325257419746,0.4813325257419746,,
classical_stimulus_holdout_matched/deap__valence__loso_stimulus_seen/alpha_logistic,20260530,19,2.0,47520,480.0,0.4905555555555555,0.4645833333333333,0.4643950347127245,0.4669056829875086,,
classical_stimulus_holdout_matched/deap__valence__loso_stimulus_seen/alpha_logistic,20260530,20,2.0,46980,480.0,0.4854166666666666,0.4854166666666666,0.406532348892504,0.406532348892504,,
classical_stimulus_holdout_matched/deap__valence__loso_stimulus_seen/alpha_logistic,20260530,21,2.0,47580,480.0,0.5291666666666667,0.3270833333333333,0.3137120370411357,0.2658148562929649,,
classical_stimulus_holdout_matched/deap__valence__loso_stimulus_seen/alpha_logistic,20260530,22,2.0,47880,480.0,0.5,0.5,0.3333333333333333,0.3333333333333333,,
classical_stimulus_holdout_matched/deap__valence__loso_stimulus_seen/alpha_logistic,20260530,23,2.0,47400,480.0,0.4958333333333333,0.7229166666666667,0.4535696861278256,0.6453894942267036,,
classical_stimulus_holdout_matched/deap__valence__loso_stimulus_seen/alpha_logistic,20260530,24,2.0,47640,480.0,0.4854166666666666,0.4854166666666666,0.4775228165116186,0.4775228165116187,,
classical_stimulus_holdout_matched/deap__valence__loso_stimulus_seen/alpha_logistic,20260530,25,2.0,47220,480.0,0.4933333333333333,0.375,0.2877492877492877,0.2254273504273504,,
classical_stimulus_holdout_matched/deap__valence__loso_stimulus_seen/alpha_logistic,20260530,26,2.0,47760,480.0,0.4472222222222222,0.5041666666666667,0.4404279080702992,0.5348556985834362,,
classical_stimulus_holdout_matched/deap__valence__loso_stimulus_seen/alpha_logistic,20260530,27,2.0,47640,480.0,0.5020833333333333,0.5020833333333333,0.4799613778847592,0.4799613778847593,,
classical_stimulus_holdout_matched/deap__valence__loso_stimulus_seen/alpha_logistic,20260530,28,2.0,47100,480.0,0.4979166666666667,0.4979166666666667,0.4010903386469653,0.4010903386469653,,
classical_stimulus_holdout_matched/deap__valence__loso_stimulus_seen/alpha_logistic,20260530,29,2.0,47760,480.0,0.518888888888889,0.5708333333333333,0.5156644918591665,0.5565303003585493,,
classical_stimulus_holdout_matched/deap__valence__loso_stimulus_seen/alpha_logistic,20260530,30,2.0,46740,480.0,0.4861111111111111,0.625,0.4854079809410363,0.6194163192376415,,
classical_stimulus_holdout_matched/deap__valence__loso_stimulus_seen/alpha_logistic,20260530,31,2.0,47940,480.0,0.4805555555555555,0.5770833333333333,0.4313426825638601,0.5033133743018716,,
classical_stimulus_holdout_matched/deap__valence__loso_stimulus_seen/alpha_logistic,20260530,32,2.0,48000,480.0,0.4944444444444444,0.5,0.4891352549889135,0.507760532150776,,
classical_stimulus_holdout_matched/deap__valence__loso_stimulus_seen/spectral_logistic,20260530,1,2.0,47880,480.0,0.4677777777777777,0.3958333333333333,0.3776712745220766,0.3510926518714569,,
classical_stimulus_holdout_matched/deap__valence__loso_stimulus_seen/spectral_logistic,20260530,2,2.0,47880,480.0,0.4911111111111111,0.6125,0.3848528276926469,0.4784064601477235,,
classical_stimulus_holdout_matched/deap__valence__loso_stimulus_seen/spectral_logistic,20260530,3,2.0,47460,480.0,0.5288888888888889,0.4166666666666667,0.3516517443655449,0.3003241741278172,,
classical_stimulus_holdout_matched/deap__valence__loso_stimulus_seen/spectral_logistic,20260530,4,2.0,47760,480.0,0.4645833333333333,0.4645833333333333,0.3451360318513603,0.3451360318513604,,
classical_stimulus_holdout_matched/deap__valence__loso_stimulus_seen/spectral_logistic,20260530,5,2.0,47280,480.0,0.55,0.55,0.5094532447623914,0.5094532447623915,,
classical_stimulus_holdout_matched/deap__valence__loso_stimulus_seen/spectral_logistic,20260530,6,2.0,47940,480.0,0.4916666666666666,0.7375,0.4244604316546763,0.6366906474820144,,
classical_stimulus_holdout_matched/deap__valence__loso_stimulus_seen/spectral_logistic,20260530,7,2.0,47700,480.0,0.7,0.65,0.6266666666666667,0.6733333333333333,,
classical_stimulus_holdout_matched/deap__valence__loso_stimulus_seen/spectral_logistic,20260530,8,2.0,47340,480.0,0.5577777777777777,0.5375,0.535920841753188,0.542688662810954,,
classical_stimulus_holdout_matched/deap__valence__loso_stimulus_seen/spectral_logistic,20260530,9,2.0,47880,480.0,0.5083333333333333,0.5083333333333333,0.358463211308445,0.3584632113084451,,
classical_stimulus_holdout_matched/deap__valence__loso_stimulus_seen/spectral_logistic,20260530,10,2.0,46620,480.0,0.5394444444444445,0.4270833333333333,0.364158786892037,0.3141525248194837,,
classical_stimulus_holdout_matched/deap__valence__loso_stimulus_seen/spectral_logistic,20260530,11,2.0,47940,480.0,0.5,0.5,0.3333333333333333,0.3333333333333333,,
classical_stimulus_holdout_matched/deap__valence__loso_stimulus_seen/spectral_logistic,20260530,12,2.0,47580,480.0,0.4395833333333333,0.4395833333333333,0.4375302209889397,0.4375302209889397,,
classical_stimulus_holdout_matched/deap__valence__loso_stimulus_seen/spectral_logistic,20260530,13,2.0,47700,480.0,0.4994444444444444,0.6229166666666667,0.3889908644007004,0.483506340063717,,
classical_stimulus_holdout_matched/deap__valence__loso_stimulus_seen/spectral_logistic,20260530,14,2.0,47640,480.0,0.5955555555555555,0.6541666666666667,0.5945945945945946,0.6334459459459459,,
classical_stimulus_holdout_matched/deap__valence__loso_stimulus_seen/spectral_logistic,20260530,15,2.0,46800,480.0,0.5041666666666667,0.5041666666666667,0.3840048313346562,0.3840048313346562,,
classical_stimulus_holdout_matched/deap__valence__loso_stimulus_seen/spectral_logistic,20260530,16,2.0,47760,480.0,0.6138888888888889,0.7666666666666667,0.6265733099941653,0.7409352338084522,,
classical_stimulus_holdout_matched/deap__valence__loso_stimulus_seen/spectral_logistic,20260530,17,2.0,47400,480.0,0.5055555555555555,0.6291666666666667,0.3965931240995508,0.490246899629933,,
classical_stimulus_holdout_matched/deap__valence__loso_stimulus_seen/spectral_logistic,20260530,18,2.0,47400,480.0,0.61875,0.61875,0.6182711821686055,0.6182711821686055,,
classical_stimulus_holdout_matched/deap__valence__loso_stimulus_seen/spectral_logistic,20260530,19,2.0,47520,480.0,0.4494444444444445,0.3770833333333333,0.3569172174302677,0.3284474067435868,,
classical_stimulus_holdout_matched/deap__valence__loso_stimulus_seen/spectral_logistic,20260530,20,2.0,46980,480.0,0.5020833333333333,0.5020833333333333,0.3379463177880759,0.3379463177880759,,
classical_stimulus_holdout_matched/deap__valence__loso_stimulus_seen/spectral_logistic,20260530,21,2.0,47580,480.0,0.4527777777777778,0.6583333333333333,0.424409932438361,0.6078792664736333,,
classical_stimulus_holdout_matched/deap__valence__loso_stimulus_seen/spectral_logistic,20260530,22,2.0,47880,480.0,0.5,0.5,0.337001312184903,0.337001312184903,,
classical_stimulus_holdout_matched/deap__valence__loso_stimulus_seen/spectral_logistic,20260530,23,2.0,47400,480.0,0.4375,0.6395833333333333,0.4110596529053397,0.5944900318441975,,
classical_stimulus_holdout_matched/deap__valence__loso_stimulus_seen/spectral_logistic,20260530,24,2.0,47640,480.0,0.5,0.5,0.3333333333333333,0.3333333333333333,,
classical_stimulus_holdout_matched/deap__valence__loso_stimulus_seen/spectral_logistic,20260530,25,2.0,47220,480.0,0.5,0.375,0.2727272727272727,0.2045454545454545,,
classical_stimulus_holdout_matched/deap__valence__loso_stimulus_seen/spectral_logistic,20260530,26,2.0,47760,480.0,0.5875,0.4270833333333333,0.4266627865057268,0.4188988450729919,,
classical_stimulus_holdout_matched/deap__valence__loso_stimulus_seen/spectral_logistic,20260530,27,2.0,47640,480.0,0.5041666666666667,0.5041666666666667,0.4187561055030934,0.4187561055030934,,
classical_stimulus_holdout_matched/deap__valence__loso_stimulus_seen/spectral_logistic,20260530,28,2.0,47100,480.0,0.5,0.5,0.3333333333333333,0.3333333333333333,,
classical_stimulus_holdout_matched/deap__valence__loso_stimulus_seen/spectral_logistic,20260530,29,2.0,47760,480.0,0.4877777777777777,0.5375,0.4844303381006754,0.5257833213988504,,
classical_stimulus_holdout_matched/deap__valence__loso_stimulus_seen/spectral_logistic,20260530,30,2.0,46740,480.0,0.5,0.7416666666666667,0.4411057692307692,0.6460336538461537,,
classical_stimulus_holdout_matched/deap__valence__loso_stimulus_seen/spectral_logistic,20260530,31,2.0,47940,480.0,0.4911111111111111,0.4041666666666667,0.3723941189378977,0.3370912881281544,,
classical_stimulus_holdout_matched/deap__valence__loso_stimulus_seen/spectral_logistic,20260530,32,2.0,48000,480.0,0.5,0.375,0.2727272727272727,0.2045454545454545,,
classical_stimulus_holdout_matched/deap__valence__loso_stimulus_seen/spectral_svm,20260530,1,2.0,47880,480.0,0.4861111111111111,0.4229166666666666,0.4128012507121374,0.3935337917511295,,
classical_stimulus_holdout_matched/deap__valence__loso_stimulus_seen/spectral_svm,20260530,2,2.0,47880,480.0,0.4922222222222222,0.6125,0.3897470950102529,0.4819207108680793,,
classical_stimulus_holdout_matched/deap__valence__loso_stimulus_seen/spectral_svm,20260530,3,2.0,47460,480.0,0.5311111111111111,0.425,0.3715370018975332,0.3257115749525616,,
classical_stimulus_holdout_matched/deap__valence__loso_stimulus_seen/spectral_svm,20260530,4,2.0,47760,480.0,0.4604166666666667,0.4604166666666666,0.3537621832358675,0.3537621832358674,,
classical_stimulus_holdout_matched/deap__valence__loso_stimulus_seen/spectral_svm,20260530,5,2.0,47280,480.0,0.55,0.55,0.5094532447623914,0.5094532447623915,,
classical_stimulus_holdout_matched/deap__valence__loso_stimulus_seen/spectral_svm,20260530,6,2.0,47940,480.0,0.4916666666666666,0.7375,0.4244604316546763,0.6366906474820144,,
classical_stimulus_holdout_matched/deap__valence__loso_stimulus_seen/spectral_svm,20260530,7,2.0,47700,480.0,0.7069444444444445,0.6604166666666667,0.6357117914096146,0.6831451519031544,,
classical_stimulus_holdout_matched/deap__valence__loso_stimulus_seen/spectral_svm,20260530,8,2.0,47340,480.0,0.558888888888889,0.5458333333333333,0.5423292919750171,0.5523408387130636,,
classical_stimulus_holdout_matched/deap__valence__loso_stimulus_seen/spectral_svm,20260530,9,2.0,47880,480.0,0.5166666666666667,0.5166666666666667,0.3758407317729352,0.3758407317729351,,
classical_stimulus_holdout_matched/deap__valence__loso_stimulus_seen/spectral_svm,20260530,10,2.0,46620,480.0,0.5394444444444445,0.4270833333333333,0.364158786892037,0.3141525248194837,,
classical_stimulus_holdout_matched/deap__valence__loso_stimulus_seen/spectral_svm,20260530,11,2.0,47940,480.0,0.5,0.5,0.3333333333333333,0.3333333333333333,,
classical_stimulus_holdout_matched/deap__valence__loso_stimulus_seen/spectral_svm,20260530,12,2.0,47580,480.0,0.4645833333333333,0.4645833333333333,0.4641903132071702,0.4641903132071701,,
classical_stimulus_holdout_matched/deap__valence__loso_stimulus_seen/spectral_svm,20260530,13,2.0,47700,480.0,0.4994444444444444,0.6229166666666667,0.3889908644007004,0.483506340063717,,
classical_stimulus_holdout_matched/deap__valence__loso_stimulus_seen/spectral_svm,20260530,14,2.0,47640,480.0,0.5927777777777778,0.6479166666666667,0.592507195925072,0.6300729388007293,,
classical_stimulus_holdout_matched/deap__valence__loso_stimulus_seen/spectral_svm,20260530,15,2.0,46800,480.0,0.5145833333333334,0.5145833333333333,0.4113653229753841,0.4113653229753841,,
classical_stimulus_holdout_matched/deap__valence__loso_stimulus_seen/spectral_svm,20260530,16,2.0,47760,480.0,0.6097222222222223,0.7604166666666666,0.621188726247092,0.7360158936034422,,
classical_stimulus_holdout_matched/deap__valence__loso_stimulus_seen/spectral_svm,20260530,17,2.0,47400,480.0,0.5055555555555555,0.6291666666666667,0.3965931240995508,0.490246899629933,,
classical_stimulus_holdout_matched/deap__valence__loso_stimulus_seen/spectral_svm,20260530,18,2.0,47400,480.0,0.6145833333333334,0.6145833333333334,0.6145816605106793,0.6145816605106792,,
classical_stimulus_holdout_matched/deap__valence__loso_stimulus_seen/spectral_svm,20260530,19,2.0,47520,480.0,0.4566666666666666,0.3833333333333333,0.3628813832935732,0.3343437785869311,,
classical_stimulus_holdout_matched/deap__valence__loso_stimulus_seen/spectral_svm,20260530,20,2.0,46980,480.0,0.5020833333333333,0.5020833333333333,0.3379463177880759,0.3379463177880759,,
classical_stimulus_holdout_matched/deap__valence__loso_stimulus_seen/spectral_svm,20260530,21,2.0,47580,480.0,0.4388888888888889,0.6291666666666667,0.4205729166666666,0.5944010416666666,,
classical_stimulus_holdout_matched/deap__valence__loso_stimulus_seen/spectral_svm,20260530,22,2.0,47880,480.0,0.5,0.5,0.337001312184903,0.337001312184903,,
classical_stimulus_holdout_matched/deap__valence__loso_stimulus_seen/spectral_svm,20260530,23,2.0,47400,480.0,0.4375,0.6395833333333333,0.4110596529053397,0.5944900318441975,,
classical_stimulus_holdout_matched/deap__valence__loso_stimulus_seen/spectral_svm,20260530,24,2.0,47640,480.0,0.5,0.5,0.3333333333333333,0.3333333333333333,,
classical_stimulus_holdout_matched/deap__valence__loso_stimulus_seen/spectral_svm,20260530,25,2.0,47220,480.0,0.5,0.375,0.2727272727272727,0.2045454545454545,,
classical_stimulus_holdout_matched/deap__valence__loso_stimulus_seen/spectral_svm,20260530,26,2.0,47760,480.0,0.5902777777777778,0.43125,0.4309511505608414,0.4244307991610177,,
classical_stimulus_holdout_matched/deap__valence__loso_stimulus_seen/spectral_svm,20260530,27,2.0,47640,480.0,0.4979166666666667,0.4979166666666667,0.4125264713500007,0.4125264713500007,,
classical_stimulus_holdout_matched/deap__valence__loso_stimulus_seen/spectral_svm,20260530,28,2.0,47100,480.0,0.5,0.5,0.3333333333333333,0.3333333333333333,,
classical_stimulus_holdout_matched/deap__valence__loso_stimulus_seen/spectral_svm,20260530,29,2.0,47760,480.0,0.4888888888888889,0.5416666666666666,0.484375,0.52734375,,
classical_stimulus_holdout_matched/deap__valence__loso_stimulus_seen/spectral_svm,20260530,30,2.0,46740,480.0,0.5,0.7416666666666667,0.4411057692307692,0.6460336538461537,,
classical_stimulus_holdout_matched/deap__valence__loso_stimulus_seen/spectral_svm,20260530,31,2.0,47940,480.0,0.5066666666666666,0.4291666666666666,0.4093130209830411,0.3822398677780972,,
classical_stimulus_holdout_matched/deap__valence__loso_stimulus_seen/spectral_svm,20260530,32,2.0,48000,480.0,0.5,0.375,0.2727272727272727,0.2045454545454545,,
classical_stimulus_holdout_matched/dreamer__arousal__loso_stimulus_heldout/alpha_logistic,20260530,1,2.0,45616,1187.0,0.6211055276381909,0.3647851727042965,0.3637008662218961,0.3814702153110294,,
classical_stimulus_holdout_matched/dreamer__arousal__loso_stimulus_heldout/alpha_logistic,20260530,2,2.0,42660,1183.0,0.5793617021276596,0.5519864750633982,0.537265824727964,0.5279869313885672,,
classical_stimulus_holdout_matched/dreamer__arousal__loso_stimulus_heldout/alpha_logistic,20260530,3,2.0,42660,1358.0,0.5805906452714237,0.5022091310751104,0.4946581761172471,0.5247710205877625,,
classical_stimulus_holdout_matched/dreamer__arousal__loso_stimulus_heldout/alpha_logistic,20260530,4,2.0,45307,1187.0,0.5467604214466308,0.5139005897219882,0.4731825772324391,0.562145265126272,,
classical_stimulus_holdout_matched/dreamer__arousal__loso_stimulus_heldout/alpha_logistic,20260530,5,2.0,42660,1183.0,0.3877013778737554,0.3947590870667793,0.381532755045416,0.4105083610344143,,
classical_stimulus_holdout_matched/dreamer__arousal__loso_stimulus_heldout/alpha_logistic,20260530,6,2.0,42660,1358.0,0.5009201277353797,0.4911634756995581,0.4854579800023578,0.5006194370998133,,
classical_stimulus_holdout_matched/dreamer__arousal__loso_stimulus_heldout/alpha_logistic,20260530,7,2.0,44644,1187.0,0.471706505111496,0.5391743892165122,0.4717761978794217,0.5466454151430292,,
classical_stimulus_holdout_matched/dreamer__arousal__loso_stimulus_heldout/alpha_logistic,20260530,8,2.0,42660,1183.0,0.5268300293152991,0.2654268808114962,0.2613395413671326,0.3041172644155286,,
classical_stimulus_holdout_matched/dreamer__arousal__loso_stimulus_heldout/alpha_logistic,20260530,9,2.0,42660,1358.0,0.5891605683519765,0.4580265095729013,0.4208646516338824,0.5284611938061581,,
classical_stimulus_holdout_matched/dreamer__arousal__loso_stimulus_heldout/alpha_logistic,20260530,10,2.0,44990,1187.0,0.5502926697852122,0.6133108677337826,0.531509011972109,0.6395336400444804,,
classical_stimulus_holdout_matched/dreamer__arousal__loso_stimulus_heldout/alpha_logistic,20260530,11,2.0,42660,1183.0,0.4734988783974125,0.5088757396449705,0.4372685554750471,0.4608548080807803,,
classical_stimulus_holdout_matched/dreamer__arousal__loso_stimulus_heldout/alpha_logistic,20260530,12,2.0,42660,1358.0,0.4990418601616113,0.5184094256259205,0.4311003497444176,0.4429166156531923,,
classical_stimulus_holdout_matched/dreamer__arousal__loso_stimulus_heldout/alpha_logistic,20260530,13,2.0,45613,1187.0,0.4596179291624312,0.4650379106992418,0.3403899316801331,0.3440134194423165,,
classical_stimulus_holdout_matched/dreamer__arousal__loso_stimulus_heldout/alpha_logistic,20260530,14,2.0,42660,1183.0,0.6080008090381115,0.6060862214708369,0.6052939828736719,0.6071325743350171,,
classical_stimulus_holdout_matched/dreamer__arousal__loso_stimulus_heldout/alpha_logistic,20260530,15,2.0,42660,1358.0,0.4830396632900556,0.7245949926362297,0.4352865307211634,0.6454221007952754,,
classical_stimulus_holdout_matched/dreamer__arousal__loso_stimulus_heldout/alpha_logistic,20260530,16,2.0,44733,1187.0,0.4872686602499734,0.7312552653748947,0.4564526802491412,0.6697177196536063,,
classical_stimulus_holdout_matched/dreamer__arousal__loso_stimulus_heldout/alpha_logistic,20260530,17,2.0,42490,1183.0,0.2913274003871825,0.2967032967032967,0.2919429097605893,0.2979792767085584,,
classical_stimulus_holdout_matched/dreamer__arousal__loso_stimulus_heldout/alpha_logistic,20260530,18,2.0,42660,1358.0,0.8733127270755382,0.8733431516936672,0.8733296890184645,0.8733373819757232,,
classical_stimulus_holdout_matched/dreamer__arousal__loso_stimulus_heldout/alpha_logistic,20260530,19,2.0,45120,1187.0,0.4480745838537712,0.2181971356360572,0.1951178165790812,0.1199090902988855,,
classical_stimulus_holdout_matched/dreamer__arousal__loso_stimulus_heldout/alpha_logistic,20260530,20,2.0,42660,1183.0,0.7063177706612731,0.5934065934065934,0.5171998041726166,0.6649112616027292,,
classical_stimulus_holdout_matched/dreamer__arousal__loso_stimulus_heldout/alpha_logistic,20260530,21,2.0,42660,1358.0,0.3675511765561851,0.321060382916053,0.2909154337725766,0.3981453242972284,,
classical_stimulus_holdout_matched/dreamer__arousal__loso_stimulus_heldout/alpha_logistic,20260530,22,2.0,45402,1187.0,0.4594538781964292,0.7556866048862679,0.4560277366910659,0.7468430968578057,,
classical_stimulus_holdout_matched/dreamer__arousal__loso_stimulus_heldout/alpha_logistic,20260530,23,2.0,42660,1183.0,0.5415802247970181,0.4945054945054945,0.400239756919717,0.3755176125208884,,
classical_stimulus_holdout_matched/dreamer__arousal__loso_stimulus_heldout/spectral_logistic,20260530,1,2.0,45616,1187.0,0.5206789154103852,0.4254422914911541,0.3985488510870986,0.4845864313438977,,
classical_stimulus_holdout_matched/dreamer__arousal__loso_stimulus_heldout/spectral_logistic,20260530,2,2.0,42660,1183.0,0.4602532928064843,0.4835164835164835,0.4464821078635956,0.4625787482617462,,
classical_stimulus_holdout_matched/dreamer__arousal__loso_stimulus_heldout/spectral_logistic,20260530,3,2.0,42660,1358.0,0.5963952429725731,0.5103092783505154,0.5038455854195751,0.5314518094213978,,
classical_stimulus_holdout_matched/dreamer__arousal__loso_stimulus_heldout/spectral_logistic,20260530,4,2.0,45307,1187.0,0.5511827318451337,0.3984835720303286,0.3942700233281493,0.4249565749874548,,
classical_stimulus_holdout_matched/dreamer__arousal__loso_stimulus_heldout/spectral_logistic,20260530,5,2.0,42660,1183.0,0.4372869965155018,0.4108199492814877,0.4088668078989723,0.4197526988397569,,
classical_stimulus_holdout_matched/dreamer__arousal__loso_stimulus_heldout/spectral_logistic,20260530,6,2.0,42660,1358.0,0.5114086426115625,0.5103092783505154,0.5006367355786165,0.5200841760723816,,
classical_stimulus_holdout_matched/dreamer__arousal__loso_stimulus_heldout/spectral_logistic,20260530,7,2.0,44644,1187.0,0.4016045447500185,0.3016006739679865,0.2955509786529732,0.2696472832586888,,
classical_stimulus_holdout_matched/dreamer__arousal__loso_stimulus_heldout/spectral_logistic,20260530,8,2.0,42660,1183.0,0.5070603430760746,0.73541842772612,0.4975132074805976,0.7666909812473374,,
classical_stimulus_holdout_matched/dreamer__arousal__loso_stimulus_heldout/spectral_logistic,20260530,9,2.0,42660,1358.0,0.5192126250369654,0.5677466863033873,0.4598238819826322,0.6369097355303623,,
classical_stimulus_holdout_matched/dreamer__arousal__loso_stimulus_heldout/spectral_logistic,20260530,10,2.0,44990,1187.0,0.5514029373107034,0.5071609098567817,0.4811027840859414,0.5452684697246648,,
classical_stimulus_holdout_matched/dreamer__arousal__loso_stimulus_heldout/spectral_logistic,20260530,11,2.0,42660,1183.0,0.3909321184087734,0.4049027895181741,0.3882820258192651,0.4001296471225899,,
classical_stimulus_holdout_matched/dreamer__arousal__loso_stimulus_heldout/spectral_logistic,20260530,12,2.0,42660,1358.0,0.5268105145243559,0.5117820324005891,0.4776786724331474,0.4706024709413439,,
classical_stimulus_holdout_matched/dreamer__arousal__loso_stimulus_heldout/spectral_logistic,20260530,13,2.0,45613,1187.0,0.3502637810702299,0.3504633529907329,0.3501977076000804,0.3503637359692382,,
classical_stimulus_holdout_matched/dreamer__arousal__loso_stimulus_heldout/spectral_logistic,20260530,14,2.0,42660,1183.0,0.5278843653384958,0.4970414201183432,0.465820187251507,0.4523928738157697,,
classical_stimulus_holdout_matched/dreamer__arousal__loso_stimulus_heldout/spectral_logistic,20260530,15,2.0,42660,1358.0,0.4847368859085937,0.7319587628865979,0.4305292504780995,0.6459232137983423,,
classical_stimulus_holdout_matched/dreamer__arousal__loso_stimulus_heldout/spectral_logistic,20260530,16,2.0,44733,1187.0,0.4480827475855763,0.5501263689974726,0.4467987432361668,0.5787277780776001,,
classical_stimulus_holdout_matched/dreamer__arousal__loso_stimulus_heldout/spectral_logistic,20260530,17,2.0,42490,1183.0,0.314436996157069,0.3296703296703296,0.307428693768018,0.3203330391264347,,
classical_stimulus_holdout_matched/dreamer__arousal__loso_stimulus_heldout/spectral_logistic,20260530,18,2.0,42660,1358.0,0.6110839976140122,0.6111929307805597,0.6110030901704802,0.6110537143331681,,
classical_stimulus_holdout_matched/dreamer__arousal__loso_stimulus_heldout/spectral_logistic,20260530,19,2.0,45120,1187.0,0.4296245499742842,0.5214827295703454,0.4284018692222652,0.5556836302410387,,
classical_stimulus_holdout_matched/dreamer__arousal__loso_stimulus_heldout/spectral_logistic,20260530,20,2.0,42660,1183.0,0.5780416034608686,0.7117497886728656,0.5329172769534484,0.7554806897627231,,
classical_stimulus_holdout_matched/dreamer__arousal__loso_stimulus_heldout/spectral_logistic,20260530,21,2.0,42660,1358.0,0.3392767453540934,0.3571428571428571,0.3052926916308775,0.4444915187196422,,
classical_stimulus_holdout_matched/dreamer__arousal__loso_stimulus_heldout/spectral_logistic,20260530,22,2.0,45402,1187.0,0.3636170539159576,0.582139848357203,0.3859029881259335,0.6359514463937955,,
classical_stimulus_holdout_matched/dreamer__arousal__loso_stimulus_heldout/spectral_logistic,20260530,23,2.0,42660,1183.0,0.5339232569562831,0.4860524091293322,0.3852696641505305,0.3593901701371849,,
classical_stimulus_holdout_matched/dreamer__arousal__loso_stimulus_heldout/spectral_svm,20260530,1,2.0,45616,1187.0,0.5079773869346733,0.4288121314237573,0.3978892839186957,0.4901980071401252,,
classical_stimulus_holdout_matched/dreamer__arousal__loso_stimulus_heldout/spectral_svm,20260530,2,2.0,42660,1183.0,0.4425227963525836,0.4691462383770076,0.4216545951635102,0.4402870097575962,,
classical_stimulus_holdout_matched/dreamer__arousal__loso_stimulus_heldout/spectral_svm,20260530,3,2.0,42660,1358.0,0.6038693524524866,0.5228276877761414,0.5148631006986099,0.5451651503843908,,
classical_stimulus_holdout_matched/dreamer__arousal__loso_stimulus_heldout/spectral_svm,20260530,4,2.0,45307,1187.0,0.5527550588891588,0.401010951979781,0.3965550403449249,0.4280522196462109,,
classical_stimulus_holdout_matched/dreamer__arousal__loso_stimulus_heldout/spectral_svm,20260530,5,2.0,42660,1183.0,0.4607181760850039,0.4361792054099746,0.4333221059828372,0.4462130664933739,,
classical_stimulus_holdout_matched/dreamer__arousal__loso_stimulus_heldout/spectral_svm,20260530,6,2.0,42660,1358.0,0.5171623825425177,0.5176730486008837,0.5070884197448358,0.5273002738418117,,
classical_stimulus_holdout_matched/dreamer__arousal__loso_stimulus_heldout/spectral_svm,20260530,7,2.0,44644,1187.0,0.4083974095464011,0.3066554338668913,0.3004271622178062,0.2742350555506713,,
classical_stimulus_holdout_matched/dreamer__arousal__loso_stimulus_heldout/spectral_svm,20260530,8,2.0,42660,1183.0,0.500852610803123,0.7362637362637363,0.4935064935064934,0.7664972390247115,,
classical_stimulus_holdout_matched/dreamer__arousal__loso_stimulus_heldout/spectral_svm,20260530,9,2.0,42660,1358.0,0.5236649032797119,0.6038291605301914,0.4763686298793633,0.6658472694737287,,
classical_stimulus_holdout_matched/dreamer__arousal__loso_stimulus_heldout/spectral_svm,20260530,10,2.0,44990,1187.0,0.5556644053129567,0.5054759898904801,0.4813518798481204,0.5430756770268143,,
classical_stimulus_holdout_matched/dreamer__arousal__loso_stimulus_heldout/spectral_svm,20260530,11,2.0,42660,1183.0,0.3772178459433923,0.3913778529163144,0.3743793445878848,0.3864962300117398,,
classical_stimulus_holdout_matched/dreamer__arousal__loso_stimulus_heldout/spectral_svm,20260530,12,2.0,42660,1358.0,0.5181948688947133,0.5014727540500736,0.4564091284545519,0.448110967219571,,
classical_stimulus_holdout_matched/dreamer__arousal__loso_stimulus_heldout/spectral_svm,20260530,13,2.0,45613,1187.0,0.3682471762080264,0.3689974726200505,0.3664000604335968,0.36691270757566,,
classical_stimulus_holdout_matched/dreamer__arousal__loso_stimulus_heldout/spectral_svm,20260530,14,2.0,42660,1183.0,0.5214582911959317,0.4911242603550296,0.4606960246204549,0.447376903640552,,
classical_stimulus_holdout_matched/dreamer__arousal__loso_stimulus_heldout/spectral_svm,20260530,15,2.0,42660,1358.0,0.4852213820326247,0.7326951399116347,0.4307973160686016,0.646307794969695,,
classical_stimulus_holdout_matched/dreamer__arousal__loso_stimulus_heldout/spectral_svm,20260530,16,2.0,44733,1187.0,0.4486664544096397,0.5551811288963774,0.4480236736419362,0.582226605174745,,
classical_stimulus_holdout_matched/dreamer__arousal__loso_stimulus_heldout/spectral_svm,20260530,17,2.0,42490,1183.0,0.3157357912681672,0.3305156382079459,0.3093702087510319,0.3219348842254301,,
classical_stimulus_holdout_matched/dreamer__arousal__loso_stimulus_heldout/spectral_svm,20260530,18,2.0,42660,1358.0,0.6035377691014587,0.6038291605301914,0.6027123731633841,0.6028364606485849,,
classical_stimulus_holdout_matched/dreamer__arousal__loso_stimulus_heldout/spectral_svm,20260530,19,2.0,45120,1187.0,0.437516837696848,0.535804549283909,0.4366436542014617,0.5670661166090982,,
classical_stimulus_holdout_matched/dreamer__arousal__loso_stimulus_heldout/spectral_svm,20260530,20,2.0,42660,1183.0,0.5713101859655036,0.716821639898563,0.5315283473195319,0.7584130106790713,,
classical_stimulus_holdout_matched/dreamer__arousal__loso_stimulus_heldout/spectral_svm,20260530,21,2.0,42660,1358.0,0.3411848646009848,0.3726067746686303,0.3136531890660592,0.4611852776594281,,
classical_stimulus_holdout_matched/dreamer__arousal__loso_stimulus_heldout/spectral_svm,20260530,22,2.0,45402,1187.0,0.3617319424613243,0.5745577085088458,0.384164689855543,0.6308101912927763,,
classical_stimulus_holdout_matched/dreamer__arousal__loso_stimulus_heldout/spectral_svm,20260530,23,2.0,42660,1183.0,0.529329076251842,0.4809805579036348,0.3761191619770086,0.3495254471337611,,
classical_stimulus_holdout_matched/dreamer__arousal__loso_stimulus_seen/alpha_logistic,20260530,1,2.0,45616,1187.0,0.5170854271356784,0.1903959561920808,0.1757927175118587,0.1015749918142738,,
classical_stimulus_holdout_matched/dreamer__arousal__loso_stimulus_seen/alpha_logistic,20260530,2,2.0,42660,1183.0,0.1394630192502532,0.1530008453085376,0.1370168786692759,0.1502210250234486,,
classical_stimulus_holdout_matched/dreamer__arousal__loso_stimulus_seen/alpha_logistic,20260530,3,2.0,42660,1358.0,0.4891487424604529,0.5567010309278351,0.4832454709801393,0.5782212145062616,,
classical_stimulus_holdout_matched/dreamer__arousal__loso_stimulus_seen/alpha_logistic,20260530,4,2.0,45307,1187.0,0.5561403982328754,0.8079191238416176,0.5574372056514914,0.7596740063402718,,
classical_stimulus_holdout_matched/dreamer__arousal__loso_stimulus_seen/alpha_logistic,20260530,5,2.0,42660,1183.0,0.3410030513246826,0.3338968723584108,0.328808824376476,0.3475308650090322,,
classical_stimulus_holdout_matched/dreamer__arousal__loso_stimulus_seen/alpha_logistic,20260530,6,2.0,42660,1358.0,0.4011862823309589,0.3600883652430044,0.3593209388937297,0.3531162152187431,,
classical_stimulus_holdout_matched/dreamer__arousal__loso_stimulus_seen/alpha_logistic,20260530,7,2.0,44644,1187.0,0.5376859108706054,0.4262847514743049,0.4236668570316326,0.4082540035003994,,
classical_stimulus_holdout_matched/dreamer__arousal__loso_stimulus_seen/alpha_logistic,20260530,8,2.0,42660,1183.0,0.4834629785504891,0.2358410819949281,0.2332325729461228,0.2680504980758286,,
classical_stimulus_holdout_matched/dreamer__arousal__loso_stimulus_seen/alpha_logistic,20260530,9,2.0,42660,1358.0,0.5063181513070499,0.3306332842415316,0.3187978961692997,0.3846529046606012,,
classical_stimulus_holdout_matched/dreamer__arousal__loso_stimulus_seen/alpha_logistic,20260530,10,2.0,44990,1187.0,0.4746373262145592,0.6141533277169334,0.4750668180694599,0.6241693775115142,,
classical_stimulus_holdout_matched/dreamer__arousal__loso_stimulus_seen/alpha_logistic,20260530,11,2.0,42660,1183.0,0.4636247181502542,0.5054945054945055,0.405089689355992,0.4338062931486944,,
classical_stimulus_holdout_matched/dreamer__arousal__loso_stimulus_seen/alpha_logistic,20260530,12,2.0,42660,1358.0,0.4888514285092823,0.4668630338733431,0.3719148066284224,0.3589673210950242,,
classical_stimulus_holdout_matched/dreamer__arousal__loso_stimulus_seen/alpha_logistic,20260530,13,2.0,45613,1187.0,0.4659086391849761,0.4700926705981466,0.4022085416051159,0.4047541964423545,,
classical_stimulus_holdout_matched/dreamer__arousal__loso_stimulus_seen/alpha_logistic,20260530,14,2.0,42660,1183.0,0.562655667600913,0.5891800507185122,0.5443682598855013,0.5592249991643701,,
classical_stimulus_holdout_matched/dreamer__arousal__loso_stimulus_seen/alpha_logistic,20260530,15,2.0,42660,1358.0,0.5309720835116755,0.6921944035346097,0.5310850953452486,0.6739785269805362,,
classical_stimulus_holdout_matched/dreamer__arousal__loso_stimulus_seen/alpha_logistic,20260530,16,2.0,44733,1187.0,0.4800784534626468,0.5686604886267902,0.4733331946784246,0.5969755264332355,,
classical_stimulus_holdout_matched/dreamer__arousal__loso_stimulus_seen/alpha_logistic,20260530,17,2.0,42490,1183.0,0.1354734317663035,0.1487743026204564,0.131253988105873,0.1440813612326216,,
classical_stimulus_holdout_matched/dreamer__arousal__loso_stimulus_seen/alpha_logistic,20260530,18,2.0,42660,1358.0,0.6859562930426767,0.6848306332842415,0.6734050778580933,0.6730452178446713,,
classical_stimulus_holdout_matched/dreamer__arousal__loso_stimulus_seen/alpha_logistic,20260530,19,2.0,45120,1187.0,0.4781436490248422,0.2586352148272957,0.2450899335688392,0.1892901900198518,,
classical_stimulus_holdout_matched/dreamer__arousal__loso_stimulus_seen/alpha_logistic,20260530,20,2.0,42660,1183.0,0.7354942693409743,0.6280642434488588,0.5451844706342882,0.6946962984245334,,
classical_stimulus_holdout_matched/dreamer__arousal__loso_stimulus_seen/alpha_logistic,20260530,21,2.0,42660,1358.0,0.4421602820167388,0.2599410898379971,0.2556590884920278,0.2970656257792646,,
classical_stimulus_holdout_matched/dreamer__arousal__loso_stimulus_seen/alpha_logistic,20260530,22,2.0,45402,1187.0,0.3946904169075911,0.6225779275484414,0.4095314234954474,0.6650079465884486,,
classical_stimulus_holdout_matched/dreamer__arousal__loso_stimulus_seen/alpha_logistic,20260530,23,2.0,42660,1183.0,0.5031725851657084,0.4530853761622992,0.3294338217578903,0.299494567443437,,
classical_stimulus_holdout_matched/dreamer__arousal__loso_stimulus_seen/spectral_logistic,20260530,1,2.0,45616,1187.0,0.5877564907872697,0.3159224936815501,0.3159103555570697,0.3139609727655119,,
classical_stimulus_holdout_matched/dreamer__arousal__loso_stimulus_seen/spectral_logistic,20260530,2,2.0,42660,1183.0,0.355258358662614,0.3939137785291631,0.2892322852955447,0.3198988901415166,,
classical_stimulus_holdout_matched/dreamer__arousal__loso_stimulus_seen/spectral_logistic,20260530,3,2.0,42660,1358.0,0.7209286445885967,0.6605301914580265,0.6419945753461319,0.6817051833269546,,
classical_stimulus_holdout_matched/dreamer__arousal__loso_stimulus_seen/spectral_logistic,20260530,4,2.0,45307,1187.0,0.799945564643111,0.8635214827295703,0.790430790960452,0.8656068091709146,,
classical_stimulus_holdout_matched/dreamer__arousal__loso_stimulus_seen/spectral_logistic,20260530,5,2.0,42660,1183.0,0.3584526152846523,0.3465765004226542,0.3426006002767743,0.3589795802255623,,
classical_stimulus_holdout_matched/dreamer__arousal__loso_stimulus_seen/spectral_logistic,20260530,6,2.0,42660,1358.0,0.4913705667375,0.4440353460972017,0.4434773640772614,0.4385463601801148,,
classical_stimulus_holdout_matched/dreamer__arousal__loso_stimulus_seen/spectral_logistic,20260530,7,2.0,44644,1187.0,0.4751164154160292,0.3133951137320977,0.2787927855795087,0.2161093372723185,,
classical_stimulus_holdout_matched/dreamer__arousal__loso_stimulus_seen/spectral_logistic,20260530,8,2.0,42660,1183.0,0.4972825298232374,0.6348267117497887,0.4646385920804525,0.699635980709326,,
classical_stimulus_holdout_matched/dreamer__arousal__loso_stimulus_seen/spectral_logistic,20260530,9,2.0,42660,1358.0,0.4971413416448785,0.4646539027982327,0.403442664654105,0.5435952926806593,,
classical_stimulus_holdout_matched/dreamer__arousal__loso_stimulus_seen/spectral_logistic,20260530,10,2.0,44990,1187.0,0.3944123337660111,0.502106149957877,0.3998326587496118,0.5365451827116806,,
classical_stimulus_holdout_matched/dreamer__arousal__loso_stimulus_seen/spectral_logistic,20260530,11,2.0,42660,1183.0,0.4612235611896522,0.4395604395604395,0.429899409277548,0.4211793884377952,,
classical_stimulus_holdout_matched/dreamer__arousal__loso_stimulus_seen/spectral_logistic,20260530,12,2.0,42660,1358.0,0.498657951690611,0.4749631811487481,0.3622031943393256,0.3479847721847224,,
classical_stimulus_holdout_matched/dreamer__arousal__loso_stimulus_seen/spectral_logistic,20260530,13,2.0,45613,1187.0,0.3521590863918498,0.3504633529907329,0.3393430658515087,0.3382599210002855,,
classical_stimulus_holdout_matched/dreamer__arousal__loso_stimulus_seen/spectral_logistic,20260530,14,2.0,42660,1183.0,0.5223164494784593,0.5316990701606086,0.5217055598694543,0.5288938742894074,,
classical_stimulus_holdout_matched/dreamer__arousal__loso_stimulus_seen/spectral_logistic,20260530,15,2.0,42660,1358.0,0.4594598611309269,0.6855670103092784,0.4241299621923473,0.6258507883896733,,
classical_stimulus_holdout_matched/dreamer__arousal__loso_stimulus_seen/spectral_logistic,20260530,16,2.0,44733,1187.0,0.5506049325267567,0.3420387531592249,0.3384024692679619,0.3113369471227659,,
classical_stimulus_holdout_matched/dreamer__arousal__loso_stimulus_seen/spectral_logistic,20260530,17,2.0,42490,1183.0,0.4339218122453697,0.4429416737109045,0.4330834459874646,0.4408562793847922,,
classical_stimulus_holdout_matched/dreamer__arousal__loso_stimulus_seen/spectral_logistic,20260530,18,2.0,42660,1358.0,0.6345133127270756,0.6354933726067746,0.624632078458658,0.6250082271737443,,
classical_stimulus_holdout_matched/dreamer__arousal__loso_stimulus_seen/spectral_logistic,20260530,19,2.0,45120,1187.0,0.5452250332672071,0.6697556866048863,0.5430777811819975,0.675836226065185,,
classical_stimulus_holdout_matched/dreamer__arousal__loso_stimulus_seen/spectral_logistic,20260530,20,2.0,42660,1183.0,0.6684750547783583,0.7472527472527473,0.5918284215470079,0.785789463626362,,
classical_stimulus_holdout_matched/dreamer__arousal__loso_stimulus_seen/spectral_logistic,20260530,21,2.0,42660,1358.0,0.455132207081399,0.2297496318114874,0.2292079519531513,0.244194428033786,,
classical_stimulus_holdout_matched/dreamer__arousal__loso_stimulus_seen/spectral_logistic,20260530,22,2.0,45402,1187.0,0.4063285463106097,0.5341196293176074,0.4019606324679644,0.6044623211891916,,
classical_stimulus_holdout_matched/dreamer__arousal__loso_stimulus_seen/spectral_logistic,20260530,23,2.0,42660,1183.0,0.5038154815221474,0.4547759932375317,0.3384890673643856,0.309651785343424,,
classical_stimulus_holdout_matched/dreamer__arousal__loso_stimulus_seen/spectral_svm,20260530,1,2.0,45616,1187.0,0.5887615159128978,0.3176074136478517,0.3176030547354077,0.3164363191712168,,
classical_stimulus_holdout_matched/dreamer__arousal__loso_stimulus_seen/spectral_svm,20260530,2,2.0,42660,1183.0,0.355450861195542,0.3939137785291631,0.2903098683467413,0.3207950897057283,,
classical_stimulus_holdout_matched/dreamer__arousal__loso_stimulus_seen/spectral_svm,20260530,3,2.0,42660,1358.0,0.7182969158984864,0.666421207658321,0.6453517029545088,0.6874907123621332,,
classical_stimulus_holdout_matched/dreamer__arousal__loso_stimulus_seen/spectral_svm,20260530,4,2.0,45307,1187.0,0.7922323894872279,0.8433024431339511,0.769713620547225,0.8487859619556147,,
classical_stimulus_holdout_matched/dreamer__arousal__loso_stimulus_seen/spectral_svm,20260530,5,2.0,42660,1183.0,0.3584159866480657,0.345731191885038,0.3420070021730882,0.3578661920700431,,
classical_stimulus_holdout_matched/dreamer__arousal__loso_stimulus_seen/spectral_svm,20260530,6,2.0,42660,1358.0,0.49092344584307,0.4440353460972017,0.4435281085361439,0.4388268823604854,,
classical_stimulus_holdout_matched/dreamer__arousal__loso_stimulus_seen/spectral_svm,20260530,7,2.0,44644,1187.0,0.4748940299613858,0.3108677337826453,0.2741417977393696,0.2093555959551643,,
classical_stimulus_holdout_matched/dreamer__arousal__loso_stimulus_seen/spectral_svm,20260530,8,2.0,42660,1183.0,0.4996734682030592,0.6331360946745562,0.4651408450704225,0.6985098117150788,,
classical_stimulus_holdout_matched/dreamer__arousal__loso_stimulus_seen/spectral_svm,20260530,9,2.0,42660,1358.0,0.4945924886287358,0.4602356406480117,0.4003974404306186,0.5393224926835872,,
classical_stimulus_holdout_matched/dreamer__arousal__loso_stimulus_seen/spectral_svm,20260530,10,2.0,44990,1187.0,0.3901508657637579,0.5037910699241785,0.3967543566739058,0.5369724510317632,,
classical_stimulus_holdout_matched/dreamer__arousal__loso_stimulus_seen/spectral_svm,20260530,11,2.0,42660,1183.0,0.458703578115128,0.4378698224852071,0.4291754373362415,0.4208979062697606,,
classical_stimulus_holdout_matched/dreamer__arousal__loso_stimulus_seen/spectral_svm,20260530,12,2.0,42660,1358.0,0.4947753646042915,0.4705449189985272,0.3499056885798957,0.3350577832976026,,
classical_stimulus_holdout_matched/dreamer__arousal__loso_stimulus_seen/spectral_svm,20260530,13,2.0,45613,1187.0,0.3495567682985695,0.3479359730412805,0.3377796678583785,0.3367433101866538,,
classical_stimulus_holdout_matched/dreamer__arousal__loso_stimulus_seen/spectral_svm,20260530,14,2.0,42660,1183.0,0.5173798722875553,0.5240912933220625,0.5173314665165096,0.5232704572099597,,
classical_stimulus_holdout_matched/dreamer__arousal__loso_stimulus_seen/spectral_svm,20260530,15,2.0,42660,1358.0,0.4613175916678556,0.6899852724594993,0.4238078680957636,0.627406186059791,,
classical_stimulus_holdout_matched/dreamer__arousal__loso_stimulus_seen/spectral_svm,20260530,16,2.0,44733,1187.0,0.5443821279583323,0.3344566133108677,0.3301660637854086,0.3005838538993479,,
classical_stimulus_holdout_matched/dreamer__arousal__loso_stimulus_seen/spectral_svm,20260530,17,2.0,42490,1183.0,0.4465413620734491,0.4539306846999155,0.446286249210241,0.4530507496795212,,
classical_stimulus_holdout_matched/dreamer__arousal__loso_stimulus_seen/spectral_svm,20260530,18,2.0,42660,1358.0,0.6358733257415542,0.6369661266568483,0.6234810459390985,0.6239008149886782,,
classical_stimulus_holdout_matched/dreamer__arousal__loso_stimulus_seen/spectral_svm,20260530,19,2.0,45120,1187.0,0.5495273199284857,0.6722830665543387,0.5471300803359772,0.6785006027286483,,
classical_stimulus_holdout_matched/dreamer__arousal__loso_stimulus_seen/spectral_svm,20260530,20,2.0,42660,1183.0,0.6637978257205461,0.7616229923922232,0.597805329706895,0.7954714101126353,,
classical_stimulus_holdout_matched/dreamer__arousal__loso_stimulus_seen/spectral_svm,20260530,21,2.0,42660,1358.0,0.4615043396217558,0.2407952871870397,0.2397229961722732,0.2606642089312432,,
classical_stimulus_holdout_matched/dreamer__arousal__loso_stimulus_seen/spectral_svm,20260530,22,2.0,45402,1187.0,0.3970711445193113,0.544229149115417,0.3999813126900849,0.6118917940365779,,
classical_stimulus_holdout_matched/dreamer__arousal__loso_stimulus_seen/spectral_svm,20260530,23,2.0,42660,1183.0,0.5079993643271982,0.4590025359256128,0.3441805028134268,0.315648967312823,,
classical_stimulus_holdout_matched/dreamer__valence__loso_stimulus_heldout/alpha_logistic,20260530,1,2.0,36479,1187.0,0.5587830851943755,0.6722830665543387,0.5343703896423446,0.7045196210647273,,
classical_stimulus_holdout_matched/dreamer__valence__loso_stimulus_heldout/alpha_logistic,20260530,2,2.0,38165,1183.0,0.5344123735050599,0.8250211327134404,0.5253223077057274,0.8412813881127951,,
classical_stimulus_holdout_matched/dreamer__valence__loso_stimulus_heldout/alpha_logistic,20260530,3,2.0,39908,1358.0,0.490939673498029,0.5618556701030928,0.468555376436379,0.5203706537627086,,
classical_stimulus_holdout_matched/dreamer__valence__loso_stimulus_heldout/alpha_logistic,20260530,4,2.0,35411,1187.0,0.2661065745393635,0.396798652064027,0.2991853024605844,0.476123270251926,,
classical_stimulus_holdout_matched/dreamer__valence__loso_stimulus_heldout/alpha_logistic,20260530,5,2.0,38762,1183.0,0.7492477384237963,0.7049873203719358,0.5594153810363797,0.771565074979815,,
classical_stimulus_holdout_matched/dreamer__valence__loso_stimulus_heldout/alpha_logistic,20260530,6,2.0,39644,1358.0,0.4938857410086026,0.4955817378497791,0.4938688943987316,0.4954299669110787,,
classical_stimulus_holdout_matched/dreamer__valence__loso_stimulus_heldout/alpha_logistic,20260530,7,2.0,36474,1187.0,0.5314446897228354,0.5349620893007582,0.5231266375545851,0.5435696905707023,,
classical_stimulus_holdout_matched/dreamer__valence__loso_stimulus_heldout/alpha_logistic,20260530,8,2.0,38270,1183.0,0.5591220101195953,0.6348267117497887,0.4690702371157155,0.7175795659543941,,
classical_stimulus_holdout_matched/dreamer__valence__loso_stimulus_heldout/alpha_logistic,20260530,9,2.0,40082,1358.0,0.4743843791116452,0.5198821796759941,0.4685633342936713,0.5050459257976923,,
classical_stimulus_holdout_matched/dreamer__valence__loso_stimulus_heldout/alpha_logistic,20260530,11,2.0,38097,1183.0,0.5104336632945357,0.3491124260355029,0.3478033622590715,0.3655621708487735,,
classical_stimulus_holdout_matched/dreamer__valence__loso_stimulus_heldout/alpha_logistic,20260530,12,2.0,39472,1358.0,0.2815965488495802,0.2695139911634757,0.242598227397747,0.2341870512209568,,
classical_stimulus_holdout_matched/dreamer__valence__loso_stimulus_heldout/alpha_logistic,20260530,13,2.0,35879,1187.0,0.6669642857142857,0.3715248525695029,0.3264710356577827,0.4810041601139438,,
classical_stimulus_holdout_matched/dreamer__valence__loso_stimulus_heldout/alpha_logistic,20260530,14,2.0,38142,1183.0,0.524983202311362,0.3744716821639898,0.3518518518518518,0.3050769086272045,,
classical_stimulus_holdout_matched/dreamer__valence__loso_stimulus_heldout/alpha_logistic,20260530,15,2.0,40016,1358.0,0.5662378204090381,0.4808541973490427,0.4427750024881572,0.410595401197268,,
classical_stimulus_holdout_matched/dreamer__valence__loso_stimulus_heldout/alpha_logistic,20260530,16,2.0,36013,1187.0,0.443349889624724,0.552653748946925,0.3848174207886438,0.4722547336840064,,
classical_stimulus_holdout_matched/dreamer__valence__loso_stimulus_heldout/alpha_logistic,20260530,17,2.0,38300,1183.0,0.5028316406466002,0.5249366018596788,0.4604433667043227,0.575395856748955,,
classical_stimulus_holdout_matched/dreamer__valence__loso_stimulus_heldout/alpha_logistic,20260530,18,2.0,40424,1358.0,0.5743077614179746,0.5412371134020618,0.5409979258931328,0.5386832080647869,,
classical_stimulus_holdout_matched/dreamer__valence__loso_stimulus_heldout/alpha_logistic,20260530,19,2.0,35212,1187.0,0.432579102281089,0.3310867733782645,0.2844620243554314,0.2347597341429722,,
classical_stimulus_holdout_matched/dreamer__valence__loso_stimulus_heldout/alpha_logistic,20260530,20,2.0,38066,1183.0,0.7258509659613616,0.4961961115807269,0.4329807698493885,0.5915792601171262,,
classical_stimulus_holdout_matched/dreamer__valence__loso_stimulus_heldout/alpha_logistic,20260530,21,2.0,39717,1358.0,0.3602071810680932,0.4072164948453608,0.3480821261829239,0.3888544781702276,,
classical_stimulus_holdout_matched/dreamer__valence__loso_stimulus_heldout/alpha_logistic,20260530,22,2.0,35088,1187.0,0.5409350775193799,0.5619208087615838,0.5330815828809692,0.5734564991138296,,
classical_stimulus_holdout_matched/dreamer__valence__loso_stimulus_heldout/alpha_logistic,20260530,23,2.0,38718,1183.0,0.6254713731462345,0.5393068469991547,0.5115514426518886,0.5823178813954502,,
classical_stimulus_holdout_matched/dreamer__valence__loso_stimulus_heldout/spectral_logistic,20260530,1,2.0,36479,1187.0,0.7906275847808106,0.7051390058972199,0.6477828419503394,0.7432167932356498,,
classical_stimulus_holdout_matched/dreamer__valence__loso_stimulus_heldout/spectral_logistic,20260530,2,2.0,38165,1183.0,0.4797320607175713,0.8292476754015216,0.4811042976757113,0.8371518594159362,,
classical_stimulus_holdout_matched/dreamer__valence__loso_stimulus_heldout/spectral_logistic,20260530,3,2.0,39908,1358.0,0.5153138092584566,0.5780559646539027,0.5025745961671598,0.5476636556034751,,
classical_stimulus_holdout_matched/dreamer__valence__loso_stimulus_heldout/spectral_logistic,20260530,4,2.0,35411,1187.0,0.4480606155778894,0.7194608256107835,0.4433375160018759,0.708561221284116,,
classical_stimulus_holdout_matched/dreamer__valence__loso_stimulus_heldout/spectral_logistic,20260530,5,2.0,38762,1183.0,0.9006583486660533,0.8436179205409975,0.7043079396604719,0.8743278793804237,,
classical_stimulus_holdout_matched/dreamer__valence__loso_stimulus_heldout/spectral_logistic,20260530,6,2.0,39644,1358.0,0.5495405061501485,0.5618556701030928,0.5297179099013526,0.5362359908436773,,
classical_stimulus_holdout_matched/dreamer__valence__loso_stimulus_heldout/spectral_logistic,20260530,7,2.0,36474,1187.0,0.6085372209958302,0.6764953664700927,0.6090572251955537,0.6532408349961137,,
classical_stimulus_holdout_matched/dreamer__valence__loso_stimulus_heldout/spectral_logistic,20260530,8,2.0,38270,1183.0,0.4323395814167433,0.7159763313609467,0.4419247228493446,0.7695304454488593,,
classical_stimulus_holdout_matched/dreamer__valence__loso_stimulus_heldout/spectral_logistic,20260530,9,2.0,40082,1358.0,0.5937198574363628,0.6104565537555229,0.5930315096903869,0.6116347595819911,,
classical_stimulus_holdout_matched/dreamer__valence__loso_stimulus_heldout/spectral_logistic,20260530,11,2.0,38097,1183.0,0.5362617390043148,0.4666103127641589,0.4416760347317742,0.5133870183529128,,
classical_stimulus_holdout_matched/dreamer__valence__loso_stimulus_heldout/spectral_logistic,20260530,12,2.0,39472,1358.0,0.3578206995022212,0.3571428571428571,0.3570839400323753,0.3574465068661094,,
classical_stimulus_holdout_matched/dreamer__valence__loso_stimulus_heldout/spectral_logistic,20260530,13,2.0,35879,1187.0,0.7330357142857142,0.4962089300758214,0.4094350485546748,0.6102546029321857,,
classical_stimulus_holdout_matched/dreamer__valence__loso_stimulus_heldout/spectral_logistic,20260530,14,2.0,38142,1183.0,0.501468117986965,0.4387151310228233,0.43816553657769,0.4449537706702822,,
classical_stimulus_holdout_matched/dreamer__valence__loso_stimulus_heldout/spectral_logistic,20260530,15,2.0,40016,1358.0,0.360235416984957,0.3416789396170839,0.3416660882541776,0.3410235201088594,,
classical_stimulus_holdout_matched/dreamer__valence__loso_stimulus_heldout/spectral_logistic,20260530,16,2.0,36013,1187.0,0.4809296051017905,0.3951137320977254,0.3737979497548875,0.3423596041076884,,
classical_stimulus_holdout_matched/dreamer__valence__loso_stimulus_heldout/spectral_logistic,20260530,17,2.0,38300,1183.0,0.5706827272224577,0.650887573964497,0.5453340765632255,0.6803314442922201,,
classical_stimulus_holdout_matched/dreamer__valence__loso_stimulus_heldout/spectral_logistic,20260530,18,2.0,40424,1358.0,0.7224968703040309,0.6929307805596465,0.6927266719082943,0.6944761746341707,,
classical_stimulus_holdout_matched/dreamer__valence__loso_stimulus_heldout/spectral_logistic,20260530,19,2.0,35212,1187.0,0.425374049546235,0.3546756529064869,0.3409990954738905,0.3151655981012083,,
classical_stimulus_holdout_matched/dreamer__valence__loso_stimulus_heldout/spectral_logistic,20260530,20,2.0,38066,1183.0,0.776626226617602,0.6331360946745562,0.5237272727272727,0.714951510028433,,
classical_stimulus_holdout_matched/dreamer__valence__loso_stimulus_heldout/spectral_logistic,20260530,21,2.0,39717,1358.0,0.6427803971348263,0.6539027982326951,0.6413560434422987,0.655285905059983,,
classical_stimulus_holdout_matched/dreamer__valence__loso_stimulus_heldout/spectral_logistic,20260530,22,2.0,35088,1187.0,0.5095203488372093,0.6301600673967986,0.4901666691126471,0.5831204850151464,,
classical_stimulus_holdout_matched/dreamer__valence__loso_stimulus_heldout/spectral_logistic,20260530,23,2.0,38718,1183.0,0.5589647014032416,0.4454775993237532,0.4321854824076188,0.4849867645219869,,
classical_stimulus_holdout_matched/dreamer__valence__loso_stimulus_heldout/spectral_svm,20260530,1,2.0,36479,1187.0,0.7931916873449132,0.7059814658803707,0.6490738975929384,0.7439595292353725,,
classical_stimulus_holdout_matched/dreamer__valence__loso_stimulus_heldout/spectral_svm,20260530,2,2.0,38165,1183.0,0.4763636537871819,0.8317836010143702,0.4777945622686125,0.8379620544627049,,
classical_stimulus_holdout_matched/dreamer__valence__loso_stimulus_heldout/spectral_svm,20260530,3,2.0,39908,1358.0,0.5239510453429096,0.5846833578792342,0.5133247424645626,0.5566888241396323,,
classical_stimulus_holdout_matched/dreamer__valence__loso_stimulus_heldout/spectral_svm,20260530,4,2.0,35411,1187.0,0.4381019681742044,0.6992417860151643,0.4371411228248207,0.6969767185554946,,
classical_stimulus_holdout_matched/dreamer__valence__loso_stimulus_heldout/spectral_svm,20260530,5,2.0,38762,1183.0,0.9001983670653173,0.8427726120033813,0.7033600802407222,0.8737149741701858,,
classical_stimulus_holdout_matched/dreamer__valence__loso_stimulus_heldout/spectral_svm,20260530,6,2.0,39644,1358.0,0.5475992126069886,0.5596465390279823,0.5286966211275289,0.535100052417278,,
classical_stimulus_holdout_matched/dreamer__valence__loso_stimulus_heldout/spectral_svm,20260530,7,2.0,36474,1187.0,0.6078749693402011,0.6756529064869419,0.6083700044133842,0.6525415031324068,,
classical_stimulus_holdout_matched/dreamer__valence__loso_stimulus_heldout/spectral_svm,20260530,8,2.0,38270,1183.0,0.4452190662373505,0.7396449704142012,0.4521171658847588,0.7846026434678129,,
classical_stimulus_holdout_matched/dreamer__valence__loso_stimulus_heldout/spectral_svm,20260530,9,2.0,40082,1358.0,0.5888320590321088,0.6082474226804123,0.5887069411140486,0.60851148324212,,
classical_stimulus_holdout_matched/dreamer__valence__loso_stimulus_heldout/spectral_svm,20260530,11,2.0,38097,1183.0,0.5302177381340876,0.4699915469146238,0.4422131865636231,0.5178671300953259,,
classical_stimulus_holdout_matched/dreamer__valence__loso_stimulus_heldout/spectral_svm,20260530,12,2.0,39472,1358.0,0.3496466358030737,0.3505154639175257,0.3497030176017721,0.3510570947946948,,
classical_stimulus_holdout_matched/dreamer__valence__loso_stimulus_heldout/spectral_svm,20260530,13,2.0,35879,1187.0,0.73125,0.4928390901432182,0.4072719249349684,0.607055128846913,,
classical_stimulus_holdout_matched/dreamer__valence__loso_stimulus_heldout/spectral_svm,20260530,14,2.0,38142,1183.0,0.5016260162601626,0.4378698224852071,0.4374051102276782,0.4436513896891691,,
classical_stimulus_holdout_matched/dreamer__valence__loso_stimulus_heldout/spectral_svm,20260530,15,2.0,40016,1358.0,0.3704340073106049,0.345360824742268,0.3447038101519012,0.3401199874284122,,
classical_stimulus_holdout_matched/dreamer__valence__loso_stimulus_heldout/spectral_svm,20260530,16,2.0,36013,1187.0,0.484878587196468,0.3900589721988206,0.3600601673964198,0.3223573893762817,,
classical_stimulus_holdout_matched/dreamer__valence__loso_stimulus_heldout/spectral_svm,20260530,17,2.0,38300,1183.0,0.5704615412972555,0.6559594251901945,0.54709248237918,0.683926967395093,,
classical_stimulus_holdout_matched/dreamer__valence__loso_stimulus_heldout/spectral_svm,20260530,18,2.0,40424,1358.0,0.7216771065875255,0.6848306332842415,0.6848135422631753,0.6843008116311867,,
classical_stimulus_holdout_matched/dreamer__valence__loso_stimulus_heldout/spectral_svm,20260530,19,2.0,35212,1187.0,0.431142690703949,0.3513058129738837,0.3305515026866126,0.2984766595153755,,
classical_stimulus_holdout_matched/dreamer__valence__loso_stimulus_heldout/spectral_svm,20260530,20,2.0,38066,1183.0,0.7899513186139221,0.6314454775993238,0.525497512437811,0.7133229748261101,,
classical_stimulus_holdout_matched/dreamer__valence__loso_stimulus_heldout/spectral_svm,20260530,21,2.0,39717,1358.0,0.6432133466316076,0.6590574374079529,0.643348975772843,0.6588920851802149,,
classical_stimulus_holdout_matched/dreamer__valence__loso_stimulus_heldout/spectral_svm,20260530,22,2.0,35088,1187.0,0.51343830749354,0.6318449873631002,0.4961510927982454,0.5871276811996822,,
classical_stimulus_holdout_matched/dreamer__valence__loso_stimulus_heldout/spectral_svm,20260530,23,2.0,38718,1183.0,0.5614371442039232,0.4573119188503803,0.4411796734280635,0.4988865612820229,,
classical_stimulus_holdout_matched/dreamer__valence__loso_stimulus_seen/alpha_logistic,20260530,1,2.0,36479,1187.0,0.5786393713813068,0.6503791069924179,0.5366879070751722,0.690789754582051,,
classical_stimulus_holdout_matched/dreamer__valence__loso_stimulus_seen/alpha_logistic,20260530,2,2.0,38165,1183.0,0.5479003756516406,0.8410819949281487,0.5401455628153171,0.8517735714086465,,
classical_stimulus_holdout_matched/dreamer__valence__loso_stimulus_seen/alpha_logistic,20260530,3,2.0,39908,1358.0,0.4918592358688947,0.5397643593519882,0.4871412178938317,0.5253686034128603,,
classical_stimulus_holdout_matched/dreamer__valence__loso_stimulus_seen/alpha_logistic,20260530,4,2.0,35411,1187.0,0.5711604899497488,0.4818871103622578,0.4460279336604023,0.5413753472087134,,
classical_stimulus_holdout_matched/dreamer__valence__loso_stimulus_seen/alpha_logistic,20260530,5,2.0,38762,1183.0,0.7417251226617602,0.6737109044801353,0.5392930360947892,0.7477564282229238,,
classical_stimulus_holdout_matched/dreamer__valence__loso_stimulus_seen/alpha_logistic,20260530,6,2.0,39644,1358.0,0.4857801607412805,0.4904270986745213,0.4837886058816291,0.4868923167977865,,
classical_stimulus_holdout_matched/dreamer__valence__loso_stimulus_seen/alpha_logistic,20260530,7,2.0,36474,1187.0,0.5434893917095904,0.5332771693344566,0.5275224743642801,0.5417115314281504,,
classical_stimulus_holdout_matched/dreamer__valence__loso_stimulus_seen/alpha_logistic,20260530,8,2.0,38270,1183.0,0.5088642287641828,0.6035502958579881,0.4409493725093078,0.6935160105007533,,
classical_stimulus_holdout_matched/dreamer__valence__loso_stimulus_seen/alpha_logistic,20260530,9,2.0,40082,1358.0,0.5116363122262229,0.4734904270986745,0.4716105709448668,0.4646481407455787,,
classical_stimulus_holdout_matched/dreamer__valence__loso_stimulus_seen/alpha_logistic,20260530,11,2.0,38097,1183.0,0.5460200696181877,0.3617920540997464,0.3612644484539805,0.3724217560806171,,
classical_stimulus_holdout_matched/dreamer__valence__loso_stimulus_seen/alpha_logistic,20260530,12,2.0,39472,1358.0,0.4817354132521912,0.4580265095729013,0.3698455330685329,0.355958765115089,,
classical_stimulus_holdout_matched/dreamer__valence__loso_stimulus_seen/alpha_logistic,20260530,13,2.0,35879,1187.0,0.4016724413646055,0.5593934288121314,0.3835223577054119,0.675623679275405,,
classical_stimulus_holdout_matched/dreamer__valence__loso_stimulus_seen/alpha_logistic,20260530,14,2.0,38142,1183.0,0.5337364778606464,0.463229078613694,0.4629282085929485,0.4678388371458307,,
classical_stimulus_holdout_matched/dreamer__valence__loso_stimulus_seen/alpha_logistic,20260530,15,2.0,40016,1358.0,0.4801341265696935,0.4955817378497791,0.4794585245010892,0.4996968676165995,,
classical_stimulus_holdout_matched/dreamer__valence__loso_stimulus_seen/alpha_logistic,20260530,16,2.0,36013,1187.0,0.4960203581064508,0.628475147430497,0.394363231423365,0.49682684777879,,
classical_stimulus_holdout_matched/dreamer__valence__loso_stimulus_seen/alpha_logistic,20260530,17,2.0,38300,1183.0,0.4954288242124859,0.5021132713440406,0.4468245405533287,0.5545932163459195,,
classical_stimulus_holdout_matched/dreamer__valence__loso_stimulus_seen/alpha_logistic,20260530,18,2.0,40424,1358.0,0.5013316884852271,0.6045655375552282,0.4061219653419265,0.4819602731941437,,
classical_stimulus_holdout_matched/dreamer__valence__loso_stimulus_seen/alpha_logistic,20260530,19,2.0,35212,1187.0,0.358578611724307,0.3074978938500421,0.301824660827752,0.2846989200221473,,
classical_stimulus_holdout_matched/dreamer__valence__loso_stimulus_seen/alpha_logistic,20260530,20,2.0,38066,1183.0,0.3607741107022386,0.6542688081149619,0.397829509461671,0.7270151894686806,,
classical_stimulus_holdout_matched/dreamer__valence__loso_stimulus_seen/alpha_logistic,20260530,21,2.0,39717,1358.0,0.3197184694895276,0.3807069219440353,0.2884439856128465,0.3416508323314462,,
classical_stimulus_holdout_matched/dreamer__valence__loso_stimulus_seen/alpha_logistic,20260530,22,2.0,35088,1187.0,0.5628795219638243,0.6301600673967986,0.5641304029610422,0.6231569211687639,,
classical_stimulus_holdout_matched/dreamer__valence__loso_stimulus_seen/alpha_logistic,20260530,23,2.0,38718,1183.0,0.7174367272199862,0.7421808960270498,0.6663423935608979,0.7630230376622512,,
classical_stimulus_holdout_matched/dreamer__valence__loso_stimulus_seen/spectral_logistic,20260530,1,2.0,36479,1187.0,0.8097161910669974,0.7026116259477675,0.6511244903345703,0.7411140672725487,,
classical_stimulus_holdout_matched/dreamer__valence__loso_stimulus_seen/spectral_logistic,20260530,2,2.0,38165,1183.0,0.5287440585709905,0.8233305156382079,0.5207360498091643,0.8397478749544646,,
classical_stimulus_holdout_matched/dreamer__valence__loso_stimulus_seen/spectral_logistic,20260530,3,2.0,39908,1358.0,0.6331003469570741,0.6428571428571429,0.6295908869786262,0.645902703545207,,
classical_stimulus_holdout_matched/dreamer__valence__loso_stimulus_seen/spectral_logistic,20260530,4,2.0,35411,1187.0,0.7055276381909548,0.506318449873631,0.4892486856404382,0.5524146795540501,,
classical_stimulus_holdout_matched/dreamer__valence__loso_stimulus_seen/spectral_logistic,20260530,5,2.0,38762,1183.0,0.6660821067157314,0.4387151310228233,0.3885010369244758,0.535292090763598,,
classical_stimulus_holdout_matched/dreamer__valence__loso_stimulus_seen/spectral_logistic,20260530,6,2.0,39644,1358.0,0.546932538689926,0.5544918998527246,0.5409791186535373,0.5451547420283934,,
classical_stimulus_holdout_matched/dreamer__valence__loso_stimulus_seen/spectral_logistic,20260530,7,2.0,36474,1187.0,0.594320272259014,0.6672283066554339,0.5918899369727967,0.6396042377718002,,
classical_stimulus_holdout_matched/dreamer__valence__loso_stimulus_seen/spectral_logistic,20260530,8,2.0,38270,1183.0,0.4207969181232751,0.6162299239222316,0.4157325616813889,0.7024466828656243,,
classical_stimulus_holdout_matched/dreamer__valence__loso_stimulus_seen/spectral_logistic,20260530,9,2.0,40082,1358.0,0.5741789251176059,0.6170839469808542,0.5730768021629099,0.603356947679844,,
classical_stimulus_holdout_matched/dreamer__valence__loso_stimulus_seen/spectral_logistic,20260530,11,2.0,38097,1183.0,0.5415238949925668,0.5012679628064244,0.4642407550692065,0.5498438494841893,,
classical_stimulus_holdout_matched/dreamer__valence__loso_stimulus_seen/spectral_logistic,20260530,12,2.0,39472,1358.0,0.5082545963464297,0.4815905743740795,0.3688257911860396,0.3531094450971142,,
classical_stimulus_holdout_matched/dreamer__valence__loso_stimulus_seen/spectral_logistic,20260530,13,2.0,35879,1187.0,0.6994869402985074,0.472620050547599,0.3916707600615646,0.5885289653312972,,
classical_stimulus_holdout_matched/dreamer__valence__loso_stimulus_seen/spectral_logistic,20260530,14,2.0,38142,1183.0,0.6281949203789559,0.5452240067624683,0.5448698512585812,0.5497743683881687,,
classical_stimulus_holdout_matched/dreamer__valence__loso_stimulus_seen/spectral_logistic,20260530,15,2.0,40016,1358.0,0.7298439598578013,0.719440353460972,0.7157370948042978,0.7229046922043123,,
classical_stimulus_holdout_matched/dreamer__valence__loso_stimulus_seen/spectral_logistic,20260530,16,2.0,36013,1187.0,0.4063281824871229,0.3959561920808762,0.3927686963147834,0.4047403373897595,,
classical_stimulus_holdout_matched/dreamer__valence__loso_stimulus_seen/spectral_logistic,20260530,17,2.0,38300,1183.0,0.5032440602363003,0.5283178360101437,0.46212550844806,0.5784007055390454,,
classical_stimulus_holdout_matched/dreamer__valence__loso_stimulus_seen/spectral_logistic,20260530,18,2.0,40424,1358.0,0.793082060742325,0.7820324005891016,0.7785622366774199,0.7846860553450934,,
classical_stimulus_holdout_matched/dreamer__valence__loso_stimulus_seen/spectral_logistic,20260530,19,2.0,35212,1187.0,0.4470781211675251,0.4566133108677337,0.442935069300692,0.4666881447101247,,
classical_stimulus_holdout_matched/dreamer__valence__loso_stimulus_seen/spectral_logistic,20260530,20,2.0,38066,1183.0,0.6127194495553512,0.6111580726965342,0.4734407778113219,0.6990239831522235,,
classical_stimulus_holdout_matched/dreamer__valence__loso_stimulus_seen/spectral_logistic,20260530,21,2.0,39717,1358.0,0.6569974612385528,0.6899852724594993,0.6603715300859054,0.6811971543985075,,
classical_stimulus_holdout_matched/dreamer__valence__loso_stimulus_seen/spectral_logistic,20260530,22,2.0,35088,1187.0,0.4816472868217054,0.5871946082561078,0.4695518783607298,0.556468600090231,,
classical_stimulus_holdout_matched/dreamer__valence__loso_stimulus_seen/spectral_logistic,20260530,23,2.0,38718,1183.0,0.698192012038145,0.7007607776838546,0.6334319526627219,0.7289140536295747,,
classical_stimulus_holdout_matched/dreamer__valence__loso_stimulus_seen/spectral_svm,20260530,1,2.0,36479,1187.0,0.811272229114971,0.7017691659646167,0.6509287565627699,0.7403764525744075,,
classical_stimulus_holdout_matched/dreamer__valence__loso_stimulus_seen/spectral_svm,20260530,2,2.0,38165,1183.0,0.5287440585709905,0.8233305156382079,0.5207360498091643,0.8397478749544646,,
classical_stimulus_holdout_matched/dreamer__valence__loso_stimulus_seen/spectral_svm,20260530,3,2.0,39908,1358.0,0.6348924616524145,0.6450662739322534,0.631560698066605,0.6479751671956238,,
classical_stimulus_holdout_matched/dreamer__valence__loso_stimulus_seen/spectral_svm,20260530,4,2.0,35411,1187.0,0.707035175879397,0.5088458298230834,0.4913738296256933,0.5551466303461671,,
classical_stimulus_holdout_matched/dreamer__valence__loso_stimulus_seen/spectral_svm,20260530,5,2.0,38762,1183.0,0.6421630634774609,0.3947590870667793,0.3569090136054421,0.4876038665677598,,
classical_stimulus_holdout_matched/dreamer__valence__loso_stimulus_seen/spectral_svm,20260530,6,2.0,39644,1358.0,0.5554861934333163,0.5625920471281296,0.5505816544838652,0.5544769169630861,,
classical_stimulus_holdout_matched/dreamer__valence__loso_stimulus_seen/spectral_svm,20260530,7,2.0,36474,1187.0,0.5936580206033848,0.6663858466722831,0.5912193187510435,0.6389183138759166,,
classical_stimulus_holdout_matched/dreamer__valence__loso_stimulus_seen/spectral_svm,20260530,8,2.0,38270,1183.0,0.4258567157313707,0.6255283178360102,0.4201962001298854,0.7092361555940466,,
classical_stimulus_holdout_matched/dreamer__valence__loso_stimulus_seen/spectral_svm,20260530,9,2.0,40082,1358.0,0.5762311847694971,0.6170839469808542,0.5757239297567635,0.6049880928870164,,
classical_stimulus_holdout_matched/dreamer__valence__loso_stimulus_seen/spectral_svm,20260530,11,2.0,38097,1183.0,0.5415238949925668,0.5012679628064244,0.4642407550692065,0.5498438494841893,,
classical_stimulus_holdout_matched/dreamer__valence__loso_stimulus_seen/spectral_svm,20260530,12,2.0,39472,1358.0,0.5131235566699532,0.4860088365243004,0.3693839697480154,0.3534079606005791,,
classical_stimulus_holdout_matched/dreamer__valence__loso_stimulus_seen/spectral_svm,20260530,13,2.0,35879,1187.0,0.6994869402985074,0.472620050547599,0.3916707600615646,0.5885289653312972,,
classical_stimulus_holdout_matched/dreamer__valence__loso_stimulus_seen/spectral_svm,20260530,14,2.0,38142,1183.0,0.6266814486326682,0.5409974640743872,0.5408084705767979,0.544407221760061,,
classical_stimulus_holdout_matched/dreamer__valence__loso_stimulus_seen/spectral_svm,20260530,15,2.0,40016,1358.0,0.7260632415213173,0.7164948453608248,0.7125543534136061,0.7199892438800565,,
classical_stimulus_holdout_matched/dreamer__valence__loso_stimulus_seen/spectral_svm,20260530,16,2.0,36013,1187.0,0.4228476821192053,0.4018534119629318,0.4009925057429435,0.4071718992775254,,
classical_stimulus_holdout_matched/dreamer__valence__loso_stimulus_seen/spectral_svm,20260530,17,2.0,38300,1183.0,0.5060803089230088,0.5274725274725275,0.4629666173727392,0.5776612721599237,,
classical_stimulus_holdout_matched/dreamer__valence__loso_stimulus_seen/spectral_svm,20260530,18,2.0,40424,1358.0,0.787653833963073,0.7754050073637703,0.7722031653634855,0.7781693305814074,,
classical_stimulus_holdout_matched/dreamer__valence__loso_stimulus_seen/spectral_svm,20260530,19,2.0,35212,1187.0,0.4626011773362767,0.4599831508003369,0.4525841322373509,0.4699021249608617,,
classical_stimulus_holdout_matched/dreamer__valence__loso_stimulus_seen/spectral_svm,20260530,20,2.0,38066,1183.0,0.6222161530205459,0.6111580726965342,0.4758872297474304,0.6989378210328911,,
classical_stimulus_holdout_matched/dreamer__valence__loso_stimulus_seen/spectral_svm,20260530,21,2.0,39717,1358.0,0.6451174177169281,0.6833578792341679,0.6477068426704635,0.6709790470939928,,
classical_stimulus_holdout_matched/dreamer__valence__loso_stimulus_seen/spectral_svm,20260530,22,2.0,35088,1187.0,0.4836482558139535,0.5871946082561078,0.4727600710685666,0.5582238393478696,,
classical_stimulus_holdout_matched/dreamer__valence__loso_stimulus_seen/spectral_svm,20260530,23,2.0,38718,1183.0,0.7086551361543203,0.7202028740490279,0.6492742719207498,0.7451345443459978,,
classical_stimulus_holdout_matched/seed_iv__emotion__loso_stimulus_heldout/alpha_logistic,20260530,1,4.0,21923,459.0,0.1929779268983695,0.1938997821350762,0.187583239506047,0.1899301196302407,,
classical_stimulus_holdout_matched/seed_iv__emotion__loso_stimulus_heldout/alpha_logistic,20260530,2,4.0,22572,445.0,0.2571384434127198,0.2719101123595505,0.249249660953956,0.2678398887755755,,
classical_stimulus_holdout_matched/seed_iv__emotion__loso_stimulus_heldout/alpha_logistic,20260530,3,4.0,22396,390.0,0.2482168153124035,0.2333333333333333,0.2339945896118734,0.2332171177455981,,
classical_stimulus_holdout_matched/seed_iv__emotion__loso_stimulus_heldout/alpha_logistic,20260530,4,4.0,21923,393.0,0.2948613687164122,0.2468193384223918,0.2127166726616765,0.1932154309709632,,
classical_stimulus_holdout_matched/seed_iv__emotion__loso_stimulus_heldout/alpha_logistic,20260530,5,4.0,22572,393.0,0.2665801005854096,0.2620865139949109,0.2405734130638469,0.2577113449684683,,
classical_stimulus_holdout_matched/seed_iv__emotion__loso_stimulus_heldout/alpha_logistic,20260530,6,4.0,22396,425.0,0.2208820272294964,0.2164705882352941,0.190695751753444,0.187383466356317,,
classical_stimulus_holdout_matched/seed_iv__emotion__loso_stimulus_heldout/alpha_logistic,20260530,7,4.0,21923,459.0,0.3498281010256638,0.3507625272331154,0.3377248911346042,0.3405164641169516,,
classical_stimulus_holdout_matched/seed_iv__emotion__loso_stimulus_heldout/alpha_logistic,20260530,8,4.0,22572,445.0,0.2331665579087232,0.1865168539325842,0.1725077732367736,0.1513323642434961,,
classical_stimulus_holdout_matched/seed_iv__emotion__loso_stimulus_heldout/alpha_logistic,20260530,9,4.0,22396,390.0,0.2581550482285776,0.2435897435897435,0.2172958652766908,0.217987256107275,,
classical_stimulus_holdout_matched/seed_iv__emotion__loso_stimulus_heldout/alpha_logistic,20260530,10,4.0,21923,393.0,0.3003729099001563,0.3460559796437659,0.2396626889386292,0.2984805811109313,,
classical_stimulus_holdout_matched/seed_iv__emotion__loso_stimulus_heldout/alpha_logistic,20260530,11,4.0,22572,393.0,0.231343355366695,0.1806615776081425,0.1535341889590615,0.1435839467400321,,
classical_stimulus_holdout_matched/seed_iv__emotion__loso_stimulus_heldout/alpha_logistic,20260530,12,4.0,22396,425.0,0.2261904761904762,0.2141176470588235,0.1755780542035099,0.1694861964503363,,
classical_stimulus_holdout_matched/seed_iv__emotion__loso_stimulus_heldout/alpha_logistic,20260530,13,4.0,21923,459.0,0.2244710923224824,0.2156862745098039,0.1877237565066512,0.1818772704763416,,
classical_stimulus_holdout_matched/seed_iv__emotion__loso_stimulus_heldout/alpha_logistic,20260530,14,4.0,22572,445.0,0.3172386051646172,0.3438202247191011,0.2986464774606004,0.317409388498829,,
classical_stimulus_holdout_matched/seed_iv__emotion__loso_stimulus_heldout/alpha_logistic,20260530,15,4.0,22396,390.0,0.4088786710110239,0.4641025641025641,0.3861676089528618,0.4254747888757341,,
classical_stimulus_holdout_matched/seed_iv__emotion__loso_stimulus_heldout/spectral_logistic,20260530,1,4.0,21923,459.0,0.3022367558206902,0.2984749455337691,0.2905970716931143,0.2902427817496247,,
classical_stimulus_holdout_matched/seed_iv__emotion__loso_stimulus_heldout/spectral_logistic,20260530,2,4.0,22572,445.0,0.2602885638865502,0.2696629213483146,0.2259341021653637,0.2223577592485444,,
classical_stimulus_holdout_matched/seed_iv__emotion__loso_stimulus_heldout/spectral_logistic,20260530,3,4.0,22396,390.0,0.2719757592919357,0.2692307692307692,0.2674155110848197,0.2747864645144464,,
classical_stimulus_holdout_matched/seed_iv__emotion__loso_stimulus_heldout/spectral_logistic,20260530,4,4.0,21923,393.0,0.5086954727675062,0.5165394402035624,0.4792002847326908,0.5131992398204782,,
classical_stimulus_holdout_matched/seed_iv__emotion__loso_stimulus_heldout/spectral_logistic,20260530,5,4.0,22572,393.0,0.3078241097498835,0.2798982188295165,0.2852366048221402,0.2899348528513536,,
classical_stimulus_holdout_matched/seed_iv__emotion__loso_stimulus_heldout/spectral_logistic,20260530,6,4.0,22396,425.0,0.3335274574946257,0.3152941176470588,0.3195593151952282,0.3036130270588525,,
classical_stimulus_holdout_matched/seed_iv__emotion__loso_stimulus_heldout/spectral_logistic,20260530,7,4.0,21923,459.0,0.4353373358205629,0.4531590413943355,0.3686893179653261,0.3812655411201447,,
classical_stimulus_holdout_matched/seed_iv__emotion__loso_stimulus_heldout/spectral_logistic,20260530,8,4.0,22572,445.0,0.3275640479842771,0.3325842696629214,0.2893490728864304,0.3138806782496577,,
classical_stimulus_holdout_matched/seed_iv__emotion__loso_stimulus_heldout/spectral_logistic,20260530,9,4.0,22396,390.0,0.360386032444856,0.3615384615384615,0.3771699627965046,0.3780681887178322,,
classical_stimulus_holdout_matched/seed_iv__emotion__loso_stimulus_heldout/spectral_logistic,20260530,10,4.0,21923,393.0,0.2801312877840535,0.2748091603053435,0.1771481681357558,0.1997139025712455,,
classical_stimulus_holdout_matched/seed_iv__emotion__loso_stimulus_heldout/spectral_logistic,20260530,11,4.0,22572,393.0,0.1961804662520879,0.1730279898218829,0.1648050153154495,0.1597876161854343,,
classical_stimulus_holdout_matched/seed_iv__emotion__loso_stimulus_heldout/spectral_logistic,20260530,12,4.0,22396,425.0,0.3279121881310664,0.3223529411764705,0.2855529745773648,0.2852130445674204,,
classical_stimulus_holdout_matched/seed_iv__emotion__loso_stimulus_heldout/spectral_logistic,20260530,13,4.0,21923,459.0,0.3605643061329734,0.3725490196078431,0.3131435278908804,0.3187980664758619,,
classical_stimulus_holdout_matched/seed_iv__emotion__loso_stimulus_heldout/spectral_logistic,20260530,14,4.0,22572,445.0,0.3914402276333272,0.4179775280898876,0.3715949603572003,0.3741341326528982,,
classical_stimulus_holdout_matched/seed_iv__emotion__loso_stimulus_heldout/spectral_logistic,20260530,15,4.0,22396,390.0,0.4403555219731691,0.4769230769230769,0.4417314347467373,0.4766685302976896,,
classical_stimulus_holdout_matched/seed_iv__emotion__loso_stimulus_heldout/spectral_svm,20260530,1,4.0,21923,459.0,0.3037983306699603,0.2984749455337691,0.2908910011127846,0.2902780321801982,,
classical_stimulus_holdout_matched/seed_iv__emotion__loso_stimulus_heldout/spectral_svm,20260530,2,4.0,22572,445.0,0.2423997496977937,0.2606741573033708,0.2040208598084493,0.2075596342373849,,
classical_stimulus_holdout_matched/seed_iv__emotion__loso_stimulus_heldout/spectral_svm,20260530,3,4.0,22396,390.0,0.2424954345910228,0.2435897435897435,0.2285416734291989,0.2420251030748644,,
classical_stimulus_holdout_matched/seed_iv__emotion__loso_stimulus_heldout/spectral_svm,20260530,4,4.0,21923,393.0,0.4976788247043716,0.5114503816793893,0.4723959974084422,0.5039588761840185,,
classical_stimulus_holdout_matched/seed_iv__emotion__loso_stimulus_heldout/spectral_svm,20260530,5,4.0,22572,393.0,0.30430998668252,0.27735368956743,0.2807383923682163,0.2879546361408224,,
classical_stimulus_holdout_matched/seed_iv__emotion__loso_stimulus_heldout/spectral_svm,20260530,6,4.0,22396,425.0,0.3354061624649859,0.3129411764705882,0.3229676029829352,0.303786612975004,,
classical_stimulus_holdout_matched/seed_iv__emotion__loso_stimulus_heldout/spectral_svm,20260530,7,4.0,21923,459.0,0.4311562116012707,0.4488017429193899,0.3659870923674326,0.3783168573052548,,
classical_stimulus_holdout_matched/seed_iv__emotion__loso_stimulus_heldout/spectral_svm,20260530,8,4.0,22572,445.0,0.3150987301885712,0.3101123595505618,0.2697540178830526,0.291224632446905,,
classical_stimulus_holdout_matched/seed_iv__emotion__loso_stimulus_heldout/spectral_svm,20260530,9,4.0,22396,390.0,0.3230150601474131,0.3307692307692307,0.3264252659818648,0.3327127128213522,,
classical_stimulus_holdout_matched/seed_iv__emotion__loso_stimulus_heldout/spectral_svm,20260530,10,4.0,21923,393.0,0.2908472020567394,0.2824427480916031,0.1972937224971017,0.2152294357345518,,
classical_stimulus_holdout_matched/seed_iv__emotion__loso_stimulus_heldout/spectral_svm,20260530,11,4.0,22572,393.0,0.1967441702491286,0.1679389312977099,0.1613199003503529,0.1530448184903076,,
classical_stimulus_holdout_matched/seed_iv__emotion__loso_stimulus_heldout/spectral_svm,20260530,12,4.0,22396,425.0,0.315594423816038,0.3105882352941176,0.2720330557557316,0.2699653624601414,,
classical_stimulus_holdout_matched/seed_iv__emotion__loso_stimulus_heldout/spectral_svm,20260530,13,4.0,21923,459.0,0.3533367500907244,0.3638344226579521,0.3114335312020501,0.3161887894422707,,
classical_stimulus_holdout_matched/seed_iv__emotion__loso_stimulus_heldout/spectral_svm,20260530,14,4.0,22572,445.0,0.3892605844865308,0.4112359550561797,0.3660034320335774,0.3625111776104979,,
classical_stimulus_holdout_matched/seed_iv__emotion__loso_stimulus_heldout/spectral_svm,20260530,15,4.0,22396,390.0,0.4554418206991736,0.4923076923076923,0.4606594788431417,0.4964862085027075,,
classical_stimulus_holdout_matched/seed_iv__emotion__loso_stimulus_seen/alpha_logistic,20260530,1,4.0,21923,459.0,0.2104035487588257,0.2069716775599128,0.1969420616977008,0.1960163986258634,,
classical_stimulus_holdout_matched/seed_iv__emotion__loso_stimulus_seen/alpha_logistic,20260530,2,4.0,22572,445.0,0.2491656063334814,0.2606741573033708,0.2382656514091301,0.2563767706281624,,
classical_stimulus_holdout_matched/seed_iv__emotion__loso_stimulus_seen/alpha_logistic,20260530,3,4.0,22396,390.0,0.2714485595000301,0.241025641025641,0.2185359965906973,0.2092140636040371,,
classical_stimulus_holdout_matched/seed_iv__emotion__loso_stimulus_seen/alpha_logistic,20260530,4,4.0,21923,393.0,0.2829327279492193,0.2442748091603053,0.2107495930455486,0.1992976631142898,,
classical_stimulus_holdout_matched/seed_iv__emotion__loso_stimulus_seen/alpha_logistic,20260530,5,4.0,22572,393.0,0.2579561442002592,0.2468193384223918,0.2222835277143219,0.2328777783586085,,
classical_stimulus_holdout_matched/seed_iv__emotion__loso_stimulus_seen/alpha_logistic,20260530,6,4.0,22396,425.0,0.2013686404794476,0.2117647058823529,0.1915682340021962,0.1949631696703839,,
classical_stimulus_holdout_matched/seed_iv__emotion__loso_stimulus_seen/alpha_logistic,20260530,7,4.0,21923,459.0,0.3231422177514341,0.3137254901960784,0.2928469292857352,0.2880418590657138,,
classical_stimulus_holdout_matched/seed_iv__emotion__loso_stimulus_seen/alpha_logistic,20260530,8,4.0,22572,445.0,0.2362500726566636,0.1842696629213483,0.1648465743395152,0.1414296068515485,,
classical_stimulus_holdout_matched/seed_iv__emotion__loso_stimulus_seen/alpha_logistic,20260530,9,4.0,22396,390.0,0.2700192577030812,0.2564102564102564,0.238001479482972,0.2394714611026933,,
classical_stimulus_holdout_matched/seed_iv__emotion__loso_stimulus_seen/alpha_logistic,20260530,10,4.0,21923,393.0,0.2953243588775216,0.3282442748091603,0.2380412196466723,0.2846696133728986,,
classical_stimulus_holdout_matched/seed_iv__emotion__loso_stimulus_seen/alpha_logistic,20260530,11,4.0,22572,393.0,0.2422862006278815,0.2162849872773536,0.1837304201434636,0.197155480013097,,
classical_stimulus_holdout_matched/seed_iv__emotion__loso_stimulus_seen/alpha_logistic,20260530,12,4.0,22396,425.0,0.2505706468633965,0.2352941176470588,0.2032130403658194,0.1956433166657434,,
classical_stimulus_holdout_matched/seed_iv__emotion__loso_stimulus_seen/alpha_logistic,20260530,13,4.0,21923,459.0,0.2491484634141683,0.2396514161220043,0.2005323623256788,0.1948490233398611,,
classical_stimulus_holdout_matched/seed_iv__emotion__loso_stimulus_seen/alpha_logistic,20260530,14,4.0,22572,445.0,0.3236896824812977,0.3573033707865168,0.3084613273558996,0.3299589759870566,,
classical_stimulus_holdout_matched/seed_iv__emotion__loso_stimulus_seen/alpha_logistic,20260530,15,4.0,22396,390.0,0.4033821212130035,0.4641025641025641,0.3775357123097427,0.4236671054234289,,
classical_stimulus_holdout_matched/seed_iv__emotion__loso_stimulus_seen/spectral_logistic,20260530,1,4.0,21923,459.0,0.3008660206660767,0.2941176470588235,0.2786923565674979,0.2763564614549018,,
classical_stimulus_holdout_matched/seed_iv__emotion__loso_stimulus_seen/spectral_logistic,20260530,2,4.0,22572,445.0,0.2453794165034162,0.251685393258427,0.2257539895628901,0.2244381324544863,,
classical_stimulus_holdout_matched/seed_iv__emotion__loso_stimulus_seen/spectral_logistic,20260530,3,4.0,22396,390.0,0.2232872315592903,0.2282051282051282,0.1895165505851609,0.2096163261055546,,
classical_stimulus_holdout_matched/seed_iv__emotion__loso_stimulus_seen/spectral_logistic,20260530,4,4.0,21923,393.0,0.4778152879071446,0.4147582697201017,0.4196985715278398,0.3857519849700077,,
classical_stimulus_holdout_matched/seed_iv__emotion__loso_stimulus_seen/spectral_logistic,20260530,5,4.0,22572,393.0,0.3693999496113089,0.3231552162849873,0.3259754917023444,0.3218986210466973,,
classical_stimulus_holdout_matched/seed_iv__emotion__loso_stimulus_seen/spectral_logistic,20260530,6,4.0,22396,425.0,0.3160377174125464,0.308235294117647,0.3058555125759558,0.297387362528486,,
classical_stimulus_holdout_matched/seed_iv__emotion__loso_stimulus_seen/spectral_logistic,20260530,7,4.0,21923,459.0,0.4748866740095117,0.4880174291938998,0.4238328795358851,0.4350326195811942,,
classical_stimulus_holdout_matched/seed_iv__emotion__loso_stimulus_seen/spectral_logistic,20260530,8,4.0,22572,445.0,0.323039303168103,0.3258426966292135,0.2816861800149433,0.30195311823422,,
classical_stimulus_holdout_matched/seed_iv__emotion__loso_stimulus_seen/spectral_logistic,20260530,9,4.0,22396,390.0,0.3433152852270499,0.341025641025641,0.3447187077099133,0.3455723299203288,,
classical_stimulus_holdout_matched/seed_iv__emotion__loso_stimulus_seen/spectral_logistic,20260530,10,4.0,21923,393.0,0.287536892342898,0.2798982188295165,0.1977257276395126,0.2149622527894578,,
classical_stimulus_holdout_matched/seed_iv__emotion__loso_stimulus_seen/spectral_logistic,20260530,11,4.0,22572,393.0,0.2136940743572016,0.1984732824427481,0.1916823268518012,0.2004348277474258,,
classical_stimulus_holdout_matched/seed_iv__emotion__loso_stimulus_seen/spectral_logistic,20260530,12,4.0,22396,425.0,0.3161543221939938,0.3223529411764705,0.2968184620212606,0.2992123004057008,,
classical_stimulus_holdout_matched/seed_iv__emotion__loso_stimulus_seen/spectral_logistic,20260530,13,4.0,21923,459.0,0.3811956846990812,0.3986928104575163,0.340639034556945,0.3474320735719624,,
classical_stimulus_holdout_matched/seed_iv__emotion__loso_stimulus_seen/spectral_logistic,20260530,14,4.0,22572,445.0,0.3885816704039437,0.4202247191011236,0.377629998266296,0.3867885220103663,,
classical_stimulus_holdout_matched/seed_iv__emotion__loso_stimulus_seen/spectral_logistic,20260530,15,4.0,22396,390.0,0.436469664962312,0.482051282051282,0.4332133846467977,0.4726880136313022,,
classical_stimulus_holdout_matched/seed_iv__emotion__loso_stimulus_seen/spectral_svm,20260530,1,4.0,21923,459.0,0.3017614869897943,0.2941176470588235,0.2785865124442491,0.2761621794146808,,
classical_stimulus_holdout_matched/seed_iv__emotion__loso_stimulus_seen/spectral_svm,20260530,2,4.0,22572,445.0,0.2350822814010747,0.2449438202247191,0.216907124735817,0.2155609959653954,,
classical_stimulus_holdout_matched/seed_iv__emotion__loso_stimulus_seen/spectral_svm,20260530,3,4.0,22396,390.0,0.2148479584141348,0.2179487179487179,0.1794763001575948,0.1975611651451147,,
classical_stimulus_holdout_matched/seed_iv__emotion__loso_stimulus_seen/spectral_svm,20260530,4,4.0,21923,393.0,0.4870975412564797,0.4096692111959287,0.4215615384216234,0.3950412819725996,,
classical_stimulus_holdout_matched/seed_iv__emotion__loso_stimulus_seen/spectral_svm,20260530,5,4.0,22572,393.0,0.3760894749575507,0.3256997455470738,0.3278327477056506,0.3227421713251585,,
classical_stimulus_holdout_matched/seed_iv__emotion__loso_stimulus_seen/spectral_svm,20260530,6,4.0,22396,425.0,0.3031366034786007,0.2964705882352941,0.2868921735827408,0.27799552421484,,
classical_stimulus_holdout_matched/seed_iv__emotion__loso_stimulus_seen/spectral_svm,20260530,7,4.0,21923,459.0,0.479088648937728,0.4923747276688453,0.4269998233050964,0.4379522487423146,,
classical_stimulus_holdout_matched/seed_iv__emotion__loso_stimulus_seen/spectral_svm,20260530,8,4.0,22572,445.0,0.3431112173714817,0.3303370786516854,0.2913599503730211,0.3078459708775131,,
classical_stimulus_holdout_matched/seed_iv__emotion__loso_stimulus_seen/spectral_svm,20260530,9,4.0,22396,390.0,0.3260456703471409,0.3256410256410256,0.3257775119617225,0.328606305974727,,
classical_stimulus_holdout_matched/seed_iv__emotion__loso_stimulus_seen/spectral_svm,20260530,10,4.0,21923,393.0,0.2880902425173237,0.2824427480916031,0.2063448123801116,0.2252231150540168,,
classical_stimulus_holdout_matched/seed_iv__emotion__loso_stimulus_seen/spectral_svm,20260530,11,4.0,22572,393.0,0.2323166315578416,0.2162849872773536,0.2094206913534644,0.2212455622295894,,
classical_stimulus_holdout_matched/seed_iv__emotion__loso_stimulus_seen/spectral_svm,20260530,12,4.0,22396,425.0,0.3156221093088398,0.3223529411764705,0.2992007584610096,0.3016325321453369,,
classical_stimulus_holdout_matched/seed_iv__emotion__loso_stimulus_seen/spectral_svm,20260530,13,4.0,21923,459.0,0.3804636815666999,0.3965141612200435,0.3394657368232888,0.3457487407259454,,
classical_stimulus_holdout_matched/seed_iv__emotion__loso_stimulus_seen/spectral_svm,20260530,14,4.0,22572,445.0,0.3926493593952785,0.4202247191011236,0.380200745287687,0.3844954502300395,,
classical_stimulus_holdout_matched/seed_iv__emotion__loso_stimulus_seen/spectral_svm,20260530,15,4.0,22396,390.0,0.4388744089111736,0.4871794871794871,0.4390064625150163,0.4835978917346687,,
