run_id,kind,dataset,target,label_policy_id,label_variant,protocol,split_variant,model,transform,epochs,batch_size,early_stopping,class_weighting,inject_snr,seed,n_folds,split_file,split_sha256,split_partition_sha256,label_vector_sha256,run_fingerprint_sha256,condition_sha256
classical/deap__arousal@exclude_ties__strict_loso/spectral_logistic,classical,deap,arousal,deap_arousal_gt5_tie_low_v2_ties_excluded_v1,exclude_ties,strict_loso,primary,spectral_logistic,none,,,False,balanced,0.0,20260530,32,deap__arousal@exclude_ties__strict_loso.csv,fd29af9e6be76b07e6df29ceaa62a84bcc414fa075699358d6034d51949447ca,ff1f9c0a84e907958ba24b246ca793bd8a750bc298bb95798bc3f416a847dd5d,,,fc0091cafb522803feef0eaf1c923b4bd579573c17a7751b141bccbf0f2d7b49
classical/deap__arousal@tie_high__strict_loso/spectral_logistic,classical,deap,arousal,deap_arousal_gt5_tie_low_v2_tie_high_v1,tie_high,strict_loso,primary,spectral_logistic,none,,,False,balanced,0.0,20260530,32,deap__arousal@tie_high__strict_loso.csv,f1a3a4acc35373e6613dd1797fcb45c85b7c50a778a75d9c5fe8453aa3a87bcb,483c2e579313e04ab334b74e2031b987853bbdcd3a7cb8e3932061c1c3f55e79,,,c9eca2a77d5f2e5b7e0abff98acaad001a6cc7df444e810238bcc73be3c62972
classical/deap__arousal__loso_stimulus_heldout/alpha_logistic,classical,deap,arousal,deap_arousal_gt5_tie_low_v2,primary,loso_stimulus_heldout,primary,alpha_logistic,none,,,False,balanced,0.0,20260530,30,deap__arousal__loso_stimulus_heldout.csv,0c802064e3cb6102a94f41377c7da488499ee7566df1faae78be377ee9ae97bb,3d02024619d2fe3686eeb0f185b91153435fb92948baadbf87d557df2d9ddc5b,,,b4026f5d291394e8a82b9a6b469311a1635757a30576ec270c5fd9e051cccdd5
classical/deap__arousal__loso_stimulus_heldout/spectral_logistic,classical,deap,arousal,deap_arousal_gt5_tie_low_v2,primary,loso_stimulus_heldout,primary,spectral_logistic,none,,,False,balanced,0.0,20260530,30,deap__arousal__loso_stimulus_heldout.csv,0c802064e3cb6102a94f41377c7da488499ee7566df1faae78be377ee9ae97bb,3d02024619d2fe3686eeb0f185b91153435fb92948baadbf87d557df2d9ddc5b,,,2a697a4a61694c071ab1afa6781ecb085c4d27fd0a7c3f64ace2a81d82de1fdf
classical/deap__arousal__loso_stimulus_heldout/spectral_svm,classical,deap,arousal,deap_arousal_gt5_tie_low_v2,primary,loso_stimulus_heldout,primary,spectral_svm,none,,,False,balanced,0.0,20260530,30,deap__arousal__loso_stimulus_heldout.csv,0c802064e3cb6102a94f41377c7da488499ee7566df1faae78be377ee9ae97bb,3d02024619d2fe3686eeb0f185b91153435fb92948baadbf87d557df2d9ddc5b,,,5d0ce484b79a314a09dd8777752a107852aabb33e27f601a0165448290dbf3e3
classical/deap__arousal__loso_stimulus_seen/alpha_logistic,classical,deap,arousal,deap_arousal_gt5_tie_low_v2,primary,loso_stimulus_seen,primary,alpha_logistic,none,,,False,balanced,0.0,20260530,30,deap__arousal__loso_stimulus_seen.csv,714580a400adcf0655cd1c23be541692d561a9d4a4f79a1ae7417daa6e7b5dcf,6d9936fa3345186917f6ceb56a8d97ccd5b7117ec3933fa8e2dc2130f3aa73b7,,,5a68575853bd719fc99575882d95559df1d93c7815fa4f85625349d0fb8cb36f
classical/deap__arousal__loso_stimulus_seen/spectral_logistic,classical,deap,arousal,deap_arousal_gt5_tie_low_v2,primary,loso_stimulus_seen,primary,spectral_logistic,none,,,False,balanced,0.0,20260530,30,deap__arousal__loso_stimulus_seen.csv,714580a400adcf0655cd1c23be541692d561a9d4a4f79a1ae7417daa6e7b5dcf,6d9936fa3345186917f6ceb56a8d97ccd5b7117ec3933fa8e2dc2130f3aa73b7,,,80f17917b6689b490a5f9b168d6f6ff6acf97f7858000c1834f5dafee944bf1f
classical/deap__arousal__loso_stimulus_seen/spectral_svm,classical,deap,arousal,deap_arousal_gt5_tie_low_v2,primary,loso_stimulus_seen,primary,spectral_svm,none,,,False,balanced,0.0,20260530,30,deap__arousal__loso_stimulus_seen.csv,714580a400adcf0655cd1c23be541692d561a9d4a4f79a1ae7417daa6e7b5dcf,6d9936fa3345186917f6ceb56a8d97ccd5b7117ec3933fa8e2dc2130f3aa73b7,,,d2ef2e75bd4846695947171c2436907fa49087de0fa3eb7dbaed439c074d08af
classical/deap__arousal__segment_random/alpha_logistic,classical,deap,arousal,deap_arousal_gt5_tie_low_v2,primary,segment_random,primary,alpha_logistic,none,,,False,balanced,0.0,20260530,5,deap__arousal__segment_random.csv,6df854d2bf0f68aae75164cb52f8a0649ad351ec6f78849e6e7f898120c7bf93,48a4376dd4a04c1babf13e8a7b78e5a8155cdb2f792d7838bf9f5022b596e3ef,,,0b7cb6ed8cdf0f6b0ec704f21bbe91b314659bc706b3cf19877038b0a2eb339d
classical/deap__arousal__segment_random/spectral_logistic,classical,deap,arousal,deap_arousal_gt5_tie_low_v2,primary,segment_random,primary,spectral_logistic,none,,,False,balanced,0.0,20260530,5,deap__arousal__segment_random.csv,6df854d2bf0f68aae75164cb52f8a0649ad351ec6f78849e6e7f898120c7bf93,48a4376dd4a04c1babf13e8a7b78e5a8155cdb2f792d7838bf9f5022b596e3ef,,,ee82ccf3a0a6910e64ef9303f3d38ab30e6af8a1cd70df62bd2f8e618ff33c6e
classical/deap__arousal__segment_random/spectral_svm,classical,deap,arousal,deap_arousal_gt5_tie_low_v2,primary,segment_random,primary,spectral_svm,none,,,False,balanced,0.0,20260530,5,deap__arousal__segment_random.csv,6df854d2bf0f68aae75164cb52f8a0649ad351ec6f78849e6e7f898120c7bf93,48a4376dd4a04c1babf13e8a7b78e5a8155cdb2f792d7838bf9f5022b596e3ef,,,c1b419f3cd443a8611d0251d0ee444263f68e65958c6fc0631d02c169cfbce94
classical/deap__arousal__strict_loso/alpha_logistic,classical,deap,arousal,deap_arousal_gt5_tie_low_v2,primary,strict_loso,primary,alpha_logistic,none,,,False,balanced,0.0,20260530,32,deap__arousal__strict_loso.csv,73c8651648a22c5018922a901548ce376200d057b1ca262c577caf016b0c9926,483c2e579313e04ab334b74e2031b987853bbdcd3a7cb8e3932061c1c3f55e79,,,a77b2fea2da715627d46c17fff6d6d990f2f2db3d41406aa0d9dc526b8effb31
classical/deap__arousal__strict_loso/spectral_logistic,classical,deap,arousal,deap_arousal_gt5_tie_low_v2,primary,strict_loso,primary,spectral_logistic,none,,,False,balanced,0.0,20260530,32,deap__arousal__strict_loso.csv,73c8651648a22c5018922a901548ce376200d057b1ca262c577caf016b0c9926,483c2e579313e04ab334b74e2031b987853bbdcd3a7cb8e3932061c1c3f55e79,,,b836be4e8a48cb498377b8d2a42afff7f84390e86d6e316d9e91ce4bc457dc2c
classical/deap__arousal__strict_loso/spectral_svm,classical,deap,arousal,deap_arousal_gt5_tie_low_v2,primary,strict_loso,primary,spectral_svm,none,,,False,balanced,0.0,20260530,32,deap__arousal__strict_loso.csv,73c8651648a22c5018922a901548ce376200d057b1ca262c577caf016b0c9926,483c2e579313e04ab334b74e2031b987853bbdcd3a7cb8e3932061c1c3f55e79,,,38e29b1e370ff180c7fd4d32442db3e67dac07921baf328e993b8bafde25d78c
classical/deap__arousal__trial_within_subject/alpha_logistic,classical,deap,arousal,deap_arousal_gt5_tie_low_v2,primary,trial_within_subject,primary,alpha_logistic,none,,,False,balanced,0.0,20260530,5,deap__arousal__trial_within_subject.csv,7eab4790b862e7799951ce49d02f5870bb9b2b2ee80e7e96b506b31c0160de22,a5803fc57e1162ac2bfe8d97d7390f4739c3ff3e938cd3e291c5ed21dc49070d,,,6ebb220e23ed251baa81d585344cb22380db7fbcf3fba8ef76c8bb51f4fe9bbe
classical/deap__arousal__trial_within_subject/spectral_logistic,classical,deap,arousal,deap_arousal_gt5_tie_low_v2,primary,trial_within_subject,primary,spectral_logistic,none,,,False,balanced,0.0,20260530,5,deap__arousal__trial_within_subject.csv,7eab4790b862e7799951ce49d02f5870bb9b2b2ee80e7e96b506b31c0160de22,a5803fc57e1162ac2bfe8d97d7390f4739c3ff3e938cd3e291c5ed21dc49070d,,,e99f2a935c1c461d067158a23a5c1e05c06f747707992fbc961a4338f59e236c
classical/deap__arousal__trial_within_subject/spectral_svm,classical,deap,arousal,deap_arousal_gt5_tie_low_v2,primary,trial_within_subject,primary,spectral_svm,none,,,False,balanced,0.0,20260530,5,deap__arousal__trial_within_subject.csv,7eab4790b862e7799951ce49d02f5870bb9b2b2ee80e7e96b506b31c0160de22,a5803fc57e1162ac2bfe8d97d7390f4739c3ff3e938cd3e291c5ed21dc49070d,,,816fdeb06b0e0cc143e3cc1ddf1bf9dd5aa30c2d0587814a73ee85aeb0796f87
classical/deap__valence@exclude_ties__strict_loso/spectral_logistic,classical,deap,valence,deap_valence_gt5_tie_low_v2_ties_excluded_v1,exclude_ties,strict_loso,primary,spectral_logistic,none,,,False,balanced,0.0,20260530,32,deap__valence@exclude_ties__strict_loso.csv,2c334d5e1d51485793bf51a3ac0a503c3d58e5119885b36f679d48e06179c3be,d017d3832d87b5e59b4989452938c27c78ef3f2354aff5553a5420b7a11e54e5,,,1eea10ebd2cbb8fc9a5a81e585df733f76343563baa04b1ccc5cb88a423032a4
classical/deap__valence@tie_high__strict_loso/spectral_logistic,classical,deap,valence,deap_valence_gt5_tie_low_v2_tie_high_v1,tie_high,strict_loso,primary,spectral_logistic,none,,,False,balanced,0.0,20260530,32,deap__valence@tie_high__strict_loso.csv,19e8800e5211d5cadc21cb0a55bd3a5f567fe0842838715574ae32d4f166d9c8,483c2e579313e04ab334b74e2031b987853bbdcd3a7cb8e3932061c1c3f55e79,,,a585e5327b97e1d318bd7e0c893998a6ac33103716380a7eabcf4925446bec08
classical/deap__valence__loso_stimulus_heldout/alpha_logistic,classical,deap,valence,deap_valence_gt5_tie_low_v2,primary,loso_stimulus_heldout,primary,alpha_logistic,none,,,False,balanced,0.0,20260530,32,deap__valence__loso_stimulus_heldout.csv,eb29ca12be8ccc5daf5b6776ee752432aa4a9911b0635d74423c4e0f7397d54e,3d02024619d2fe3686eeb0f185b91153435fb92948baadbf87d557df2d9ddc5b,,,f6ba84f77e3476311a58d7936f05fdc56b0a5823d622ba5f6af99e5e2c239ff5
classical/deap__valence__loso_stimulus_heldout/spectral_logistic,classical,deap,valence,deap_valence_gt5_tie_low_v2,primary,loso_stimulus_heldout,primary,spectral_logistic,none,,,False,balanced,0.0,20260530,32,deap__valence__loso_stimulus_heldout.csv,eb29ca12be8ccc5daf5b6776ee752432aa4a9911b0635d74423c4e0f7397d54e,3d02024619d2fe3686eeb0f185b91153435fb92948baadbf87d557df2d9ddc5b,,,ed4fe7c9bedde8666b0f47457423e7c6f0a9bed873d2476a0427039e44c9ab54
classical/deap__valence__loso_stimulus_heldout/spectral_svm,classical,deap,valence,deap_valence_gt5_tie_low_v2,primary,loso_stimulus_heldout,primary,spectral_svm,none,,,False,balanced,0.0,20260530,32,deap__valence__loso_stimulus_heldout.csv,eb29ca12be8ccc5daf5b6776ee752432aa4a9911b0635d74423c4e0f7397d54e,3d02024619d2fe3686eeb0f185b91153435fb92948baadbf87d557df2d9ddc5b,,,9ea081ac3efa0421a14decf0563807ea0674b55baf17e27d33438185337f7186
classical/deap__valence__loso_stimulus_seen/alpha_logistic,classical,deap,valence,deap_valence_gt5_tie_low_v2,primary,loso_stimulus_seen,primary,alpha_logistic,none,,,False,balanced,0.0,20260530,32,deap__valence__loso_stimulus_seen.csv,6aaa476cd4aa9008479ec45da0707dfccd63f875d17d68e2211aa1bdfd69d5a9,6d9936fa3345186917f6ceb56a8d97ccd5b7117ec3933fa8e2dc2130f3aa73b7,,,e53709d8abe92cd822c5f389888480ffe20fc3ef1e7d792cb5936a5062f80df8
classical/deap__valence__loso_stimulus_seen/spectral_logistic,classical,deap,valence,deap_valence_gt5_tie_low_v2,primary,loso_stimulus_seen,primary,spectral_logistic,none,,,False,balanced,0.0,20260530,32,deap__valence__loso_stimulus_seen.csv,6aaa476cd4aa9008479ec45da0707dfccd63f875d17d68e2211aa1bdfd69d5a9,6d9936fa3345186917f6ceb56a8d97ccd5b7117ec3933fa8e2dc2130f3aa73b7,,,db43aa9bdecddb5fd33cd5e101fbbc2cbf3085bd9ea16d3e64e00779ba73c645
classical/deap__valence__loso_stimulus_seen/spectral_svm,classical,deap,valence,deap_valence_gt5_tie_low_v2,primary,loso_stimulus_seen,primary,spectral_svm,none,,,False,balanced,0.0,20260530,32,deap__valence__loso_stimulus_seen.csv,6aaa476cd4aa9008479ec45da0707dfccd63f875d17d68e2211aa1bdfd69d5a9,6d9936fa3345186917f6ceb56a8d97ccd5b7117ec3933fa8e2dc2130f3aa73b7,,,9dfacfce3d97050d35bad49ac8895808381af8e46ae7fc47f37985f2659d755e
classical/deap__valence__segment_random/alpha_logistic,classical,deap,valence,deap_valence_gt5_tie_low_v2,primary,segment_random,primary,alpha_logistic,none,,,False,balanced,0.0,20260530,5,deap__valence__segment_random.csv,135de61ba2d2c5a20f537705be30d1ad02343e227f119117ce4603fee33679fe,7ca55a74c3afe583ff4d72db8e66773b7bffdfdb1d98c6443ad075bf4a2a036f,,,a7b1ae4863ec8de2efef29208df353e172f1363140b71d20282e0525c1becb37
classical/deap__valence__segment_random/spectral_logistic,classical,deap,valence,deap_valence_gt5_tie_low_v2,primary,segment_random,primary,spectral_logistic,none,,,False,balanced,0.0,20260530,5,deap__valence__segment_random.csv,135de61ba2d2c5a20f537705be30d1ad02343e227f119117ce4603fee33679fe,7ca55a74c3afe583ff4d72db8e66773b7bffdfdb1d98c6443ad075bf4a2a036f,,,1750d17aee3d75d81e3d4ff26ffdc1eeb86059e07abc6efc1fa45aaa441d0e54
classical/deap__valence__segment_random/spectral_svm,classical,deap,valence,deap_valence_gt5_tie_low_v2,primary,segment_random,primary,spectral_svm,none,,,False,balanced,0.0,20260530,5,deap__valence__segment_random.csv,135de61ba2d2c5a20f537705be30d1ad02343e227f119117ce4603fee33679fe,7ca55a74c3afe583ff4d72db8e66773b7bffdfdb1d98c6443ad075bf4a2a036f,,,35fe25497865e057dc95c82ab899a5840e0c03079ada4b18c26bb1e0d23f7987
classical/deap__valence__strict_loso/alpha_logistic,classical,deap,valence,deap_valence_gt5_tie_low_v2,primary,strict_loso,primary,alpha_logistic,none,,,False,balanced,0.0,20260530,32,deap__valence__strict_loso.csv,3c5408f02164868bf0ef7afaa7593dbad75c83601ad2b1dfbb98a031d34e42e2,483c2e579313e04ab334b74e2031b987853bbdcd3a7cb8e3932061c1c3f55e79,,,396692a3515acf3df03b5e85f12737ca1add24bf4824a771943f7102a22d6b41
classical/deap__valence__strict_loso/spectral_logistic,classical,deap,valence,deap_valence_gt5_tie_low_v2,primary,strict_loso,primary,spectral_logistic,none,,,False,balanced,0.0,20260530,32,deap__valence__strict_loso.csv,3c5408f02164868bf0ef7afaa7593dbad75c83601ad2b1dfbb98a031d34e42e2,483c2e579313e04ab334b74e2031b987853bbdcd3a7cb8e3932061c1c3f55e79,,,bb1cc099967e4cea2e78ed98863c0112d76d9db4798668218347ca9a0fd7339b
classical/deap__valence__strict_loso/spectral_svm,classical,deap,valence,deap_valence_gt5_tie_low_v2,primary,strict_loso,primary,spectral_svm,none,,,False,balanced,0.0,20260530,32,deap__valence__strict_loso.csv,3c5408f02164868bf0ef7afaa7593dbad75c83601ad2b1dfbb98a031d34e42e2,483c2e579313e04ab334b74e2031b987853bbdcd3a7cb8e3932061c1c3f55e79,,,d0e77560e355310b34767e4997d6fa5c8cca7091b2eeec96c3441ea6dfd7f259
classical/deap__valence__trial_within_subject/alpha_logistic,classical,deap,valence,deap_valence_gt5_tie_low_v2,primary,trial_within_subject,primary,alpha_logistic,none,,,False,balanced,0.0,20260530,5,deap__valence__trial_within_subject.csv,ecbc7912fe3cb58800ed514c831eddbc8c10033fb5c78f1a6703df11222b42d7,a5803fc57e1162ac2bfe8d97d7390f4739c3ff3e938cd3e291c5ed21dc49070d,,,bd6e6eb41b049e477287d19ecb9bfd127c9df8493c455eb56ad341dfeff0fc4b
classical/deap__valence__trial_within_subject/spectral_logistic,classical,deap,valence,deap_valence_gt5_tie_low_v2,primary,trial_within_subject,primary,spectral_logistic,none,,,False,balanced,0.0,20260530,5,deap__valence__trial_within_subject.csv,ecbc7912fe3cb58800ed514c831eddbc8c10033fb5c78f1a6703df11222b42d7,a5803fc57e1162ac2bfe8d97d7390f4739c3ff3e938cd3e291c5ed21dc49070d,,,0626543280b61cd9b19568a0e8a3c76dbe01ece08f54745fa8de1e70ed075718
classical/deap__valence__trial_within_subject/spectral_svm,classical,deap,valence,deap_valence_gt5_tie_low_v2,primary,trial_within_subject,primary,spectral_svm,none,,,False,balanced,0.0,20260530,5,deap__valence__trial_within_subject.csv,ecbc7912fe3cb58800ed514c831eddbc8c10033fb5c78f1a6703df11222b42d7,a5803fc57e1162ac2bfe8d97d7390f4739c3ff3e938cd3e291c5ed21dc49070d,,,8d23701da1f76b1f175affc141a1817c4a554adbc76008f4b4f88f61933ff4b3
classical/dreamer__arousal@exclude_ties__strict_loso/spectral_logistic,classical,dreamer,arousal,dreamer_arousal_gt3_ties_excluded_v1,exclude_ties,strict_loso,primary,spectral_logistic,none,,,False,balanced,0.0,20260530,23,dreamer__arousal@exclude_ties__strict_loso.csv,8220542ab7d64afcd1c842f0e1dcbb1d931223fb03fa66cec15002b033b0110b,e786518593b89d80b0054175a61d6f3ca93499e2ee98cb7d449e4c95577f00d4,,,8419bd3b553b9ebd8c4d18c34e8d6dbb0fb0ab2302fd080fadefc0deff5a583d
classical/dreamer__arousal@tie_high__strict_loso/spectral_logistic,classical,dreamer,arousal,dreamer_arousal_gt3_tie_high_v1,tie_high,strict_loso,primary,spectral_logistic,none,,,False,balanced,0.0,20260530,23,dreamer__arousal@tie_high__strict_loso.csv,8ca190ab9f5ac26030a9fc111f2f79474620cf745bee92f3a8f4f304f6ee8684,cf8a3b229f26d6be01ca8917ff3df4eeccba264398b88f2427ca39b00a7a784d,,,bb00e7614bf06a266270b7c8b7407d96c48ad3e8fd11a17b37273bc82280ff2b
classical/dreamer__arousal__loso_stimulus_heldout/alpha_logistic,classical,dreamer,arousal,dreamer_arousal_gt3_tie_low_v1,primary,loso_stimulus_heldout,primary,alpha_logistic,none,,,False,balanced,0.0,20260530,23,dreamer__arousal__loso_stimulus_heldout.csv,b90b16fa0bd7db59e8a5199ded98f9c7ef5c8ebd20d5b0007e03350221f96557,84472ae6186154c210e2dd628c38b09e4a1e41afda234aa43cc08352ecbf51e0,,,01967f81fbf0a7dcaeebf00f55915b15bc3e32a1ba2f846a5c66230955165ba6
classical/dreamer__arousal__loso_stimulus_heldout/spectral_logistic,classical,dreamer,arousal,dreamer_arousal_gt3_tie_low_v1,primary,loso_stimulus_heldout,primary,spectral_logistic,none,,,False,balanced,0.0,20260530,23,dreamer__arousal__loso_stimulus_heldout.csv,b90b16fa0bd7db59e8a5199ded98f9c7ef5c8ebd20d5b0007e03350221f96557,84472ae6186154c210e2dd628c38b09e4a1e41afda234aa43cc08352ecbf51e0,,,b90c19dca02f91dda657eecb941a9ea6b3d295487c1ab7be480a73f2fd428550
classical/dreamer__arousal__loso_stimulus_heldout/spectral_svm,classical,dreamer,arousal,dreamer_arousal_gt3_tie_low_v1,primary,loso_stimulus_heldout,primary,spectral_svm,none,,,False,balanced,0.0,20260530,23,dreamer__arousal__loso_stimulus_heldout.csv,b90b16fa0bd7db59e8a5199ded98f9c7ef5c8ebd20d5b0007e03350221f96557,84472ae6186154c210e2dd628c38b09e4a1e41afda234aa43cc08352ecbf51e0,,,042b8362a1fd893bb06d81db6c1d20d5ce7f480b1c5f040e10488455799f9dcc
classical/dreamer__arousal__loso_stimulus_seen/alpha_logistic,classical,dreamer,arousal,dreamer_arousal_gt3_tie_low_v1,primary,loso_stimulus_seen,primary,alpha_logistic,none,,,False,balanced,0.0,20260530,23,dreamer__arousal__loso_stimulus_seen.csv,a03bbf4bc86c77521bc0f8be2760b1da52f9a63eb832831fb16bbaa2ad5ec1d2,14f429ef25c1d2023a185d18c0257b1967da33f3ae19695234ca8f39170597b5,,,df5c0036e9ff2225c76b1a6b70116e6bf3ffaef1f06b800ff94dea87f94f671b
classical/dreamer__arousal__loso_stimulus_seen/spectral_logistic,classical,dreamer,arousal,dreamer_arousal_gt3_tie_low_v1,primary,loso_stimulus_seen,primary,spectral_logistic,none,,,False,balanced,0.0,20260530,23,dreamer__arousal__loso_stimulus_seen.csv,a03bbf4bc86c77521bc0f8be2760b1da52f9a63eb832831fb16bbaa2ad5ec1d2,14f429ef25c1d2023a185d18c0257b1967da33f3ae19695234ca8f39170597b5,,,9f78f5ea034f26bfb30ce4872be7dd65ab97362ce890ab6f864766746a75b34a
classical/dreamer__arousal__loso_stimulus_seen/spectral_svm,classical,dreamer,arousal,dreamer_arousal_gt3_tie_low_v1,primary,loso_stimulus_seen,primary,spectral_svm,none,,,False,balanced,0.0,20260530,23,dreamer__arousal__loso_stimulus_seen.csv,a03bbf4bc86c77521bc0f8be2760b1da52f9a63eb832831fb16bbaa2ad5ec1d2,14f429ef25c1d2023a185d18c0257b1967da33f3ae19695234ca8f39170597b5,,,1939b67f4544f6033ea7ab9eb512481b22121a73c20975e9a104ea31905e2f58
classical/dreamer__arousal__segment_random/alpha_logistic,classical,dreamer,arousal,dreamer_arousal_gt3_tie_low_v1,primary,segment_random,primary,alpha_logistic,none,,,False,balanced,0.0,20260530,5,dreamer__arousal__segment_random.csv,e30633aeb05b5dfce2a016e4faf2030697c8b0875f5d8a0021e14ad08b81aa38,26cbc2da5ed41f5460bc8abf1a6d4bebfde73e0528cd108735c24b54a5a655e2,,,9b794bc132e7b1cf80bab75d32986afe6c3f5e5bedb75af6baf4029faaa35921
classical/dreamer__arousal__segment_random/spectral_logistic,classical,dreamer,arousal,dreamer_arousal_gt3_tie_low_v1,primary,segment_random,primary,spectral_logistic,none,,,False,balanced,0.0,20260530,5,dreamer__arousal__segment_random.csv,e30633aeb05b5dfce2a016e4faf2030697c8b0875f5d8a0021e14ad08b81aa38,26cbc2da5ed41f5460bc8abf1a6d4bebfde73e0528cd108735c24b54a5a655e2,,,cd9fe2799462e7f9832299cb60a9089680b7f13f8f1fa207ffad0fed78c348c7
classical/dreamer__arousal__segment_random/spectral_svm,classical,dreamer,arousal,dreamer_arousal_gt3_tie_low_v1,primary,segment_random,primary,spectral_svm,none,,,False,balanced,0.0,20260530,5,dreamer__arousal__segment_random.csv,e30633aeb05b5dfce2a016e4faf2030697c8b0875f5d8a0021e14ad08b81aa38,26cbc2da5ed41f5460bc8abf1a6d4bebfde73e0528cd108735c24b54a5a655e2,,,541119aeba07db0cb9c323d9d1dd327b5ef370250123f434ab4288c11f464021
classical/dreamer__arousal__strict_loso/alpha_logistic,classical,dreamer,arousal,dreamer_arousal_gt3_tie_low_v1,primary,strict_loso,primary,alpha_logistic,none,,,False,balanced,0.0,20260530,23,dreamer__arousal__strict_loso.csv,acbed830788027e7f005b37bcf9c0c14ff89fa6fa42632b826d7f6512465563c,cf8a3b229f26d6be01ca8917ff3df4eeccba264398b88f2427ca39b00a7a784d,,,c570d4a6efc80fc9a380a4fc925454ff5383ca269647c243f880e3903adb5157
classical/dreamer__arousal__strict_loso/spectral_logistic,classical,dreamer,arousal,dreamer_arousal_gt3_tie_low_v1,primary,strict_loso,primary,spectral_logistic,none,,,False,balanced,0.0,20260530,23,dreamer__arousal__strict_loso.csv,acbed830788027e7f005b37bcf9c0c14ff89fa6fa42632b826d7f6512465563c,cf8a3b229f26d6be01ca8917ff3df4eeccba264398b88f2427ca39b00a7a784d,,,60d4a9b31c65d60e2eb8f6d2f0a4641fafa6b0b56de3f093b002fb66382bb25e
classical/dreamer__arousal__strict_loso/spectral_svm,classical,dreamer,arousal,dreamer_arousal_gt3_tie_low_v1,primary,strict_loso,primary,spectral_svm,none,,,False,balanced,0.0,20260530,23,dreamer__arousal__strict_loso.csv,acbed830788027e7f005b37bcf9c0c14ff89fa6fa42632b826d7f6512465563c,cf8a3b229f26d6be01ca8917ff3df4eeccba264398b88f2427ca39b00a7a784d,,,152f43961e52e6ba7a88146156a58961a0e56134df8803b938fddbecc963749b
classical/dreamer__arousal__trial_within_subject/alpha_logistic,classical,dreamer,arousal,dreamer_arousal_gt3_tie_low_v1,primary,trial_within_subject,primary,alpha_logistic,none,,,False,balanced,0.0,20260530,5,dreamer__arousal__trial_within_subject.csv,09974687b4081791d4e930ba0e9ac422eef0ff2a47f99918eb42a249b0a3f9d1,47dbcd7cebaefc7342fa60146d73b9f24f816454fbf563205f06eaac3b84fe79,,,3b99d73c5a1095ce69f135c80bd7faf7614b938a953a669ee7d8cd9f3ba9d641
classical/dreamer__arousal__trial_within_subject/spectral_logistic,classical,dreamer,arousal,dreamer_arousal_gt3_tie_low_v1,primary,trial_within_subject,primary,spectral_logistic,none,,,False,balanced,0.0,20260530,5,dreamer__arousal__trial_within_subject.csv,09974687b4081791d4e930ba0e9ac422eef0ff2a47f99918eb42a249b0a3f9d1,47dbcd7cebaefc7342fa60146d73b9f24f816454fbf563205f06eaac3b84fe79,,,d1d67797bb5f5f2c878dc3aec8b61c52dc00b22d2d169b5cd261010ed52847cd
classical/dreamer__arousal__trial_within_subject/spectral_svm,classical,dreamer,arousal,dreamer_arousal_gt3_tie_low_v1,primary,trial_within_subject,primary,spectral_svm,none,,,False,balanced,0.0,20260530,5,dreamer__arousal__trial_within_subject.csv,09974687b4081791d4e930ba0e9ac422eef0ff2a47f99918eb42a249b0a3f9d1,47dbcd7cebaefc7342fa60146d73b9f24f816454fbf563205f06eaac3b84fe79,,,8a50025f6dcd70d9ffb2d301fd3e7debdd0b5c15c48471dd9abf22fd991e5e13
classical/dreamer__valence@exclude_ties__strict_loso/spectral_logistic,classical,dreamer,valence,dreamer_valence_gt3_ties_excluded_v1,exclude_ties,strict_loso,primary,spectral_logistic,none,,,False,balanced,0.0,20260530,23,dreamer__valence@exclude_ties__strict_loso.csv,ffde85f062f771f233f5440a3f0050abbf5a6b7d3a8d6ef2f5b64813c9372da9,b375f233aac3ee759228fd03e63d336cfa16f8993cfa359ce996d874da60b220,,,aa820668357fdde0495dd617c87b1dc94762389223a4352d59a81c1a75a3fb40
classical/dreamer__valence@tie_high__strict_loso/spectral_logistic,classical,dreamer,valence,dreamer_valence_gt3_tie_high_v1,tie_high,strict_loso,primary,spectral_logistic,none,,,False,balanced,0.0,20260530,23,dreamer__valence@tie_high__strict_loso.csv,a26e332a3f2068a57771d4ac5cac08f1973879293bf0bbd9c1b507462bd0bace,cf8a3b229f26d6be01ca8917ff3df4eeccba264398b88f2427ca39b00a7a784d,,,a013801abfc1798c301dab669af8638dcc61e42da530aaefc745dc9002fb40e7
classical/dreamer__valence__loso_stimulus_heldout/alpha_logistic,classical,dreamer,valence,dreamer_valence_gt3_tie_low_v1,primary,loso_stimulus_heldout,primary,alpha_logistic,none,,,False,balanced,0.0,20260530,22,dreamer__valence__loso_stimulus_heldout.csv,d6ad666482c00d8d3f3855a5005fcdbd4cee7d23ec202d49f0a01eb510230e9f,84472ae6186154c210e2dd628c38b09e4a1e41afda234aa43cc08352ecbf51e0,,,e2df8086191039f3278c326101cbfa5b370376af12736000e306cb2dea073bd9
classical/dreamer__valence__loso_stimulus_heldout/spectral_logistic,classical,dreamer,valence,dreamer_valence_gt3_tie_low_v1,primary,loso_stimulus_heldout,primary,spectral_logistic,none,,,False,balanced,0.0,20260530,22,dreamer__valence__loso_stimulus_heldout.csv,d6ad666482c00d8d3f3855a5005fcdbd4cee7d23ec202d49f0a01eb510230e9f,84472ae6186154c210e2dd628c38b09e4a1e41afda234aa43cc08352ecbf51e0,,,b76780ebd9d351ab09c258d107c1d4e7e131251238defce5b5c190368ca4846b
classical/dreamer__valence__loso_stimulus_heldout/spectral_svm,classical,dreamer,valence,dreamer_valence_gt3_tie_low_v1,primary,loso_stimulus_heldout,primary,spectral_svm,none,,,False,balanced,0.0,20260530,22,dreamer__valence__loso_stimulus_heldout.csv,d6ad666482c00d8d3f3855a5005fcdbd4cee7d23ec202d49f0a01eb510230e9f,84472ae6186154c210e2dd628c38b09e4a1e41afda234aa43cc08352ecbf51e0,,,20ff9a880abc02797ac7033a76e19de952efd946c911ab9b543be583d3f68c9a
classical/dreamer__valence__loso_stimulus_seen/alpha_logistic,classical,dreamer,valence,dreamer_valence_gt3_tie_low_v1,primary,loso_stimulus_seen,primary,alpha_logistic,none,,,False,balanced,0.0,20260530,22,dreamer__valence__loso_stimulus_seen.csv,b815d5bb31957551b1937df91d5fa528797e4329d336043bec142705e77cfcab,14f429ef25c1d2023a185d18c0257b1967da33f3ae19695234ca8f39170597b5,,,78bc2a4bfdf5aef5cba390c9e707f71b890f2f346bd273361fb65c35e7b47f7e
classical/dreamer__valence__loso_stimulus_seen/spectral_logistic,classical,dreamer,valence,dreamer_valence_gt3_tie_low_v1,primary,loso_stimulus_seen,primary,spectral_logistic,none,,,False,balanced,0.0,20260530,22,dreamer__valence__loso_stimulus_seen.csv,b815d5bb31957551b1937df91d5fa528797e4329d336043bec142705e77cfcab,14f429ef25c1d2023a185d18c0257b1967da33f3ae19695234ca8f39170597b5,,,e8e3a4036d9050dfa4b45649c4d91043daaa1fe8abf8f51549ca912077c10ced
classical/dreamer__valence__loso_stimulus_seen/spectral_svm,classical,dreamer,valence,dreamer_valence_gt3_tie_low_v1,primary,loso_stimulus_seen,primary,spectral_svm,none,,,False,balanced,0.0,20260530,22,dreamer__valence__loso_stimulus_seen.csv,b815d5bb31957551b1937df91d5fa528797e4329d336043bec142705e77cfcab,14f429ef25c1d2023a185d18c0257b1967da33f3ae19695234ca8f39170597b5,,,2d33738cf935d4aeb21435cf4d17665594073e30dc5ec5fa946ef1c37b27896c
classical/dreamer__valence__segment_random/alpha_logistic,classical,dreamer,valence,dreamer_valence_gt3_tie_low_v1,primary,segment_random,primary,alpha_logistic,none,,,False,balanced,0.0,20260530,5,dreamer__valence__segment_random.csv,d0f64db7aaf6cea752bb33e59591b4c4c28aafc0afe82b185dc26a3c6362fcfe,635130b6738521a414a8069483bb7f04eec057f7077f97865295247e99830a32,,,3ee556154fff61d1f3ea1f410be22a6a277405463aba8593931b8e6f4cedc90f
classical/dreamer__valence__segment_random/spectral_logistic,classical,dreamer,valence,dreamer_valence_gt3_tie_low_v1,primary,segment_random,primary,spectral_logistic,none,,,False,balanced,0.0,20260530,5,dreamer__valence__segment_random.csv,d0f64db7aaf6cea752bb33e59591b4c4c28aafc0afe82b185dc26a3c6362fcfe,635130b6738521a414a8069483bb7f04eec057f7077f97865295247e99830a32,,,9be10e29d4435f96c3354c8946c499b0ca318d40160f6b18a5ccec2ad9445082
classical/dreamer__valence__segment_random/spectral_svm,classical,dreamer,valence,dreamer_valence_gt3_tie_low_v1,primary,segment_random,primary,spectral_svm,none,,,False,balanced,0.0,20260530,5,dreamer__valence__segment_random.csv,d0f64db7aaf6cea752bb33e59591b4c4c28aafc0afe82b185dc26a3c6362fcfe,635130b6738521a414a8069483bb7f04eec057f7077f97865295247e99830a32,,,57c8555df9463cc8599f74637eab123a9a5aab98af81ede9d4432b5de1d617a8
classical/dreamer__valence__strict_loso/alpha_logistic,classical,dreamer,valence,dreamer_valence_gt3_tie_low_v1,primary,strict_loso,primary,alpha_logistic,none,,,False,balanced,0.0,20260530,23,dreamer__valence__strict_loso.csv,87e88d2b7c2776aace70bca6ad9970f80c2def226e43531e7728e071653743c8,cf8a3b229f26d6be01ca8917ff3df4eeccba264398b88f2427ca39b00a7a784d,,,254d6655f89e9c5fd8ce32349beb1f2e0f4f4689229ab1e92382718dff4714bc
classical/dreamer__valence__strict_loso/spectral_logistic,classical,dreamer,valence,dreamer_valence_gt3_tie_low_v1,primary,strict_loso,primary,spectral_logistic,none,,,False,balanced,0.0,20260530,23,dreamer__valence__strict_loso.csv,87e88d2b7c2776aace70bca6ad9970f80c2def226e43531e7728e071653743c8,cf8a3b229f26d6be01ca8917ff3df4eeccba264398b88f2427ca39b00a7a784d,,,240d85593416a6580ea88d65dd7c500cc99c0d1eb541fe6689cbc1b4e82653ae
classical/dreamer__valence__strict_loso/spectral_svm,classical,dreamer,valence,dreamer_valence_gt3_tie_low_v1,primary,strict_loso,primary,spectral_svm,none,,,False,balanced,0.0,20260530,23,dreamer__valence__strict_loso.csv,87e88d2b7c2776aace70bca6ad9970f80c2def226e43531e7728e071653743c8,cf8a3b229f26d6be01ca8917ff3df4eeccba264398b88f2427ca39b00a7a784d,,,efa9fba81b8cf1499e7fbe72369ecb2fd518398018182ae436e94c2c04cad371
classical/dreamer__valence__trial_within_subject/alpha_logistic,classical,dreamer,valence,dreamer_valence_gt3_tie_low_v1,primary,trial_within_subject,primary,alpha_logistic,none,,,False,balanced,0.0,20260530,5,dreamer__valence__trial_within_subject.csv,41233496b0feacbceb68f43aa4bad08fa3769acfc7be3854826a60a63978f9f7,47dbcd7cebaefc7342fa60146d73b9f24f816454fbf563205f06eaac3b84fe79,,,10ff8775ea56990fb35b3e73cf97dafbb896e50a403f38f950cd1fc3d0400529
classical/dreamer__valence__trial_within_subject/spectral_logistic,classical,dreamer,valence,dreamer_valence_gt3_tie_low_v1,primary,trial_within_subject,primary,spectral_logistic,none,,,False,balanced,0.0,20260530,5,dreamer__valence__trial_within_subject.csv,41233496b0feacbceb68f43aa4bad08fa3769acfc7be3854826a60a63978f9f7,47dbcd7cebaefc7342fa60146d73b9f24f816454fbf563205f06eaac3b84fe79,,,3c939601b76e48f0c7dbc83cd355cc666791f9666ab68ee7db5ff8c7a3f98194
classical/dreamer__valence__trial_within_subject/spectral_svm,classical,dreamer,valence,dreamer_valence_gt3_tie_low_v1,primary,trial_within_subject,primary,spectral_svm,none,,,False,balanced,0.0,20260530,5,dreamer__valence__trial_within_subject.csv,41233496b0feacbceb68f43aa4bad08fa3769acfc7be3854826a60a63978f9f7,47dbcd7cebaefc7342fa60146d73b9f24f816454fbf563205f06eaac3b84fe79,,,5a5c9fe0dccb83a33750953b5773c1e45b3d8f9c70117989b0305a38e2fc2530
classical/seed_iv__emotion__loso_stimulus_heldout/alpha_logistic,classical,seed_iv,emotion,seed_iv_emotion_codes_v1,primary,loso_stimulus_heldout,primary,alpha_logistic,none,,,False,balanced,0.0,20260530,15,seed_iv__emotion__loso_stimulus_heldout.csv,4c570214495ffe41c3a5e2f3c9ff07c769b6cc2e9202ba5163fcc711484f7e8c,1fd1379b2bb43bb5668eb5842006dfaa43c34778dbd7834ec9914f52033d30ea,,,a6bc58d4e3300a356415a9d573bb6ea46e3c00b58bdf1de9c01061c5a7890688
classical/seed_iv__emotion__loso_stimulus_heldout/spectral_logistic,classical,seed_iv,emotion,seed_iv_emotion_codes_v1,primary,loso_stimulus_heldout,primary,spectral_logistic,none,,,False,balanced,0.0,20260530,15,seed_iv__emotion__loso_stimulus_heldout.csv,4c570214495ffe41c3a5e2f3c9ff07c769b6cc2e9202ba5163fcc711484f7e8c,1fd1379b2bb43bb5668eb5842006dfaa43c34778dbd7834ec9914f52033d30ea,,,b5cec12de95010a1497aa6d3a98e73d3252d091e8aa37af2624ecdf7896454b4
classical/seed_iv__emotion__loso_stimulus_heldout/spectral_svm,classical,seed_iv,emotion,seed_iv_emotion_codes_v1,primary,loso_stimulus_heldout,primary,spectral_svm,none,,,False,balanced,0.0,20260530,15,seed_iv__emotion__loso_stimulus_heldout.csv,4c570214495ffe41c3a5e2f3c9ff07c769b6cc2e9202ba5163fcc711484f7e8c,1fd1379b2bb43bb5668eb5842006dfaa43c34778dbd7834ec9914f52033d30ea,,,79a242bd2d4daf362900cbbb38e81602a34b419423c0667359e19ee7998b78d6
classical/seed_iv__emotion__loso_stimulus_seen/alpha_logistic,classical,seed_iv,emotion,seed_iv_emotion_codes_v1,primary,loso_stimulus_seen,primary,alpha_logistic,none,,,False,balanced,0.0,20260530,15,seed_iv__emotion__loso_stimulus_seen.csv,cf63f42cac73056d0faa6192313b32dc38173e4f2d6bdeb215ead83683bfc83f,df19b6261fa2b66ed94f5a97001060788817eb859dffa51973019adc3b52a6a0,,,93c7eaa9b326bc2a6c14b66e22f4f95078706b3a8d3fa31a56ff82a50f84d462
classical/seed_iv__emotion__loso_stimulus_seen/spectral_logistic,classical,seed_iv,emotion,seed_iv_emotion_codes_v1,primary,loso_stimulus_seen,primary,spectral_logistic,none,,,False,balanced,0.0,20260530,15,seed_iv__emotion__loso_stimulus_seen.csv,cf63f42cac73056d0faa6192313b32dc38173e4f2d6bdeb215ead83683bfc83f,df19b6261fa2b66ed94f5a97001060788817eb859dffa51973019adc3b52a6a0,,,cfb0b7dcc582136c3b7e5c796c7e9898e389fb43c643a2ae9f621b09c0bafed3
classical/seed_iv__emotion__loso_stimulus_seen/spectral_svm,classical,seed_iv,emotion,seed_iv_emotion_codes_v1,primary,loso_stimulus_seen,primary,spectral_svm,none,,,False,balanced,0.0,20260530,15,seed_iv__emotion__loso_stimulus_seen.csv,cf63f42cac73056d0faa6192313b32dc38173e4f2d6bdeb215ead83683bfc83f,df19b6261fa2b66ed94f5a97001060788817eb859dffa51973019adc3b52a6a0,,,5274ba40ab8ecca307bdb4c63fef23c5efbf54ba1a590363c66a518d1386f8cc
classical/seed_iv__emotion__segment_random/alpha_logistic,classical,seed_iv,emotion,seed_iv_emotion_codes_v1,primary,segment_random,primary,alpha_logistic,none,,,False,balanced,0.0,20260530,5,seed_iv__emotion__segment_random.csv,4d93b02ec227e5257a06b0c195835c8205e78969a42bf50af0892976aa64bb1f,bf14d5759e476a3f7d3b0260f4221a3fe1c6e77de2a299267c87e155da4e1bc9,,,28dbd0502b1671c590c2e452732d3d9201f4bbe09801e8d557d79e4ba7ddfba9
classical/seed_iv__emotion__segment_random/spectral_logistic,classical,seed_iv,emotion,seed_iv_emotion_codes_v1,primary,segment_random,primary,spectral_logistic,none,,,False,balanced,0.0,20260530,5,seed_iv__emotion__segment_random.csv,4d93b02ec227e5257a06b0c195835c8205e78969a42bf50af0892976aa64bb1f,bf14d5759e476a3f7d3b0260f4221a3fe1c6e77de2a299267c87e155da4e1bc9,,,e9181a97af9d182518d02e77ad26d88b381fcd23e979e09073a81912bb435f9d
classical/seed_iv__emotion__segment_random/spectral_svm,classical,seed_iv,emotion,seed_iv_emotion_codes_v1,primary,segment_random,primary,spectral_svm,none,,,False,balanced,0.0,20260530,5,seed_iv__emotion__segment_random.csv,4d93b02ec227e5257a06b0c195835c8205e78969a42bf50af0892976aa64bb1f,bf14d5759e476a3f7d3b0260f4221a3fe1c6e77de2a299267c87e155da4e1bc9,,,32c431e9622718bab605bc8472020b330a103d322153bfc844d33d1103c3bf7e
classical/seed_iv__emotion__strict_loso/alpha_logistic,classical,seed_iv,emotion,seed_iv_emotion_codes_v1,primary,strict_loso,primary,alpha_logistic,none,,,False,balanced,0.0,20260530,15,seed_iv__emotion__strict_loso.csv,eb2bb080b7b96d6347863b0e12ecccc1029784eb1688e9822ff03a82e7deb332,404138dd3bd416252cdb0f6a9908a02e850c24bc540faec5566f70927835fa0d,,,374d8773be33f328103b73d86b265b8f9d246f45048a6fc089c2153a34486e27
classical/seed_iv__emotion__strict_loso/spectral_logistic,classical,seed_iv,emotion,seed_iv_emotion_codes_v1,primary,strict_loso,primary,spectral_logistic,none,,,False,balanced,0.0,20260530,15,seed_iv__emotion__strict_loso.csv,eb2bb080b7b96d6347863b0e12ecccc1029784eb1688e9822ff03a82e7deb332,404138dd3bd416252cdb0f6a9908a02e850c24bc540faec5566f70927835fa0d,,,35f8ecea5d1cdf7e3e94f153d26238d2b00071a0201e8117499013c1805077c6
classical/seed_iv__emotion__strict_loso/spectral_svm,classical,seed_iv,emotion,seed_iv_emotion_codes_v1,primary,strict_loso,primary,spectral_svm,none,,,False,balanced,0.0,20260530,15,seed_iv__emotion__strict_loso.csv,eb2bb080b7b96d6347863b0e12ecccc1029784eb1688e9822ff03a82e7deb332,404138dd3bd416252cdb0f6a9908a02e850c24bc540faec5566f70927835fa0d,,,31e9da9341ca8d98236707c3d1ce73de300934e5a16bf56a99a35b1a733fee0d
classical/seed_iv__emotion__trial_within_subject/alpha_logistic,classical,seed_iv,emotion,seed_iv_emotion_codes_v1,primary,trial_within_subject,primary,alpha_logistic,none,,,False,balanced,0.0,20260530,5,seed_iv__emotion__trial_within_subject.csv,cbd2e8a7e65effa1f8eeccf72ca3ee978935b290821b0897b16ee0b473910c3e,fc29810dcfcb409165e904e810c26910f259d240f931ba99dd01de09f612b6ae,,,6a3f3c070e915fa369999ed3823532164105b8e995d8f37a3ee6358a2d996b89
classical/seed_iv__emotion__trial_within_subject/spectral_logistic,classical,seed_iv,emotion,seed_iv_emotion_codes_v1,primary,trial_within_subject,primary,spectral_logistic,none,,,False,balanced,0.0,20260530,5,seed_iv__emotion__trial_within_subject.csv,cbd2e8a7e65effa1f8eeccf72ca3ee978935b290821b0897b16ee0b473910c3e,fc29810dcfcb409165e904e810c26910f259d240f931ba99dd01de09f612b6ae,,,8c319bf2c15dba60d86264b6ed10164e283679fabdd2b31092b46ff2a682bd50
classical/seed_iv__emotion__trial_within_subject/spectral_svm,classical,seed_iv,emotion,seed_iv_emotion_codes_v1,primary,trial_within_subject,primary,spectral_svm,none,,,False,balanced,0.0,20260530,5,seed_iv__emotion__trial_within_subject.csv,cbd2e8a7e65effa1f8eeccf72ca3ee978935b290821b0897b16ee0b473910c3e,fc29810dcfcb409165e904e810c26910f259d240f931ba99dd01de09f612b6ae,,,a523febfde6ca80013af322409a1a0e3828b225d75f341f393d654ef0c3809f9
classical_stimulus_holdout_matched/deap__arousal__loso_stimulus_heldout/alpha_logistic,classical,deap,arousal,deap_arousal_gt5_tie_low_v2,primary,loso_stimulus_heldout,class_window_matched,alpha_logistic,none,,,False,balanced,0.0,20260530,30,deap__arousal__loso_stimulus_heldout.csv,579d17f53b7495c05aa543b0bea6e1f1cc0febd63c12215e75130c0df792a493,b02450a2b50bec241c4463e0161f55318557a1eae9761a40057a6d2ffe09546f,,,0ded3afcc9335ce8b4b7c77b8ab9d5907b6076fa6333a423b1a24d24451e9282
classical_stimulus_holdout_matched/deap__arousal__loso_stimulus_heldout/spectral_logistic,classical,deap,arousal,deap_arousal_gt5_tie_low_v2,primary,loso_stimulus_heldout,class_window_matched,spectral_logistic,none,,,False,balanced,0.0,20260530,30,deap__arousal__loso_stimulus_heldout.csv,579d17f53b7495c05aa543b0bea6e1f1cc0febd63c12215e75130c0df792a493,b02450a2b50bec241c4463e0161f55318557a1eae9761a40057a6d2ffe09546f,,,248c00a45e1b945e881b85da5f2568b188bac3cee7bf9ae44c3b3a87077757b9
classical_stimulus_holdout_matched/deap__arousal__loso_stimulus_heldout/spectral_svm,classical,deap,arousal,deap_arousal_gt5_tie_low_v2,primary,loso_stimulus_heldout,class_window_matched,spectral_svm,none,,,False,balanced,0.0,20260530,30,deap__arousal__loso_stimulus_heldout.csv,579d17f53b7495c05aa543b0bea6e1f1cc0febd63c12215e75130c0df792a493,b02450a2b50bec241c4463e0161f55318557a1eae9761a40057a6d2ffe09546f,,,e8a397add2b50a0c846a6cc585162c4c4be9307e5c0bdf430e1bfaf12c30f1e7
classical_stimulus_holdout_matched/deap__arousal__loso_stimulus_seen/alpha_logistic,classical,deap,arousal,deap_arousal_gt5_tie_low_v2,primary,loso_stimulus_seen,class_window_matched,alpha_logistic,none,,,False,balanced,0.0,20260530,30,deap__arousal__loso_stimulus_seen.csv,80dd721b1589c9e52845e67afa3d069f4afbfe4020bdac710a9044645ddd850e,d7b252bd74b7d430cc2f398c90b0c4c0cb7019d32629fbb0f5a387edc465269c,,,65207f15a3e9da83524718f151fb997c9f7d62c52662a2bafd877ac49e493517
classical_stimulus_holdout_matched/deap__arousal__loso_stimulus_seen/spectral_logistic,classical,deap,arousal,deap_arousal_gt5_tie_low_v2,primary,loso_stimulus_seen,class_window_matched,spectral_logistic,none,,,False,balanced,0.0,20260530,30,deap__arousal__loso_stimulus_seen.csv,80dd721b1589c9e52845e67afa3d069f4afbfe4020bdac710a9044645ddd850e,d7b252bd74b7d430cc2f398c90b0c4c0cb7019d32629fbb0f5a387edc465269c,,,523b0e83a3f3e719331ae9928e6621f65ab22e3ff2b1d4f759ad6c8be0406a69
classical_stimulus_holdout_matched/deap__arousal__loso_stimulus_seen/spectral_svm,classical,deap,arousal,deap_arousal_gt5_tie_low_v2,primary,loso_stimulus_seen,class_window_matched,spectral_svm,none,,,False,balanced,0.0,20260530,30,deap__arousal__loso_stimulus_seen.csv,80dd721b1589c9e52845e67afa3d069f4afbfe4020bdac710a9044645ddd850e,d7b252bd74b7d430cc2f398c90b0c4c0cb7019d32629fbb0f5a387edc465269c,,,ce93404a0ac1e47a2c0fa41d0b1aa106ad96bf42b04103ef5232a46a5ba4f667
classical_stimulus_holdout_matched/deap__valence__loso_stimulus_heldout/alpha_logistic,classical,deap,valence,deap_valence_gt5_tie_low_v2,primary,loso_stimulus_heldout,class_window_matched,alpha_logistic,none,,,False,balanced,0.0,20260530,32,deap__valence__loso_stimulus_heldout.csv,464855d3d7cce890725ea029ee23789ecb1265c8cbaefbeca8bdacc58e2bef9b,a8e5bbe6e29f97a0932b437ecf6d98185edd3193583e4bedee9a61b865b9d27e,,,1cdc25fadebb623a48fb5ad8bcd13a6b07aa5f5359dbe2ebbf5fed18dc93a371
classical_stimulus_holdout_matched/deap__valence__loso_stimulus_heldout/spectral_logistic,classical,deap,valence,deap_valence_gt5_tie_low_v2,primary,loso_stimulus_heldout,class_window_matched,spectral_logistic,none,,,False,balanced,0.0,20260530,32,deap__valence__loso_stimulus_heldout.csv,464855d3d7cce890725ea029ee23789ecb1265c8cbaefbeca8bdacc58e2bef9b,a8e5bbe6e29f97a0932b437ecf6d98185edd3193583e4bedee9a61b865b9d27e,,,dd9383729cf590013bd22e043653706827030459a98153dfcfb0e0c90de71886
classical_stimulus_holdout_matched/deap__valence__loso_stimulus_heldout/spectral_svm,classical,deap,valence,deap_valence_gt5_tie_low_v2,primary,loso_stimulus_heldout,class_window_matched,spectral_svm,none,,,False,balanced,0.0,20260530,32,deap__valence__loso_stimulus_heldout.csv,464855d3d7cce890725ea029ee23789ecb1265c8cbaefbeca8bdacc58e2bef9b,a8e5bbe6e29f97a0932b437ecf6d98185edd3193583e4bedee9a61b865b9d27e,,,bbccc2ee5dcec849a2914c737c6d705f80620acdad162968b6aa58717a8e2955
classical_stimulus_holdout_matched/deap__valence__loso_stimulus_seen/alpha_logistic,classical,deap,valence,deap_valence_gt5_tie_low_v2,primary,loso_stimulus_seen,class_window_matched,alpha_logistic,none,,,False,balanced,0.0,20260530,32,deap__valence__loso_stimulus_seen.csv,43dba3c3729bbd3187bfaabc09425de517f06d416ff377c4193a49d1e23f55c9,61ed7162c2d0f51c2fbf5f451409363ddd559378063ab96e9a7ebba6e537cf57,,,5dbe204616cd9a05211738b5d72176ea0c7daa6eecc1031cc102193dd135ec79
classical_stimulus_holdout_matched/deap__valence__loso_stimulus_seen/spectral_logistic,classical,deap,valence,deap_valence_gt5_tie_low_v2,primary,loso_stimulus_seen,class_window_matched,spectral_logistic,none,,,False,balanced,0.0,20260530,32,deap__valence__loso_stimulus_seen.csv,43dba3c3729bbd3187bfaabc09425de517f06d416ff377c4193a49d1e23f55c9,61ed7162c2d0f51c2fbf5f451409363ddd559378063ab96e9a7ebba6e537cf57,,,a5624ef3973e8678618c4fb298123d7e83383a1c661c020164a5cf8d6ae90994
classical_stimulus_holdout_matched/deap__valence__loso_stimulus_seen/spectral_svm,classical,deap,valence,deap_valence_gt5_tie_low_v2,primary,loso_stimulus_seen,class_window_matched,spectral_svm,none,,,False,balanced,0.0,20260530,32,deap__valence__loso_stimulus_seen.csv,43dba3c3729bbd3187bfaabc09425de517f06d416ff377c4193a49d1e23f55c9,61ed7162c2d0f51c2fbf5f451409363ddd559378063ab96e9a7ebba6e537cf57,,,164bc44b8f38322bc8154655f3458ab3063ad31d5628acac6f663e486b39971f
classical_stimulus_holdout_matched/dreamer__arousal__loso_stimulus_heldout/alpha_logistic,classical,dreamer,arousal,dreamer_arousal_gt3_tie_low_v1,primary,loso_stimulus_heldout,class_window_matched,alpha_logistic,none,,,False,balanced,0.0,20260530,23,dreamer__arousal__loso_stimulus_heldout.csv,387dbf9042dca28b02129d8457bc68acc20e60cccaa19a0e1e73a3f81461fa67,612c6982f3b628791bdf1178cefc26f14b20c4136d8ecfdb4379f9fefd04b4d7,,,028e7486b0c5673524ea0dff783503c7968123a405f0aa52cc717a7285d694ec
classical_stimulus_holdout_matched/dreamer__arousal__loso_stimulus_heldout/spectral_logistic,classical,dreamer,arousal,dreamer_arousal_gt3_tie_low_v1,primary,loso_stimulus_heldout,class_window_matched,spectral_logistic,none,,,False,balanced,0.0,20260530,23,dreamer__arousal__loso_stimulus_heldout.csv,387dbf9042dca28b02129d8457bc68acc20e60cccaa19a0e1e73a3f81461fa67,612c6982f3b628791bdf1178cefc26f14b20c4136d8ecfdb4379f9fefd04b4d7,,,e8ed03b16ace71d84cae96bef52521e85266c42e7c72149bc2e65e5746f45bd6
classical_stimulus_holdout_matched/dreamer__arousal__loso_stimulus_heldout/spectral_svm,classical,dreamer,arousal,dreamer_arousal_gt3_tie_low_v1,primary,loso_stimulus_heldout,class_window_matched,spectral_svm,none,,,False,balanced,0.0,20260530,23,dreamer__arousal__loso_stimulus_heldout.csv,387dbf9042dca28b02129d8457bc68acc20e60cccaa19a0e1e73a3f81461fa67,612c6982f3b628791bdf1178cefc26f14b20c4136d8ecfdb4379f9fefd04b4d7,,,1c3b76a23c6f8faeacbff6e1379a9f14629e064243b29d6ed581648079e41e26
classical_stimulus_holdout_matched/dreamer__arousal__loso_stimulus_seen/alpha_logistic,classical,dreamer,arousal,dreamer_arousal_gt3_tie_low_v1,primary,loso_stimulus_seen,class_window_matched,alpha_logistic,none,,,False,balanced,0.0,20260530,23,dreamer__arousal__loso_stimulus_seen.csv,647182b37205428e50209a5f88ae610203e2b22ee3b45a745e413d428665ae4a,70a67e6298ef8a61303716b8e640b4e40b7cdef49648c2b4c8bf1c31bd9bad87,,,c2fd3867805681a518bf18f84a599041a08c145b6032c7dd9b00af48868a56f8
classical_stimulus_holdout_matched/dreamer__arousal__loso_stimulus_seen/spectral_logistic,classical,dreamer,arousal,dreamer_arousal_gt3_tie_low_v1,primary,loso_stimulus_seen,class_window_matched,spectral_logistic,none,,,False,balanced,0.0,20260530,23,dreamer__arousal__loso_stimulus_seen.csv,647182b37205428e50209a5f88ae610203e2b22ee3b45a745e413d428665ae4a,70a67e6298ef8a61303716b8e640b4e40b7cdef49648c2b4c8bf1c31bd9bad87,,,8f54e6f12a0a962e91bf3a1aee101c18a765aa5c38ef95dff076e73be2098b6a
classical_stimulus_holdout_matched/dreamer__arousal__loso_stimulus_seen/spectral_svm,classical,dreamer,arousal,dreamer_arousal_gt3_tie_low_v1,primary,loso_stimulus_seen,class_window_matched,spectral_svm,none,,,False,balanced,0.0,20260530,23,dreamer__arousal__loso_stimulus_seen.csv,647182b37205428e50209a5f88ae610203e2b22ee3b45a745e413d428665ae4a,70a67e6298ef8a61303716b8e640b4e40b7cdef49648c2b4c8bf1c31bd9bad87,,,a3767de2ec892044059c22d4143b6fadec72c4e360124b271f91c5889f0951c6
classical_stimulus_holdout_matched/dreamer__valence__loso_stimulus_heldout/alpha_logistic,classical,dreamer,valence,dreamer_valence_gt3_tie_low_v1,primary,loso_stimulus_heldout,class_window_matched,alpha_logistic,none,,,False,balanced,0.0,20260530,22,dreamer__valence__loso_stimulus_heldout.csv,bd399c0d855e396785b2d301d5dbd474ba1a476dceb0f68ae0d9fb6091cdf593,caa967c82547497f9db3640c80eb25b6adcaa1b9f83229389d953a03d98f9db0,,,8ed6d165e70833321fd015eecfc7807b4621782f7474147d704dffeaab5f9b64
classical_stimulus_holdout_matched/dreamer__valence__loso_stimulus_heldout/spectral_logistic,classical,dreamer,valence,dreamer_valence_gt3_tie_low_v1,primary,loso_stimulus_heldout,class_window_matched,spectral_logistic,none,,,False,balanced,0.0,20260530,22,dreamer__valence__loso_stimulus_heldout.csv,bd399c0d855e396785b2d301d5dbd474ba1a476dceb0f68ae0d9fb6091cdf593,caa967c82547497f9db3640c80eb25b6adcaa1b9f83229389d953a03d98f9db0,,,2607579e4e1583dfa85dffd6de29455a35b536c171998331c86f01b6195e173b
classical_stimulus_holdout_matched/dreamer__valence__loso_stimulus_heldout/spectral_svm,classical,dreamer,valence,dreamer_valence_gt3_tie_low_v1,primary,loso_stimulus_heldout,class_window_matched,spectral_svm,none,,,False,balanced,0.0,20260530,22,dreamer__valence__loso_stimulus_heldout.csv,bd399c0d855e396785b2d301d5dbd474ba1a476dceb0f68ae0d9fb6091cdf593,caa967c82547497f9db3640c80eb25b6adcaa1b9f83229389d953a03d98f9db0,,,440f1c81d93f8e4f699af48908dfccd79d0379ac3cd1feaec7cb0232670c1352
classical_stimulus_holdout_matched/dreamer__valence__loso_stimulus_seen/alpha_logistic,classical,dreamer,valence,dreamer_valence_gt3_tie_low_v1,primary,loso_stimulus_seen,class_window_matched,alpha_logistic,none,,,False,balanced,0.0,20260530,22,dreamer__valence__loso_stimulus_seen.csv,31a8235405ad0112c6c7f6c59884ec704dc4be31657740e5fc9aa95b5a37b2df,10d95741706338c388684a158904ea52353da848a37d4c44012e9f0afcee9f41,,,3aab40d6c3c77e3fddac216c05369d97c17ee950be2307998bdf9a69dc061828
classical_stimulus_holdout_matched/dreamer__valence__loso_stimulus_seen/spectral_logistic,classical,dreamer,valence,dreamer_valence_gt3_tie_low_v1,primary,loso_stimulus_seen,class_window_matched,spectral_logistic,none,,,False,balanced,0.0,20260530,22,dreamer__valence__loso_stimulus_seen.csv,31a8235405ad0112c6c7f6c59884ec704dc4be31657740e5fc9aa95b5a37b2df,10d95741706338c388684a158904ea52353da848a37d4c44012e9f0afcee9f41,,,44761070ba9599de48c8082fc7bca94dd7cedd7ba2e35d0117a3977af85a79ce
classical_stimulus_holdout_matched/dreamer__valence__loso_stimulus_seen/spectral_svm,classical,dreamer,valence,dreamer_valence_gt3_tie_low_v1,primary,loso_stimulus_seen,class_window_matched,spectral_svm,none,,,False,balanced,0.0,20260530,22,dreamer__valence__loso_stimulus_seen.csv,31a8235405ad0112c6c7f6c59884ec704dc4be31657740e5fc9aa95b5a37b2df,10d95741706338c388684a158904ea52353da848a37d4c44012e9f0afcee9f41,,,d6ade47d650904eb836aadc15dcde497d97c9ded195ddde2a05a0f995f806705
classical_stimulus_holdout_matched/seed_iv__emotion__loso_stimulus_heldout/alpha_logistic,classical,seed_iv,emotion,seed_iv_emotion_codes_v1,primary,loso_stimulus_heldout,class_window_matched,alpha_logistic,none,,,False,balanced,0.0,20260530,15,seed_iv__emotion__loso_stimulus_heldout.csv,405caf473f0272874c7ab9d05c1bd45a9009d3cc75318ab69815590cdbdfac08,3d0b7f4564e420619d64edae6ac399aa1a088f79fb4202870eafa891e684d973,,,b85d95f635797763c63f9b4060736411dc5a6d545c8d0d2cb9e264259c98cefb
classical_stimulus_holdout_matched/seed_iv__emotion__loso_stimulus_heldout/spectral_logistic,classical,seed_iv,emotion,seed_iv_emotion_codes_v1,primary,loso_stimulus_heldout,class_window_matched,spectral_logistic,none,,,False,balanced,0.0,20260530,15,seed_iv__emotion__loso_stimulus_heldout.csv,405caf473f0272874c7ab9d05c1bd45a9009d3cc75318ab69815590cdbdfac08,3d0b7f4564e420619d64edae6ac399aa1a088f79fb4202870eafa891e684d973,,,dc4b73ef2dc0ff92c3c607b5bfc864315a5b116856d319cd9aac5f84434e4fb5
classical_stimulus_holdout_matched/seed_iv__emotion__loso_stimulus_heldout/spectral_svm,classical,seed_iv,emotion,seed_iv_emotion_codes_v1,primary,loso_stimulus_heldout,class_window_matched,spectral_svm,none,,,False,balanced,0.0,20260530,15,seed_iv__emotion__loso_stimulus_heldout.csv,405caf473f0272874c7ab9d05c1bd45a9009d3cc75318ab69815590cdbdfac08,3d0b7f4564e420619d64edae6ac399aa1a088f79fb4202870eafa891e684d973,,,a8394eb7cfea062802185902a2c614d84d5d405fb0f9d2ea344c5480e650f1b8
classical_stimulus_holdout_matched/seed_iv__emotion__loso_stimulus_seen/alpha_logistic,classical,seed_iv,emotion,seed_iv_emotion_codes_v1,primary,loso_stimulus_seen,class_window_matched,alpha_logistic,none,,,False,balanced,0.0,20260530,15,seed_iv__emotion__loso_stimulus_seen.csv,b5175b50822bc44ceb5f4347d111a7552aa02be32f8fbf0137c8ec455a1941c2,f9594113a7aad893db636cecdcfe2f8d5b745da8f8c0f9eaf62f9c529de0f0b4,,,141789e300e7309236e4546045dd9673e70cfd3e0b73e0c765b8fe0eb5d1d85e
classical_stimulus_holdout_matched/seed_iv__emotion__loso_stimulus_seen/spectral_logistic,classical,seed_iv,emotion,seed_iv_emotion_codes_v1,primary,loso_stimulus_seen,class_window_matched,spectral_logistic,none,,,False,balanced,0.0,20260530,15,seed_iv__emotion__loso_stimulus_seen.csv,b5175b50822bc44ceb5f4347d111a7552aa02be32f8fbf0137c8ec455a1941c2,f9594113a7aad893db636cecdcfe2f8d5b745da8f8c0f9eaf62f9c529de0f0b4,,,f13d51ba9fe122905a79d16c9ba2da2d257dd7bab5601040507a1f70350e9336
classical_stimulus_holdout_matched/seed_iv__emotion__loso_stimulus_seen/spectral_svm,classical,seed_iv,emotion,seed_iv_emotion_codes_v1,primary,loso_stimulus_seen,class_window_matched,spectral_svm,none,,,False,balanced,0.0,20260530,15,seed_iv__emotion__loso_stimulus_seen.csv,b5175b50822bc44ceb5f4347d111a7552aa02be32f8fbf0137c8ec455a1941c2,f9594113a7aad893db636cecdcfe2f8d5b745da8f8c0f9eaf62f9c529de0f0b4,,,87490f8f129e03d6b4b7c1034dbaef4f81901c8e714498900d11b2479f56b69b
deep_balanced_loss/dreamer_strict_loso_valence_eegnet_none_bs128_seed20260530_class_weighting_balanced,deep,dreamer,valence,dreamer_valence_gt3_tie_low_v1,primary,strict_loso,primary,eegnet,none,5.0,128.0,False,balanced,0.0,20260530,23,dreamer__valence__strict_loso.csv,87e88d2b7c2776aace70bca6ad9970f80c2def226e43531e7728e071653743c8,cf8a3b229f26d6be01ca8917ff3df4eeccba264398b88f2427ca39b00a7a784d,934aa47456a8fa7f0d2c76968044b095a91bb709b64685a428b803e17238773a,a1f8efb0ec0f5256b2b1be2e0ecfb2ebc7c708a43b5cfcaf398f190dfba22ee6,cbfbf0275cdd3ca61a5522958101f1fd4df4db2863bf4634b70b024d15ac39f0
deep_balanced_loss/seed_iv_strict_loso_emotion_shallow_convnet_none_bs128_seed20260530_class_weighting_balanced,deep,seed_iv,emotion,seed_iv_emotion_codes_v1,primary,strict_loso,primary,shallow_convnet,none,5.0,128.0,False,balanced,0.0,20260530,15,seed_iv__emotion__strict_loso.csv,eb2bb080b7b96d6347863b0e12ecccc1029784eb1688e9822ff03a82e7deb332,404138dd3bd416252cdb0f6a9908a02e850c24bc540faec5566f70927835fa0d,ab8de2bc1e80c91c58430a2684e5ffdef73b575146fe217ee9b0f1f3d1765222,709532ce0fb34febaad6b26b6f798048398da16a63fcb8504a7803b6a8c61040,fc5e8ff4acdf192ed34c446e8e091826b817210556be66678601bb643f7b5619
deep_early_stopping/dreamer_strict_loso_valence_deep_convnet_none_earlystop_pat7_max50_seed20260530,deep,dreamer,valence,,primary,strict_loso,primary,deep_convnet,none,5.0,128.0,True,none,0.0,20260530,23,dreamer_strict_loso.csv,a144d98e55b95b20062ca7978a3ce499ae7714ce9f37b7b44e7810c13167719c,cf8a3b229f26d6be01ca8917ff3df4eeccba264398b88f2427ca39b00a7a784d,,,1bf202f710f75cd8adb9ac85b536943e79916df0829da8da9344805356e8e264
deep_early_stopping/dreamer_strict_loso_valence_eegconformer_none_earlystop_pat7_max50_seed20260530,deep,dreamer,valence,,primary,strict_loso,primary,eegconformer,none,5.0,32.0,True,none,0.0,20260530,23,dreamer_strict_loso.csv,a144d98e55b95b20062ca7978a3ce499ae7714ce9f37b7b44e7810c13167719c,cf8a3b229f26d6be01ca8917ff3df4eeccba264398b88f2427ca39b00a7a784d,,,287e49dc7b666f87c7967edc15371271b12c3a0d55f70f718d7e4ccb1cc8cf67
deep_early_stopping/dreamer_strict_loso_valence_eegnet_none_earlystop_pat7_max50_seed20260530,deep,dreamer,valence,,primary,strict_loso,primary,eegnet,none,5.0,128.0,True,none,0.0,20260530,23,dreamer_strict_loso.csv,a144d98e55b95b20062ca7978a3ce499ae7714ce9f37b7b44e7810c13167719c,cf8a3b229f26d6be01ca8917ff3df4eeccba264398b88f2427ca39b00a7a784d,,,14e1680626968a28855846c5e4539ddbea81e22f3819fc60a0cd650995034284
deep_early_stopping/dreamer_strict_loso_valence_shallow_convnet_none_earlystop_pat7_max50_seed20260530,deep,dreamer,valence,,primary,strict_loso,primary,shallow_convnet,none,5.0,128.0,True,none,0.0,20260530,23,dreamer_strict_loso.csv,a144d98e55b95b20062ca7978a3ce499ae7714ce9f37b7b44e7810c13167719c,cf8a3b229f26d6be01ca8917ff3df4eeccba264398b88f2427ca39b00a7a784d,,,cdb19e5722be14ae1ee3f7be6c2775e75dcbddb25794dd1732a33ed3f27b7998
deep_early_stopping/dreamer_strict_loso_valence_tsception_none_earlystop_pat7_max50_seed20260530,deep,dreamer,valence,,primary,strict_loso,primary,tsception,none,5.0,32.0,True,none,0.0,20260530,23,dreamer_strict_loso.csv,a144d98e55b95b20062ca7978a3ce499ae7714ce9f37b7b44e7810c13167719c,cf8a3b229f26d6be01ca8917ff3df4eeccba264398b88f2427ca39b00a7a784d,,,a1b768fde3473f0ae088598e07c2481f8c749b0d87d671246dcb4937f0ec74de
deep_early_stopping/seed_iv_strict_loso_emotion_deep_convnet_none_earlystop_pat7_max50_seed20260530,deep,seed_iv,emotion,,primary,strict_loso,primary,deep_convnet,none,5.0,128.0,True,none,0.0,20260530,15,seed_iv_strict_loso.csv,fb6cb81213ab5722cc4af87acd7825409b2c93022646563285bde06906a3cb87,404138dd3bd416252cdb0f6a9908a02e850c24bc540faec5566f70927835fa0d,,,19c3983257c9c9ecf7601898286da5017c7ac0099b5447ce29e4330b2135f15c
deep_early_stopping/seed_iv_strict_loso_emotion_eegconformer_none_earlystop_pat7_max50_seed20260530,deep,seed_iv,emotion,,primary,strict_loso,primary,eegconformer,none,5.0,32.0,True,none,0.0,20260530,15,seed_iv_strict_loso.csv,fb6cb81213ab5722cc4af87acd7825409b2c93022646563285bde06906a3cb87,404138dd3bd416252cdb0f6a9908a02e850c24bc540faec5566f70927835fa0d,,,253a795bf6ef8121ce9274113901108039f9121d2fdc0eb440a17b3f34b4abb7
deep_early_stopping/seed_iv_strict_loso_emotion_eegnet_none_earlystop_pat7_max50_seed20260530,deep,seed_iv,emotion,,primary,strict_loso,primary,eegnet,none,5.0,128.0,True,none,0.0,20260530,15,seed_iv_strict_loso.csv,fb6cb81213ab5722cc4af87acd7825409b2c93022646563285bde06906a3cb87,404138dd3bd416252cdb0f6a9908a02e850c24bc540faec5566f70927835fa0d,,,f7c1836d81c6dafff07502f7b185fab6b01e91d7ac5ae762bcdd5d91b3a0a051
deep_early_stopping/seed_iv_strict_loso_emotion_shallow_convnet_none_earlystop_pat7_max50_seed20260530,deep,seed_iv,emotion,,primary,strict_loso,primary,shallow_convnet,none,5.0,128.0,True,none,0.0,20260530,15,seed_iv_strict_loso.csv,fb6cb81213ab5722cc4af87acd7825409b2c93022646563285bde06906a3cb87,404138dd3bd416252cdb0f6a9908a02e850c24bc540faec5566f70927835fa0d,,,e3533bfd8deea74b46cb41bdabe4450f59e4073f5b5355ffdb8cb8156f351258
deep_early_stopping/seed_iv_strict_loso_emotion_tsception_none_earlystop_pat7_max50_seed20260530,deep,seed_iv,emotion,,primary,strict_loso,primary,tsception,none,5.0,32.0,True,none,0.0,20260530,15,seed_iv_strict_loso.csv,fb6cb81213ab5722cc4af87acd7825409b2c93022646563285bde06906a3cb87,404138dd3bd416252cdb0f6a9908a02e850c24bc540faec5566f70927835fa0d,,,d487e3771f152a8fb2006915a631898f4fea7e2c05aae71d749978e993671c7e
deep_epoch_budget/dreamer_strict_loso_valence_eegconformer_none_epochs15_seed20260530,deep,dreamer,valence,,primary,strict_loso,primary,eegconformer,none,15.0,32.0,False,none,0.0,20260530,23,dreamer_strict_loso.csv,a144d98e55b95b20062ca7978a3ce499ae7714ce9f37b7b44e7810c13167719c,cf8a3b229f26d6be01ca8917ff3df4eeccba264398b88f2427ca39b00a7a784d,,,2517f2ff204491b528b1e453405f5cd1d9352e1c4c4a97ae69d0b4f45e390f48
deep_epoch_budget/dreamer_strict_loso_valence_eegconformer_none_epochs30_seed20260530,deep,dreamer,valence,,primary,strict_loso,primary,eegconformer,none,30.0,32.0,False,none,0.0,20260530,23,dreamer_strict_loso.csv,a144d98e55b95b20062ca7978a3ce499ae7714ce9f37b7b44e7810c13167719c,cf8a3b229f26d6be01ca8917ff3df4eeccba264398b88f2427ca39b00a7a784d,,,470469bb6753cbf118d286afc4fa84e077e11615f87ef856e4be7e26d71b1a42
deep_epoch_budget/dreamer_strict_loso_valence_eegconformer_none_epochs5_seed20260530,deep,dreamer,valence,,primary,strict_loso,primary,eegconformer,none,5.0,32.0,False,none,0.0,20260530,23,dreamer_strict_loso.csv,a144d98e55b95b20062ca7978a3ce499ae7714ce9f37b7b44e7810c13167719c,cf8a3b229f26d6be01ca8917ff3df4eeccba264398b88f2427ca39b00a7a784d,,,367e5e0221fc02db1bf26d66554aa2b55f45331996ea96ac5db17e83408a8add
deep_epoch_budget/dreamer_strict_loso_valence_tsception_none_epochs15_seed20260530,deep,dreamer,valence,,primary,strict_loso,primary,tsception,none,15.0,32.0,False,none,0.0,20260530,23,dreamer_strict_loso.csv,a144d98e55b95b20062ca7978a3ce499ae7714ce9f37b7b44e7810c13167719c,cf8a3b229f26d6be01ca8917ff3df4eeccba264398b88f2427ca39b00a7a784d,,,c02b74a7c5fb0837fc4aa887656b6c734fd6caab9d92d57359a67dd206c6ae22
deep_epoch_budget/dreamer_strict_loso_valence_tsception_none_epochs30_seed20260530,deep,dreamer,valence,,primary,strict_loso,primary,tsception,none,30.0,32.0,False,none,0.0,20260530,23,dreamer_strict_loso.csv,a144d98e55b95b20062ca7978a3ce499ae7714ce9f37b7b44e7810c13167719c,cf8a3b229f26d6be01ca8917ff3df4eeccba264398b88f2427ca39b00a7a784d,,,e23f6750e12e9503936a1d0395e83499430207c81358d73aac684b44150a35d0
deep_epoch_budget/dreamer_strict_loso_valence_tsception_none_epochs5_seed20260530,deep,dreamer,valence,,primary,strict_loso,primary,tsception,none,5.0,32.0,False,none,0.0,20260530,23,dreamer_strict_loso.csv,a144d98e55b95b20062ca7978a3ce499ae7714ce9f37b7b44e7810c13167719c,cf8a3b229f26d6be01ca8917ff3df4eeccba264398b88f2427ca39b00a7a784d,,,00d6cac8c697f41ab7d5b20840b02d8f3a366ca536b1619de4b05d9559a113ab
deep_epoch_budget/seed_iv_strict_loso_emotion_eegconformer_none_epochs15_seed20260530,deep,seed_iv,emotion,,primary,strict_loso,primary,eegconformer,none,15.0,32.0,False,none,0.0,20260530,15,seed_iv_strict_loso.csv,fb6cb81213ab5722cc4af87acd7825409b2c93022646563285bde06906a3cb87,404138dd3bd416252cdb0f6a9908a02e850c24bc540faec5566f70927835fa0d,,,37c548775918ff53a2052e7294c9acb0e420985ba1bdcc8c66aaf3aaf65e7421
deep_epoch_budget/seed_iv_strict_loso_emotion_eegconformer_none_epochs30_seed20260530,deep,seed_iv,emotion,,primary,strict_loso,primary,eegconformer,none,30.0,32.0,False,none,0.0,20260530,15,seed_iv_strict_loso.csv,fb6cb81213ab5722cc4af87acd7825409b2c93022646563285bde06906a3cb87,404138dd3bd416252cdb0f6a9908a02e850c24bc540faec5566f70927835fa0d,,,4e51a8fe180d4c40f7c3b56a6a217334e6d793951b46715fea8487e86b8a40e9
deep_epoch_budget/seed_iv_strict_loso_emotion_eegconformer_none_epochs5_seed20260530,deep,seed_iv,emotion,,primary,strict_loso,primary,eegconformer,none,5.0,32.0,False,none,0.0,20260530,15,seed_iv_strict_loso.csv,fb6cb81213ab5722cc4af87acd7825409b2c93022646563285bde06906a3cb87,404138dd3bd416252cdb0f6a9908a02e850c24bc540faec5566f70927835fa0d,,,06e9807460b8b9171d818182f1061865b4835e7a2c19e3b7782bad90c67e3e9d
deep_epoch_budget/seed_iv_strict_loso_emotion_shallow_convnet_none_epochs15_seed20260530,deep,seed_iv,emotion,,primary,strict_loso,primary,shallow_convnet,none,15.0,128.0,False,none,0.0,20260530,15,seed_iv_strict_loso.csv,fb6cb81213ab5722cc4af87acd7825409b2c93022646563285bde06906a3cb87,404138dd3bd416252cdb0f6a9908a02e850c24bc540faec5566f70927835fa0d,,,375c776ab31dd4101e2a24d66be0d92664214a03c5337aec72d05fa1a3ef3f01
deep_epoch_budget/seed_iv_strict_loso_emotion_shallow_convnet_none_epochs30_seed20260530,deep,seed_iv,emotion,,primary,strict_loso,primary,shallow_convnet,none,30.0,128.0,False,none,0.0,20260530,15,seed_iv_strict_loso.csv,fb6cb81213ab5722cc4af87acd7825409b2c93022646563285bde06906a3cb87,404138dd3bd416252cdb0f6a9908a02e850c24bc540faec5566f70927835fa0d,,,4e8849e3e0e8630f5ee8785f2db10818ef119ea3a69ca2af284853075c614bb3
deep_epoch_budget/seed_iv_strict_loso_emotion_shallow_convnet_none_epochs5_seed20260530,deep,seed_iv,emotion,,primary,strict_loso,primary,shallow_convnet,none,5.0,128.0,False,none,0.0,20260530,15,seed_iv_strict_loso.csv,fb6cb81213ab5722cc4af87acd7825409b2c93022646563285bde06906a3cb87,404138dd3bd416252cdb0f6a9908a02e850c24bc540faec5566f70927835fa0d,,,a157035bf7cddb06e7319c77ed0506125113a4c2fcaf2ddb977fdd5ea1ab4f33
deep_epoch_budget/seed_iv_strict_loso_emotion_tsception_none_epochs15_seed20260530,deep,seed_iv,emotion,,primary,strict_loso,primary,tsception,none,15.0,32.0,False,none,0.0,20260530,15,seed_iv_strict_loso.csv,fb6cb81213ab5722cc4af87acd7825409b2c93022646563285bde06906a3cb87,404138dd3bd416252cdb0f6a9908a02e850c24bc540faec5566f70927835fa0d,,,f5506401af4df06aa58f28d84df8d4d64be3e2834c8d552b101d1de841d3b03e
deep_epoch_budget/seed_iv_strict_loso_emotion_tsception_none_epochs30_seed20260530,deep,seed_iv,emotion,,primary,strict_loso,primary,tsception,none,30.0,32.0,False,none,0.0,20260530,15,seed_iv_strict_loso.csv,fb6cb81213ab5722cc4af87acd7825409b2c93022646563285bde06906a3cb87,404138dd3bd416252cdb0f6a9908a02e850c24bc540faec5566f70927835fa0d,,,06f90fc46f51efa87edc238855a4a727eb64433bda336d7178342d3d55b21059
deep_epoch_budget/seed_iv_strict_loso_emotion_tsception_none_epochs5_seed20260530,deep,seed_iv,emotion,,primary,strict_loso,primary,tsception,none,5.0,32.0,False,none,0.0,20260530,15,seed_iv_strict_loso.csv,fb6cb81213ab5722cc4af87acd7825409b2c93022646563285bde06906a3cb87,404138dd3bd416252cdb0f6a9908a02e850c24bc540faec5566f70927835fa0d,,,f36ce5969f77e9d612b4be6da1b05707380c75aae8df9fb99f3604f4cb1eaf3c
deep_loso/dreamer_strict_loso_valence_deep_convnet_none,deep,dreamer,valence,,primary,strict_loso,primary,deep_convnet,none,5.0,128.0,False,none,0.0,20260530,23,dreamer_strict_loso.csv,a144d98e55b95b20062ca7978a3ce499ae7714ce9f37b7b44e7810c13167719c,cf8a3b229f26d6be01ca8917ff3df4eeccba264398b88f2427ca39b00a7a784d,,,9f00a17812d9df9ddd9231c92e994a1b79e9585b787dc966837927b7de10e10f
deep_loso/dreamer_strict_loso_valence_eegconformer_none_seed20260530,deep,dreamer,valence,,primary,strict_loso,primary,eegconformer,none,5.0,32.0,False,none,0.0,20260530,23,dreamer_strict_loso.csv,a144d98e55b95b20062ca7978a3ce499ae7714ce9f37b7b44e7810c13167719c,cf8a3b229f26d6be01ca8917ff3df4eeccba264398b88f2427ca39b00a7a784d,,,367e5e0221fc02db1bf26d66554aa2b55f45331996ea96ac5db17e83408a8add
deep_loso/dreamer_strict_loso_valence_eegnet_none,deep,dreamer,valence,,primary,strict_loso,primary,eegnet,none,5.0,128.0,False,none,0.0,20260530,23,dreamer_strict_loso.csv,a144d98e55b95b20062ca7978a3ce499ae7714ce9f37b7b44e7810c13167719c,cf8a3b229f26d6be01ca8917ff3df4eeccba264398b88f2427ca39b00a7a784d,,,e5e23f8cfcc031c72cc402c889a37c2137b85daf47809f01b9fe46c204c58f2f
deep_loso/dreamer_strict_loso_valence_eegnet_time_shuffle,deep,dreamer,valence,,primary,strict_loso,primary,eegnet,time_shuffle,5.0,128.0,False,none,0.0,20260530,23,dreamer_strict_loso.csv,a144d98e55b95b20062ca7978a3ce499ae7714ce9f37b7b44e7810c13167719c,cf8a3b229f26d6be01ca8917ff3df4eeccba264398b88f2427ca39b00a7a784d,,,9a1f54c871ce15e6411c4d02ef8591b102e8bd0c45dc411aa63b51cf71a28e6c
deep_loso/dreamer_strict_loso_valence_shallow_convnet_none,deep,dreamer,valence,,primary,strict_loso,primary,shallow_convnet,none,5.0,128.0,False,none,0.0,20260530,23,dreamer_strict_loso.csv,a144d98e55b95b20062ca7978a3ce499ae7714ce9f37b7b44e7810c13167719c,cf8a3b229f26d6be01ca8917ff3df4eeccba264398b88f2427ca39b00a7a784d,,,08e2b2d72eefc2c78dd32dde7d1745887146ee87a810a3fb5315d3e1af2fda3a
deep_loso/dreamer_strict_loso_valence_tsception_none_seed20260530,deep,dreamer,valence,,primary,strict_loso,primary,tsception,none,5.0,32.0,False,none,0.0,20260530,23,dreamer_strict_loso.csv,a144d98e55b95b20062ca7978a3ce499ae7714ce9f37b7b44e7810c13167719c,cf8a3b229f26d6be01ca8917ff3df4eeccba264398b88f2427ca39b00a7a784d,,,00d6cac8c697f41ab7d5b20840b02d8f3a366ca536b1619de4b05d9559a113ab
deep_loso/seed_iv_strict_loso_emotion_deep_convnet_none,deep,seed_iv,emotion,,primary,strict_loso,primary,deep_convnet,none,5.0,128.0,False,none,0.0,20260530,15,seed_iv_strict_loso.csv,fb6cb81213ab5722cc4af87acd7825409b2c93022646563285bde06906a3cb87,404138dd3bd416252cdb0f6a9908a02e850c24bc540faec5566f70927835fa0d,,,d47e11a3f30202749dab39a9a3135352ee4e5afe74e041005bdc8ffe45d524e5
deep_loso/seed_iv_strict_loso_emotion_eegconformer_none_seed20260530,deep,seed_iv,emotion,,primary,strict_loso,primary,eegconformer,none,5.0,32.0,False,none,0.0,20260530,15,seed_iv_strict_loso.csv,fb6cb81213ab5722cc4af87acd7825409b2c93022646563285bde06906a3cb87,404138dd3bd416252cdb0f6a9908a02e850c24bc540faec5566f70927835fa0d,,,06e9807460b8b9171d818182f1061865b4835e7a2c19e3b7782bad90c67e3e9d
deep_loso/seed_iv_strict_loso_emotion_eegnet_none,deep,seed_iv,emotion,,primary,strict_loso,primary,eegnet,none,5.0,128.0,False,none,0.0,20260530,15,seed_iv_strict_loso.csv,fb6cb81213ab5722cc4af87acd7825409b2c93022646563285bde06906a3cb87,404138dd3bd416252cdb0f6a9908a02e850c24bc540faec5566f70927835fa0d,,,b1b3c6a4dea96cfa771350afd43f919ee7bc6b26014dc597fc3db00a19118b4f
deep_loso/seed_iv_strict_loso_emotion_shallow_convnet_none,deep,seed_iv,emotion,,primary,strict_loso,primary,shallow_convnet,none,5.0,128.0,False,none,0.0,20260530,15,seed_iv_strict_loso.csv,fb6cb81213ab5722cc4af87acd7825409b2c93022646563285bde06906a3cb87,404138dd3bd416252cdb0f6a9908a02e850c24bc540faec5566f70927835fa0d,,,a157035bf7cddb06e7319c77ed0506125113a4c2fcaf2ddb977fdd5ea1ab4f33
deep_loso/seed_iv_strict_loso_emotion_tsception_none_seed20260530,deep,seed_iv,emotion,,primary,strict_loso,primary,tsception,none,5.0,32.0,False,none,0.0,20260530,15,seed_iv_strict_loso.csv,fb6cb81213ab5722cc4af87acd7825409b2c93022646563285bde06906a3cb87,404138dd3bd416252cdb0f6a9908a02e850c24bc540faec5566f70927835fa0d,,,f36ce5969f77e9d612b4be6da1b05707380c75aae8df9fb99f3604f4cb1eaf3c
deep_loso_rerun/deap_strict_loso_arousal_deep_convnet_none_bs128_seed20260530,deep,deap,arousal,deap_arousal_gt5_tie_low_v2,primary,strict_loso,primary,deep_convnet,none,5.0,128.0,False,none,0.0,20260530,32,deap__arousal__strict_loso.csv,73c8651648a22c5018922a901548ce376200d057b1ca262c577caf016b0c9926,483c2e579313e04ab334b74e2031b987853bbdcd3a7cb8e3932061c1c3f55e79,9ce2ad6f6528ae283ac76cb117f657ebf72a13bd36b6f740a04e503ebd29aee2,49dc4ae6bc1f212c67ea138056d13cf5c554f682ddd7220756a44d3009701e04,1c0246971872e3978b9f197363ac8219da0601188da9596787e083a9816b5b66
deep_loso_rerun/deap_strict_loso_arousal_eegconformer_none_bs32_seed20260530,deep,deap,arousal,deap_arousal_gt5_tie_low_v2,primary,strict_loso,primary,eegconformer,none,5.0,32.0,False,none,0.0,20260530,32,deap__arousal__strict_loso.csv,73c8651648a22c5018922a901548ce376200d057b1ca262c577caf016b0c9926,483c2e579313e04ab334b74e2031b987853bbdcd3a7cb8e3932061c1c3f55e79,9ce2ad6f6528ae283ac76cb117f657ebf72a13bd36b6f740a04e503ebd29aee2,d73df2b13d87b3439cd138f43c8876264e33501588b789145f42efa7e7d3c146,67ba58d3baf0ec3d746697b310a8ed2a0aa33a0a0a2793fd279fc7ec971f4759
deep_loso_rerun/deap_strict_loso_arousal_eegnet_none_bs128_seed20260530,deep,deap,arousal,deap_arousal_gt5_tie_low_v2,primary,strict_loso,primary,eegnet,none,5.0,128.0,False,none,0.0,20260530,32,deap__arousal__strict_loso.csv,73c8651648a22c5018922a901548ce376200d057b1ca262c577caf016b0c9926,483c2e579313e04ab334b74e2031b987853bbdcd3a7cb8e3932061c1c3f55e79,9ce2ad6f6528ae283ac76cb117f657ebf72a13bd36b6f740a04e503ebd29aee2,6d571b5a35318418ddf626439b3e3da76fe2b497e9d56d63ea28e6c3d1d5ed83,f1ae411c992aa80d4ad83b27f3f735ecf6efe1adfe97e885055b865293901ca7
deep_loso_rerun/deap_strict_loso_arousal_shallow_convnet_none_bs128_seed20260530,deep,deap,arousal,deap_arousal_gt5_tie_low_v2,primary,strict_loso,primary,shallow_convnet,none,5.0,128.0,False,none,0.0,20260530,32,deap__arousal__strict_loso.csv,73c8651648a22c5018922a901548ce376200d057b1ca262c577caf016b0c9926,483c2e579313e04ab334b74e2031b987853bbdcd3a7cb8e3932061c1c3f55e79,9ce2ad6f6528ae283ac76cb117f657ebf72a13bd36b6f740a04e503ebd29aee2,089718c195a2ed30cf5974303b9899fd5b8524888a65dff4ec015b44d05ee50e,94d9ec235fa348cff53834b39c0899f964b277b7ee57f1f4e1693a31430bdcd5
deep_loso_rerun/deap_strict_loso_arousal_tsception_none_bs32_seed20260530,deep,deap,arousal,deap_arousal_gt5_tie_low_v2,primary,strict_loso,primary,tsception,none,5.0,32.0,False,none,0.0,20260530,32,deap__arousal__strict_loso.csv,73c8651648a22c5018922a901548ce376200d057b1ca262c577caf016b0c9926,483c2e579313e04ab334b74e2031b987853bbdcd3a7cb8e3932061c1c3f55e79,9ce2ad6f6528ae283ac76cb117f657ebf72a13bd36b6f740a04e503ebd29aee2,238f647199126fdcb3070eae211347bd5b890aa622f11f4843491ae679d09207,f79e702cca3e570bd6cdc148b463a26d3d6f9471823262cc961d5ccd681466aa
deep_loso_rerun/deap_strict_loso_valence_deep_convnet_none_bs128_seed20260530,deep,deap,valence,deap_valence_gt5_tie_low_v2,primary,strict_loso,primary,deep_convnet,none,5.0,128.0,False,none,0.0,20260530,32,deap__valence__strict_loso.csv,3c5408f02164868bf0ef7afaa7593dbad75c83601ad2b1dfbb98a031d34e42e2,483c2e579313e04ab334b74e2031b987853bbdcd3a7cb8e3932061c1c3f55e79,1cb572aae0a05dac05863b043b409587bed50d15685613a0161996522a108fd7,b945b0823bc81f12da6c620eb3762722ea286915453fed14a6c34ee7d696ccfe,eea77d2c318d1cb7777a403af9d52ef3272b7d5f1992e9ed6126be0a6ec7e555
deep_loso_rerun/deap_strict_loso_valence_eegconformer_none_bs32_seed20260530,deep,deap,valence,deap_valence_gt5_tie_low_v2,primary,strict_loso,primary,eegconformer,none,5.0,32.0,False,none,0.0,20260530,32,deap__valence__strict_loso.csv,3c5408f02164868bf0ef7afaa7593dbad75c83601ad2b1dfbb98a031d34e42e2,483c2e579313e04ab334b74e2031b987853bbdcd3a7cb8e3932061c1c3f55e79,1cb572aae0a05dac05863b043b409587bed50d15685613a0161996522a108fd7,d60a7bf946ba5d52771a47cab9e8553b56c1bc5b42c0b8150d0dfc476c84615c,5acc1937e0fb879526e9c25d3c94137ab60f91f6dd8c49a901703a6e1920b664
deep_loso_rerun/deap_strict_loso_valence_eegnet_none_bs128_seed20260530,deep,deap,valence,deap_valence_gt5_tie_low_v2,primary,strict_loso,primary,eegnet,none,5.0,128.0,False,none,0.0,20260530,32,deap__valence__strict_loso.csv,3c5408f02164868bf0ef7afaa7593dbad75c83601ad2b1dfbb98a031d34e42e2,483c2e579313e04ab334b74e2031b987853bbdcd3a7cb8e3932061c1c3f55e79,1cb572aae0a05dac05863b043b409587bed50d15685613a0161996522a108fd7,2d1d608fade01442ac3d362ec3a070b656a47b958c31e6ddf48cd516eadf598e,ffab8b5dc17d2f9b1c9d97d5bdeb6881230d5effde8ef233d94823637d0037ea
deep_loso_rerun/deap_strict_loso_valence_shallow_convnet_none_bs128_seed20260530,deep,deap,valence,deap_valence_gt5_tie_low_v2,primary,strict_loso,primary,shallow_convnet,none,5.0,128.0,False,none,0.0,20260530,32,deap__valence__strict_loso.csv,3c5408f02164868bf0ef7afaa7593dbad75c83601ad2b1dfbb98a031d34e42e2,483c2e579313e04ab334b74e2031b987853bbdcd3a7cb8e3932061c1c3f55e79,1cb572aae0a05dac05863b043b409587bed50d15685613a0161996522a108fd7,5121b9cd1e61a27a2e5fc4bc6f44425ba18f53098d8440025bc101c761ae28be,1bf382c2ccc422c98f85c83ae2557b53b6baf2112f897833af167b8974d05aae
deep_loso_rerun/deap_strict_loso_valence_tsception_none_bs32_seed20260530,deep,deap,valence,deap_valence_gt5_tie_low_v2,primary,strict_loso,primary,tsception,none,5.0,32.0,False,none,0.0,20260530,32,deap__valence__strict_loso.csv,3c5408f02164868bf0ef7afaa7593dbad75c83601ad2b1dfbb98a031d34e42e2,483c2e579313e04ab334b74e2031b987853bbdcd3a7cb8e3932061c1c3f55e79,1cb572aae0a05dac05863b043b409587bed50d15685613a0161996522a108fd7,6ec9431a861677280715036f199fbefa0d780f2379d17c69c2a6a8b3bc0bf8c4,aa09213aea694093224fa5c522e49f1fed6c1c24758fda92da9ac541446bfd98
deep_loso_rerun/dreamer_strict_loso_arousal_deep_convnet_none_bs128_seed20260530,deep,dreamer,arousal,dreamer_arousal_gt3_tie_low_v1,primary,strict_loso,primary,deep_convnet,none,5.0,128.0,False,none,0.0,20260530,23,dreamer__arousal__strict_loso.csv,acbed830788027e7f005b37bcf9c0c14ff89fa6fa42632b826d7f6512465563c,cf8a3b229f26d6be01ca8917ff3df4eeccba264398b88f2427ca39b00a7a784d,190e51ac27a21ef44e9d103cc903b5c8fc3306eedbe4519efff734d6bfb9b469,fae6b8f80a65db98ac0ec5da7441320b68fddf491c487815d3991a8c7a531fac,97503001d12e0e2aed5874da135521356e586fc9c249f11153d385d217e54321
deep_loso_rerun/dreamer_strict_loso_arousal_eegconformer_none_bs32_seed20260530,deep,dreamer,arousal,dreamer_arousal_gt3_tie_low_v1,primary,strict_loso,primary,eegconformer,none,5.0,32.0,False,none,0.0,20260530,23,dreamer__arousal__strict_loso.csv,acbed830788027e7f005b37bcf9c0c14ff89fa6fa42632b826d7f6512465563c,cf8a3b229f26d6be01ca8917ff3df4eeccba264398b88f2427ca39b00a7a784d,190e51ac27a21ef44e9d103cc903b5c8fc3306eedbe4519efff734d6bfb9b469,cac9dad9e71e617aaa20ab1c15a0209c10bacfad19e3edc0ee3b1a19bb554b9f,5e7301084612448ce33a07f1025e03eb2b1b078e22b57506c965322698d1fe1a
deep_loso_rerun/dreamer_strict_loso_arousal_eegnet_none_bs128_seed20260530,deep,dreamer,arousal,dreamer_arousal_gt3_tie_low_v1,primary,strict_loso,primary,eegnet,none,5.0,128.0,False,none,0.0,20260530,23,dreamer__arousal__strict_loso.csv,acbed830788027e7f005b37bcf9c0c14ff89fa6fa42632b826d7f6512465563c,cf8a3b229f26d6be01ca8917ff3df4eeccba264398b88f2427ca39b00a7a784d,190e51ac27a21ef44e9d103cc903b5c8fc3306eedbe4519efff734d6bfb9b469,d18a2b4c8d27eff7b9d4b05bc245e079052453bd1c90570a105fb0d2a2404d33,819cf64119993ea8472cd0b160ab24247703ad379b23b7203e42365b88d6b5d0
deep_loso_rerun/dreamer_strict_loso_arousal_shallow_convnet_none_bs128_seed20260530,deep,dreamer,arousal,dreamer_arousal_gt3_tie_low_v1,primary,strict_loso,primary,shallow_convnet,none,5.0,128.0,False,none,0.0,20260530,23,dreamer__arousal__strict_loso.csv,acbed830788027e7f005b37bcf9c0c14ff89fa6fa42632b826d7f6512465563c,cf8a3b229f26d6be01ca8917ff3df4eeccba264398b88f2427ca39b00a7a784d,190e51ac27a21ef44e9d103cc903b5c8fc3306eedbe4519efff734d6bfb9b469,d1e9be9abd925ba68ce1cc35c7b8a4ad35e8215ce0c291c98e867ae532fcf67e,5015dad8fa90e353cc79bf5c8e68f7ece5aefe1aae8dc1e7d634e9ef4732bc7a
deep_loso_rerun/dreamer_strict_loso_arousal_tsception_none_bs32_seed20260530,deep,dreamer,arousal,dreamer_arousal_gt3_tie_low_v1,primary,strict_loso,primary,tsception,none,5.0,32.0,False,none,0.0,20260530,23,dreamer__arousal__strict_loso.csv,acbed830788027e7f005b37bcf9c0c14ff89fa6fa42632b826d7f6512465563c,cf8a3b229f26d6be01ca8917ff3df4eeccba264398b88f2427ca39b00a7a784d,190e51ac27a21ef44e9d103cc903b5c8fc3306eedbe4519efff734d6bfb9b469,b1ff9d6e15b3b338bdda2ad0453a07918c59106457c8544ad27c83853dcc72ea,a6bff08d4e12ee5df4ad3649bb4d8ba8313daafcf51ae0c9316ff8595352e6ac
deep_positive_control/dreamer_strict_loso_valence_eegnet_none_bs128_seed20260530_inject_class_signal_snr_0.2_eval_train,deep,dreamer,valence,dreamer_valence_gt3_tie_low_v1,primary,strict_loso,primary,eegnet,none,5.0,128.0,False,none,0.2,20260530,23,dreamer__valence__strict_loso.csv,87e88d2b7c2776aace70bca6ad9970f80c2def226e43531e7728e071653743c8,cf8a3b229f26d6be01ca8917ff3df4eeccba264398b88f2427ca39b00a7a784d,934aa47456a8fa7f0d2c76968044b095a91bb709b64685a428b803e17238773a,932e4d1f0d3b9f6e8910d7b97f121384b7b6b64ecd975edcc9f740fca3d623d8,57f3224b30226fc2683e412734b2c72507556b3a96fabaf8286f1b1669063304
deep_positive_control/dreamer_strict_loso_valence_eegnet_none_bs128_seed20260530_inject_class_signal_snr_0.5_eval_train,deep,dreamer,valence,dreamer_valence_gt3_tie_low_v1,primary,strict_loso,primary,eegnet,none,5.0,128.0,False,none,0.5,20260530,23,dreamer__valence__strict_loso.csv,87e88d2b7c2776aace70bca6ad9970f80c2def226e43531e7728e071653743c8,cf8a3b229f26d6be01ca8917ff3df4eeccba264398b88f2427ca39b00a7a784d,934aa47456a8fa7f0d2c76968044b095a91bb709b64685a428b803e17238773a,b5bfab9512586f7c2480beff6008d40ebf2e08ebddfb737a3f10079531ed5941,a25211d4daeda1aa62ec648da5bc430e0584103e8c3af38324a0ba9f0589ad82
deep_seed_iv_seeds/seed_iv_strict_loso_emotion_shallow_convnet_none_seed20260530,deep,seed_iv,emotion,,primary,strict_loso,primary,shallow_convnet,none,5.0,128.0,False,none,0.0,20260530,15,seed_iv_strict_loso.csv,fb6cb81213ab5722cc4af87acd7825409b2c93022646563285bde06906a3cb87,404138dd3bd416252cdb0f6a9908a02e850c24bc540faec5566f70927835fa0d,,,a157035bf7cddb06e7319c77ed0506125113a4c2fcaf2ddb977fdd5ea1ab4f33
deep_seed_iv_seeds/seed_iv_strict_loso_emotion_shallow_convnet_none_seed20260531,deep,seed_iv,emotion,,primary,strict_loso,primary,shallow_convnet,none,5.0,128.0,False,none,0.0,20260531,15,seed_iv_strict_loso.csv,fb6cb81213ab5722cc4af87acd7825409b2c93022646563285bde06906a3cb87,404138dd3bd416252cdb0f6a9908a02e850c24bc540faec5566f70927835fa0d,,,a157035bf7cddb06e7319c77ed0506125113a4c2fcaf2ddb977fdd5ea1ab4f33
deep_seed_iv_seeds/seed_iv_strict_loso_emotion_shallow_convnet_none_seed20260532,deep,seed_iv,emotion,,primary,strict_loso,primary,shallow_convnet,none,5.0,128.0,False,none,0.0,20260532,15,seed_iv_strict_loso.csv,fb6cb81213ab5722cc4af87acd7825409b2c93022646563285bde06906a3cb87,404138dd3bd416252cdb0f6a9908a02e850c24bc540faec5566f70927835fa0d,,,a157035bf7cddb06e7319c77ed0506125113a4c2fcaf2ddb977fdd5ea1ab4f33
deep_seed_iv_seeds/seed_iv_strict_loso_emotion_shallow_convnet_none_seed20260533,deep,seed_iv,emotion,,primary,strict_loso,primary,shallow_convnet,none,5.0,128.0,False,none,0.0,20260533,15,seed_iv_strict_loso.csv,fb6cb81213ab5722cc4af87acd7825409b2c93022646563285bde06906a3cb87,404138dd3bd416252cdb0f6a9908a02e850c24bc540faec5566f70927835fa0d,,,a157035bf7cddb06e7319c77ed0506125113a4c2fcaf2ddb977fdd5ea1ab4f33
deep_seed_iv_seeds/seed_iv_strict_loso_emotion_shallow_convnet_none_seed20260534,deep,seed_iv,emotion,,primary,strict_loso,primary,shallow_convnet,none,5.0,128.0,False,none,0.0,20260534,15,seed_iv_strict_loso.csv,fb6cb81213ab5722cc4af87acd7825409b2c93022646563285bde06906a3cb87,404138dd3bd416252cdb0f6a9908a02e850c24bc540faec5566f70927835fa0d,,,a157035bf7cddb06e7319c77ed0506125113a4c2fcaf2ddb977fdd5ea1ab4f33
deep_seed_iv_seeds/seed_iv_strict_loso_emotion_shallow_convnet_time_shuffle_seed20260530,deep,seed_iv,emotion,,primary,strict_loso,primary,shallow_convnet,time_shuffle,5.0,128.0,False,none,0.0,20260530,15,seed_iv_strict_loso.csv,fb6cb81213ab5722cc4af87acd7825409b2c93022646563285bde06906a3cb87,404138dd3bd416252cdb0f6a9908a02e850c24bc540faec5566f70927835fa0d,,,ad2e08975e33dd633ba19da5d8426b876e13226dedfa030d16ada4adc384b57b
deep_seed_iv_seeds/seed_iv_strict_loso_emotion_shallow_convnet_time_shuffle_seed20260531,deep,seed_iv,emotion,,primary,strict_loso,primary,shallow_convnet,time_shuffle,5.0,128.0,False,none,0.0,20260531,15,seed_iv_strict_loso.csv,fb6cb81213ab5722cc4af87acd7825409b2c93022646563285bde06906a3cb87,404138dd3bd416252cdb0f6a9908a02e850c24bc540faec5566f70927835fa0d,,,ad2e08975e33dd633ba19da5d8426b876e13226dedfa030d16ada4adc384b57b
deep_seed_iv_seeds/seed_iv_strict_loso_emotion_shallow_convnet_time_shuffle_seed20260532,deep,seed_iv,emotion,,primary,strict_loso,primary,shallow_convnet,time_shuffle,5.0,128.0,False,none,0.0,20260532,15,seed_iv_strict_loso.csv,fb6cb81213ab5722cc4af87acd7825409b2c93022646563285bde06906a3cb87,404138dd3bd416252cdb0f6a9908a02e850c24bc540faec5566f70927835fa0d,,,ad2e08975e33dd633ba19da5d8426b876e13226dedfa030d16ada4adc384b57b
deep_seed_iv_seeds/seed_iv_strict_loso_emotion_shallow_convnet_time_shuffle_seed20260533,deep,seed_iv,emotion,,primary,strict_loso,primary,shallow_convnet,time_shuffle,5.0,128.0,False,none,0.0,20260533,15,seed_iv_strict_loso.csv,fb6cb81213ab5722cc4af87acd7825409b2c93022646563285bde06906a3cb87,404138dd3bd416252cdb0f6a9908a02e850c24bc540faec5566f70927835fa0d,,,ad2e08975e33dd633ba19da5d8426b876e13226dedfa030d16ada4adc384b57b
deep_seed_iv_seeds/seed_iv_strict_loso_emotion_shallow_convnet_time_shuffle_seed20260534,deep,seed_iv,emotion,,primary,strict_loso,primary,shallow_convnet,time_shuffle,5.0,128.0,False,none,0.0,20260534,15,seed_iv_strict_loso.csv,fb6cb81213ab5722cc4af87acd7825409b2c93022646563285bde06906a3cb87,404138dd3bd416252cdb0f6a9908a02e850c24bc540faec5566f70927835fa0d,,,ad2e08975e33dd633ba19da5d8426b876e13226dedfa030d16ada4adc384b57b
deep_signal_transforms/dreamer_strict_loso_valence_eegnet_phase_random_bs128_seed20260530,deep,dreamer,valence,dreamer_valence_gt3_tie_low_v1,primary,strict_loso,primary,eegnet,phase_random,5.0,128.0,False,none,0.0,20260530,23,dreamer__valence__strict_loso.csv,87e88d2b7c2776aace70bca6ad9970f80c2def226e43531e7728e071653743c8,cf8a3b229f26d6be01ca8917ff3df4eeccba264398b88f2427ca39b00a7a784d,934aa47456a8fa7f0d2c76968044b095a91bb709b64685a428b803e17238773a,c950c8a09e008f79b3aca6453ff0b5f07b917f853965492cfda18f7fe0c1378c,c939fde7f9eac91e6fa6a6b0728cffa751d87e686cdfabfb42db669b2537be49
deep_signal_transforms/dreamer_strict_loso_valence_eegnet_time_reverse_bs128_seed20260530,deep,dreamer,valence,dreamer_valence_gt3_tie_low_v1,primary,strict_loso,primary,eegnet,time_reverse,5.0,128.0,False,none,0.0,20260530,23,dreamer__valence__strict_loso.csv,87e88d2b7c2776aace70bca6ad9970f80c2def226e43531e7728e071653743c8,cf8a3b229f26d6be01ca8917ff3df4eeccba264398b88f2427ca39b00a7a784d,934aa47456a8fa7f0d2c76968044b095a91bb709b64685a428b803e17238773a,a11b7e31b9fb39340174c0dd16bbee3d3647abcbe84d3bd7dd57c39438693dfc,1239d40e67c6186640a8fdf20ecc23c690447d72c0aa57df03fa1fec87a2c5bc
deep_signal_transforms/seed_iv_strict_loso_emotion_shallow_convnet_phase_random_bs128_seed20260530,deep,seed_iv,emotion,seed_iv_emotion_codes_v1,primary,strict_loso,primary,shallow_convnet,phase_random,5.0,128.0,False,none,0.0,20260530,15,seed_iv__emotion__strict_loso.csv,eb2bb080b7b96d6347863b0e12ecccc1029784eb1688e9822ff03a82e7deb332,404138dd3bd416252cdb0f6a9908a02e850c24bc540faec5566f70927835fa0d,ab8de2bc1e80c91c58430a2684e5ffdef73b575146fe217ee9b0f1f3d1765222,8b5f0a6b163f3992efe0039c335530b7dd3fd987211396e2bc7b6d949682afba,feed155da0affdc73c4d3e9f71838418f5640ff334acc98591af4f2160d89fee
deep_signal_transforms/seed_iv_strict_loso_emotion_shallow_convnet_phase_random_bs128_seed20260531,deep,seed_iv,emotion,seed_iv_emotion_codes_v1,primary,strict_loso,primary,shallow_convnet,phase_random,5.0,128.0,False,none,0.0,20260531,15,seed_iv__emotion__strict_loso.csv,eb2bb080b7b96d6347863b0e12ecccc1029784eb1688e9822ff03a82e7deb332,404138dd3bd416252cdb0f6a9908a02e850c24bc540faec5566f70927835fa0d,ab8de2bc1e80c91c58430a2684e5ffdef73b575146fe217ee9b0f1f3d1765222,d9ee387d2e95f2212cbf5c88d79f8f9b85422cf168cc053ef066e4e7e98c826c,feed155da0affdc73c4d3e9f71838418f5640ff334acc98591af4f2160d89fee
deep_signal_transforms/seed_iv_strict_loso_emotion_shallow_convnet_phase_random_bs128_seed20260532,deep,seed_iv,emotion,seed_iv_emotion_codes_v1,primary,strict_loso,primary,shallow_convnet,phase_random,5.0,128.0,False,none,0.0,20260532,15,seed_iv__emotion__strict_loso.csv,eb2bb080b7b96d6347863b0e12ecccc1029784eb1688e9822ff03a82e7deb332,404138dd3bd416252cdb0f6a9908a02e850c24bc540faec5566f70927835fa0d,ab8de2bc1e80c91c58430a2684e5ffdef73b575146fe217ee9b0f1f3d1765222,feb8a081d6791eb6c0a0667289b27321a6e28a7ddaa8c9cacccad12fbe3ea3f2,feed155da0affdc73c4d3e9f71838418f5640ff334acc98591af4f2160d89fee
deep_signal_transforms/seed_iv_strict_loso_emotion_shallow_convnet_phase_random_bs128_seed20260533,deep,seed_iv,emotion,seed_iv_emotion_codes_v1,primary,strict_loso,primary,shallow_convnet,phase_random,5.0,128.0,False,none,0.0,20260533,15,seed_iv__emotion__strict_loso.csv,eb2bb080b7b96d6347863b0e12ecccc1029784eb1688e9822ff03a82e7deb332,404138dd3bd416252cdb0f6a9908a02e850c24bc540faec5566f70927835fa0d,ab8de2bc1e80c91c58430a2684e5ffdef73b575146fe217ee9b0f1f3d1765222,7434a218ab54e151e7af42a88531356d80a1834b7ec77219196385b5e42b1781,feed155da0affdc73c4d3e9f71838418f5640ff334acc98591af4f2160d89fee
deep_signal_transforms/seed_iv_strict_loso_emotion_shallow_convnet_phase_random_bs128_seed20260534,deep,seed_iv,emotion,seed_iv_emotion_codes_v1,primary,strict_loso,primary,shallow_convnet,phase_random,5.0,128.0,False,none,0.0,20260534,15,seed_iv__emotion__strict_loso.csv,eb2bb080b7b96d6347863b0e12ecccc1029784eb1688e9822ff03a82e7deb332,404138dd3bd416252cdb0f6a9908a02e850c24bc540faec5566f70927835fa0d,ab8de2bc1e80c91c58430a2684e5ffdef73b575146fe217ee9b0f1f3d1765222,71c6f16d69eddd44c467136e161755db3355b508e5a38449fe7ee6ca9a106356,feed155da0affdc73c4d3e9f71838418f5640ff334acc98591af4f2160d89fee
deep_signal_transforms/seed_iv_strict_loso_emotion_shallow_convnet_time_reverse_bs128_seed20260530,deep,seed_iv,emotion,seed_iv_emotion_codes_v1,primary,strict_loso,primary,shallow_convnet,time_reverse,5.0,128.0,False,none,0.0,20260530,15,seed_iv__emotion__strict_loso.csv,eb2bb080b7b96d6347863b0e12ecccc1029784eb1688e9822ff03a82e7deb332,404138dd3bd416252cdb0f6a9908a02e850c24bc540faec5566f70927835fa0d,ab8de2bc1e80c91c58430a2684e5ffdef73b575146fe217ee9b0f1f3d1765222,ae613625a89cec42ad58d1dafc1c3dce790cd081cea29f41e1647397b34c74ed,dbf8c306f553251ddf3425d403a24f2422e12983afb0aff9d12b0ee9d1721cd6
deep_signal_transforms/seed_iv_strict_loso_emotion_shallow_convnet_time_reverse_bs128_seed20260531,deep,seed_iv,emotion,seed_iv_emotion_codes_v1,primary,strict_loso,primary,shallow_convnet,time_reverse,5.0,128.0,False,none,0.0,20260531,15,seed_iv__emotion__strict_loso.csv,eb2bb080b7b96d6347863b0e12ecccc1029784eb1688e9822ff03a82e7deb332,404138dd3bd416252cdb0f6a9908a02e850c24bc540faec5566f70927835fa0d,ab8de2bc1e80c91c58430a2684e5ffdef73b575146fe217ee9b0f1f3d1765222,b54d82211953823024804c72319f3fa8e771a9ff80aeefbbfd66fe8e6a6b7174,dbf8c306f553251ddf3425d403a24f2422e12983afb0aff9d12b0ee9d1721cd6
deep_signal_transforms/seed_iv_strict_loso_emotion_shallow_convnet_time_reverse_bs128_seed20260532,deep,seed_iv,emotion,seed_iv_emotion_codes_v1,primary,strict_loso,primary,shallow_convnet,time_reverse,5.0,128.0,False,none,0.0,20260532,15,seed_iv__emotion__strict_loso.csv,eb2bb080b7b96d6347863b0e12ecccc1029784eb1688e9822ff03a82e7deb332,404138dd3bd416252cdb0f6a9908a02e850c24bc540faec5566f70927835fa0d,ab8de2bc1e80c91c58430a2684e5ffdef73b575146fe217ee9b0f1f3d1765222,f9f5fdc6f325994f6e13adeaf8e6f593231fedaee21539f781d41665d93f5fa9,dbf8c306f553251ddf3425d403a24f2422e12983afb0aff9d12b0ee9d1721cd6
deep_signal_transforms/seed_iv_strict_loso_emotion_shallow_convnet_time_reverse_bs128_seed20260533,deep,seed_iv,emotion,seed_iv_emotion_codes_v1,primary,strict_loso,primary,shallow_convnet,time_reverse,5.0,128.0,False,none,0.0,20260533,15,seed_iv__emotion__strict_loso.csv,eb2bb080b7b96d6347863b0e12ecccc1029784eb1688e9822ff03a82e7deb332,404138dd3bd416252cdb0f6a9908a02e850c24bc540faec5566f70927835fa0d,ab8de2bc1e80c91c58430a2684e5ffdef73b575146fe217ee9b0f1f3d1765222,8e72d4021374fdbcbb328aeeb1dfa5b52906eab0ba57a37f6b4ce92dfb973956,dbf8c306f553251ddf3425d403a24f2422e12983afb0aff9d12b0ee9d1721cd6
deep_signal_transforms/seed_iv_strict_loso_emotion_shallow_convnet_time_reverse_bs128_seed20260534,deep,seed_iv,emotion,seed_iv_emotion_codes_v1,primary,strict_loso,primary,shallow_convnet,time_reverse,5.0,128.0,False,none,0.0,20260534,15,seed_iv__emotion__strict_loso.csv,eb2bb080b7b96d6347863b0e12ecccc1029784eb1688e9822ff03a82e7deb332,404138dd3bd416252cdb0f6a9908a02e850c24bc540faec5566f70927835fa0d,ab8de2bc1e80c91c58430a2684e5ffdef73b575146fe217ee9b0f1f3d1765222,e682eb092c4323b0ceab0489afcc4ba6583fc0f769e29304ac63ab7c94926b78,dbf8c306f553251ddf3425d403a24f2422e12983afb0aff9d12b0ee9d1721cd6
deep_stimulus_holdout/dreamer_loso_stimulus_heldout_arousal_eegnet_none_bs128_seed20260530,deep,dreamer,arousal,dreamer_arousal_gt3_tie_low_v1,primary,loso_stimulus_heldout,primary,eegnet,none,5.0,128.0,False,none,0.0,20260530,23,dreamer__arousal__loso_stimulus_heldout.csv,b90b16fa0bd7db59e8a5199ded98f9c7ef5c8ebd20d5b0007e03350221f96557,84472ae6186154c210e2dd628c38b09e4a1e41afda234aa43cc08352ecbf51e0,190e51ac27a21ef44e9d103cc903b5c8fc3306eedbe4519efff734d6bfb9b469,63376556a684bfc1bdb5913b84bbbdfb8493d923d3f4052759f7e144f5dcc6a5,984f448a887f24bf50699db393a47d9a979f05f13efd5cec04b996aa34f14cd3
deep_stimulus_holdout/dreamer_loso_stimulus_heldout_valence_eegnet_none_bs128_seed20260530,deep,dreamer,valence,dreamer_valence_gt3_tie_low_v1,primary,loso_stimulus_heldout,primary,eegnet,none,5.0,128.0,False,none,0.0,20260530,22,dreamer__valence__loso_stimulus_heldout.csv,d6ad666482c00d8d3f3855a5005fcdbd4cee7d23ec202d49f0a01eb510230e9f,84472ae6186154c210e2dd628c38b09e4a1e41afda234aa43cc08352ecbf51e0,934aa47456a8fa7f0d2c76968044b095a91bb709b64685a428b803e17238773a,0136e2267683143fb50603992b832775a443be88a543d096c61892ddb1697e7a,ae7c3418ed60d39745aba12366ed4592c26d2423595872fa8465c435806e0266
deep_stimulus_holdout/dreamer_loso_stimulus_heldout_valence_eegnet_none_bs128_seed20260531,deep,dreamer,valence,dreamer_valence_gt3_tie_low_v1,primary,loso_stimulus_heldout,primary,eegnet,none,5.0,128.0,False,none,0.0,20260531,22,dreamer__valence__loso_stimulus_heldout.csv,d6ad666482c00d8d3f3855a5005fcdbd4cee7d23ec202d49f0a01eb510230e9f,84472ae6186154c210e2dd628c38b09e4a1e41afda234aa43cc08352ecbf51e0,934aa47456a8fa7f0d2c76968044b095a91bb709b64685a428b803e17238773a,6defa08526552336a468442a3acf5ea3a2c15cfd778b6fd03d20445b22f9e54e,ae7c3418ed60d39745aba12366ed4592c26d2423595872fa8465c435806e0266
deep_stimulus_holdout/dreamer_loso_stimulus_heldout_valence_eegnet_none_bs128_seed20260532,deep,dreamer,valence,dreamer_valence_gt3_tie_low_v1,primary,loso_stimulus_heldout,primary,eegnet,none,5.0,128.0,False,none,0.0,20260532,22,dreamer__valence__loso_stimulus_heldout.csv,d6ad666482c00d8d3f3855a5005fcdbd4cee7d23ec202d49f0a01eb510230e9f,84472ae6186154c210e2dd628c38b09e4a1e41afda234aa43cc08352ecbf51e0,934aa47456a8fa7f0d2c76968044b095a91bb709b64685a428b803e17238773a,e777eee1e819e947eeeb7d3c1d57d6736f15d2e5032b35ec1c395851f4c46767,ae7c3418ed60d39745aba12366ed4592c26d2423595872fa8465c435806e0266
deep_stimulus_holdout/dreamer_loso_stimulus_heldout_valence_shallow_convnet_none_bs128_seed20260530,deep,dreamer,valence,dreamer_valence_gt3_tie_low_v1,primary,loso_stimulus_heldout,primary,shallow_convnet,none,5.0,128.0,False,none,0.0,20260530,22,dreamer__valence__loso_stimulus_heldout.csv,d6ad666482c00d8d3f3855a5005fcdbd4cee7d23ec202d49f0a01eb510230e9f,84472ae6186154c210e2dd628c38b09e4a1e41afda234aa43cc08352ecbf51e0,934aa47456a8fa7f0d2c76968044b095a91bb709b64685a428b803e17238773a,7881ac3d534290998c40f03b3a147524d1b1d5b1a9b6d554504728534c51c312,77173b8281d3294e7426216100f7e38b1b8b06a5fd664c5f34c7bceff7e98175
deep_stimulus_holdout/dreamer_loso_stimulus_heldout_valence_shallow_convnet_none_bs128_seed20260531,deep,dreamer,valence,dreamer_valence_gt3_tie_low_v1,primary,loso_stimulus_heldout,primary,shallow_convnet,none,5.0,128.0,False,none,0.0,20260531,22,dreamer__valence__loso_stimulus_heldout.csv,d6ad666482c00d8d3f3855a5005fcdbd4cee7d23ec202d49f0a01eb510230e9f,84472ae6186154c210e2dd628c38b09e4a1e41afda234aa43cc08352ecbf51e0,934aa47456a8fa7f0d2c76968044b095a91bb709b64685a428b803e17238773a,edc96844839808597f7e89afc00b58cf6e4acad1408e746614d2c965e35bf27b,77173b8281d3294e7426216100f7e38b1b8b06a5fd664c5f34c7bceff7e98175
deep_stimulus_holdout/dreamer_loso_stimulus_heldout_valence_shallow_convnet_none_bs128_seed20260532,deep,dreamer,valence,dreamer_valence_gt3_tie_low_v1,primary,loso_stimulus_heldout,primary,shallow_convnet,none,5.0,128.0,False,none,0.0,20260532,22,dreamer__valence__loso_stimulus_heldout.csv,d6ad666482c00d8d3f3855a5005fcdbd4cee7d23ec202d49f0a01eb510230e9f,84472ae6186154c210e2dd628c38b09e4a1e41afda234aa43cc08352ecbf51e0,934aa47456a8fa7f0d2c76968044b095a91bb709b64685a428b803e17238773a,969cf72224a00d784e8200b25855d67315633432a7510b721355e28eb67336b3,77173b8281d3294e7426216100f7e38b1b8b06a5fd664c5f34c7bceff7e98175
deep_stimulus_holdout/dreamer_loso_stimulus_seen_arousal_eegnet_none_bs128_seed20260530,deep,dreamer,arousal,dreamer_arousal_gt3_tie_low_v1,primary,loso_stimulus_seen,primary,eegnet,none,5.0,128.0,False,none,0.0,20260530,23,dreamer__arousal__loso_stimulus_seen.csv,a03bbf4bc86c77521bc0f8be2760b1da52f9a63eb832831fb16bbaa2ad5ec1d2,14f429ef25c1d2023a185d18c0257b1967da33f3ae19695234ca8f39170597b5,190e51ac27a21ef44e9d103cc903b5c8fc3306eedbe4519efff734d6bfb9b469,c529b421ea5823e7d5dce20114b7aae883b80b49a25d3a76edad66a54622e594,ad0bc3cc401e1c86fd589a57fa0b456f42dd1cbe8ee529463e8c0c78054ee2a7
deep_stimulus_holdout/dreamer_loso_stimulus_seen_valence_eegnet_none_bs128_seed20260530,deep,dreamer,valence,dreamer_valence_gt3_tie_low_v1,primary,loso_stimulus_seen,primary,eegnet,none,5.0,128.0,False,none,0.0,20260530,22,dreamer__valence__loso_stimulus_seen.csv,b815d5bb31957551b1937df91d5fa528797e4329d336043bec142705e77cfcab,14f429ef25c1d2023a185d18c0257b1967da33f3ae19695234ca8f39170597b5,934aa47456a8fa7f0d2c76968044b095a91bb709b64685a428b803e17238773a,367cb05565eb759f954de0b85d62592a4b0a1618df8c8cd01a22ba85210eddf5,4894e5e4471de098c673a63ccdec279667abaf127a21be4a52ddcf102acc8626
deep_stimulus_holdout/dreamer_loso_stimulus_seen_valence_eegnet_none_bs128_seed20260531,deep,dreamer,valence,dreamer_valence_gt3_tie_low_v1,primary,loso_stimulus_seen,primary,eegnet,none,5.0,128.0,False,none,0.0,20260531,22,dreamer__valence__loso_stimulus_seen.csv,b815d5bb31957551b1937df91d5fa528797e4329d336043bec142705e77cfcab,14f429ef25c1d2023a185d18c0257b1967da33f3ae19695234ca8f39170597b5,934aa47456a8fa7f0d2c76968044b095a91bb709b64685a428b803e17238773a,f984e4e40c844c0ab35441b4d7dc652ded15aab644f3d1e671083550d9f25d5f,4894e5e4471de098c673a63ccdec279667abaf127a21be4a52ddcf102acc8626
deep_stimulus_holdout/dreamer_loso_stimulus_seen_valence_eegnet_none_bs128_seed20260532,deep,dreamer,valence,dreamer_valence_gt3_tie_low_v1,primary,loso_stimulus_seen,primary,eegnet,none,5.0,128.0,False,none,0.0,20260532,22,dreamer__valence__loso_stimulus_seen.csv,b815d5bb31957551b1937df91d5fa528797e4329d336043bec142705e77cfcab,14f429ef25c1d2023a185d18c0257b1967da33f3ae19695234ca8f39170597b5,934aa47456a8fa7f0d2c76968044b095a91bb709b64685a428b803e17238773a,6bece27211b9f9e45cc00db30f29863f2ef984295ea5b4c64ce78f4db92c2f8f,4894e5e4471de098c673a63ccdec279667abaf127a21be4a52ddcf102acc8626
deep_stimulus_holdout/dreamer_loso_stimulus_seen_valence_shallow_convnet_none_bs128_seed20260530,deep,dreamer,valence,dreamer_valence_gt3_tie_low_v1,primary,loso_stimulus_seen,primary,shallow_convnet,none,5.0,128.0,False,none,0.0,20260530,22,dreamer__valence__loso_stimulus_seen.csv,b815d5bb31957551b1937df91d5fa528797e4329d336043bec142705e77cfcab,14f429ef25c1d2023a185d18c0257b1967da33f3ae19695234ca8f39170597b5,934aa47456a8fa7f0d2c76968044b095a91bb709b64685a428b803e17238773a,f74e76eaf18f9aa82e1da133d34958eaafffed6ac04f8a588fe250abe540f3ad,4d3f95b79887ef25eccf4c14f0e36e9bfcc6bef9d00811ddf9f12a89621d2e01
deep_stimulus_holdout/dreamer_loso_stimulus_seen_valence_shallow_convnet_none_bs128_seed20260531,deep,dreamer,valence,dreamer_valence_gt3_tie_low_v1,primary,loso_stimulus_seen,primary,shallow_convnet,none,5.0,128.0,False,none,0.0,20260531,22,dreamer__valence__loso_stimulus_seen.csv,b815d5bb31957551b1937df91d5fa528797e4329d336043bec142705e77cfcab,14f429ef25c1d2023a185d18c0257b1967da33f3ae19695234ca8f39170597b5,934aa47456a8fa7f0d2c76968044b095a91bb709b64685a428b803e17238773a,14e71f31d2c18010bca19b3263f80f226d46fd64a41360ec85f8efbb7fe198fd,4d3f95b79887ef25eccf4c14f0e36e9bfcc6bef9d00811ddf9f12a89621d2e01
deep_stimulus_holdout/dreamer_loso_stimulus_seen_valence_shallow_convnet_none_bs128_seed20260532,deep,dreamer,valence,dreamer_valence_gt3_tie_low_v1,primary,loso_stimulus_seen,primary,shallow_convnet,none,5.0,128.0,False,none,0.0,20260532,22,dreamer__valence__loso_stimulus_seen.csv,b815d5bb31957551b1937df91d5fa528797e4329d336043bec142705e77cfcab,14f429ef25c1d2023a185d18c0257b1967da33f3ae19695234ca8f39170597b5,934aa47456a8fa7f0d2c76968044b095a91bb709b64685a428b803e17238773a,76a35634f7f1f98b62bad78f83d54dd345b47a7577b82454fc1a5c3f5744ec5d,4d3f95b79887ef25eccf4c14f0e36e9bfcc6bef9d00811ddf9f12a89621d2e01
deep_stimulus_holdout/seed_iv_loso_stimulus_heldout_emotion_eegnet_none_bs128_seed20260530,deep,seed_iv,emotion,seed_iv_emotion_codes_v1,primary,loso_stimulus_heldout,primary,eegnet,none,5.0,128.0,False,none,0.0,20260530,15,seed_iv__emotion__loso_stimulus_heldout.csv,4c570214495ffe41c3a5e2f3c9ff07c769b6cc2e9202ba5163fcc711484f7e8c,1fd1379b2bb43bb5668eb5842006dfaa43c34778dbd7834ec9914f52033d30ea,ab8de2bc1e80c91c58430a2684e5ffdef73b575146fe217ee9b0f1f3d1765222,ea876448e62c792afbf18eaa353754746c60bb6eee5415776407e8a0353805e1,fa79f5da41a79c549df705d53d9b4f0349b6dbba73ac5ba7f41a612661748d33
deep_stimulus_holdout/seed_iv_loso_stimulus_heldout_emotion_eegnet_none_bs128_seed20260531,deep,seed_iv,emotion,seed_iv_emotion_codes_v1,primary,loso_stimulus_heldout,primary,eegnet,none,5.0,128.0,False,none,0.0,20260531,15,seed_iv__emotion__loso_stimulus_heldout.csv,4c570214495ffe41c3a5e2f3c9ff07c769b6cc2e9202ba5163fcc711484f7e8c,1fd1379b2bb43bb5668eb5842006dfaa43c34778dbd7834ec9914f52033d30ea,ab8de2bc1e80c91c58430a2684e5ffdef73b575146fe217ee9b0f1f3d1765222,e54ac40b5f59ef3977eceb97fe922eb9545a400b322135cbf13515619fef5876,fa79f5da41a79c549df705d53d9b4f0349b6dbba73ac5ba7f41a612661748d33
deep_stimulus_holdout/seed_iv_loso_stimulus_heldout_emotion_eegnet_none_bs128_seed20260532,deep,seed_iv,emotion,seed_iv_emotion_codes_v1,primary,loso_stimulus_heldout,primary,eegnet,none,5.0,128.0,False,none,0.0,20260532,15,seed_iv__emotion__loso_stimulus_heldout.csv,4c570214495ffe41c3a5e2f3c9ff07c769b6cc2e9202ba5163fcc711484f7e8c,1fd1379b2bb43bb5668eb5842006dfaa43c34778dbd7834ec9914f52033d30ea,ab8de2bc1e80c91c58430a2684e5ffdef73b575146fe217ee9b0f1f3d1765222,bfcb5a5224cab22e38790fc0c8b759282c14675af33da53663c6b62adb918ef4,fa79f5da41a79c549df705d53d9b4f0349b6dbba73ac5ba7f41a612661748d33
deep_stimulus_holdout/seed_iv_loso_stimulus_heldout_emotion_shallow_convnet_none_bs128_seed20260530,deep,seed_iv,emotion,seed_iv_emotion_codes_v1,primary,loso_stimulus_heldout,primary,shallow_convnet,none,5.0,128.0,False,none,0.0,20260530,15,seed_iv__emotion__loso_stimulus_heldout.csv,4c570214495ffe41c3a5e2f3c9ff07c769b6cc2e9202ba5163fcc711484f7e8c,1fd1379b2bb43bb5668eb5842006dfaa43c34778dbd7834ec9914f52033d30ea,ab8de2bc1e80c91c58430a2684e5ffdef73b575146fe217ee9b0f1f3d1765222,dc5a139c8e5735d911329364a10ee3e236d5920792a9172e1e29dcb82aa03b0b,6ef7d9c8aa62eb2031d6a9fefa5062b172882a23880f76069d35a289687b593f
deep_stimulus_holdout/seed_iv_loso_stimulus_heldout_emotion_shallow_convnet_none_bs128_seed20260531,deep,seed_iv,emotion,seed_iv_emotion_codes_v1,primary,loso_stimulus_heldout,primary,shallow_convnet,none,5.0,128.0,False,none,0.0,20260531,15,seed_iv__emotion__loso_stimulus_heldout.csv,4c570214495ffe41c3a5e2f3c9ff07c769b6cc2e9202ba5163fcc711484f7e8c,1fd1379b2bb43bb5668eb5842006dfaa43c34778dbd7834ec9914f52033d30ea,ab8de2bc1e80c91c58430a2684e5ffdef73b575146fe217ee9b0f1f3d1765222,4f506c9a570a5a22056980e1ddd3acf1e64eac4ba4cd5e201e930d6cf403ea9a,6ef7d9c8aa62eb2031d6a9fefa5062b172882a23880f76069d35a289687b593f
deep_stimulus_holdout/seed_iv_loso_stimulus_heldout_emotion_shallow_convnet_none_bs128_seed20260532,deep,seed_iv,emotion,seed_iv_emotion_codes_v1,primary,loso_stimulus_heldout,primary,shallow_convnet,none,5.0,128.0,False,none,0.0,20260532,15,seed_iv__emotion__loso_stimulus_heldout.csv,4c570214495ffe41c3a5e2f3c9ff07c769b6cc2e9202ba5163fcc711484f7e8c,1fd1379b2bb43bb5668eb5842006dfaa43c34778dbd7834ec9914f52033d30ea,ab8de2bc1e80c91c58430a2684e5ffdef73b575146fe217ee9b0f1f3d1765222,d86a3ed3738e07fe75f4381ce8929550ed63622a52d477d17025feb586f7cf38,6ef7d9c8aa62eb2031d6a9fefa5062b172882a23880f76069d35a289687b593f
deep_stimulus_holdout/seed_iv_loso_stimulus_seen_emotion_eegnet_none_bs128_seed20260530,deep,seed_iv,emotion,seed_iv_emotion_codes_v1,primary,loso_stimulus_seen,primary,eegnet,none,5.0,128.0,False,none,0.0,20260530,15,seed_iv__emotion__loso_stimulus_seen.csv,cf63f42cac73056d0faa6192313b32dc38173e4f2d6bdeb215ead83683bfc83f,df19b6261fa2b66ed94f5a97001060788817eb859dffa51973019adc3b52a6a0,ab8de2bc1e80c91c58430a2684e5ffdef73b575146fe217ee9b0f1f3d1765222,bc3738cd33ea4a79c114761fcfb2ac1c8a326f05d15e640c15a542c4e5c90241,8fffe87622490f00abe20fde9751f9f3f7fe61901eb75a376e54a83a4c1b24bc
deep_stimulus_holdout/seed_iv_loso_stimulus_seen_emotion_eegnet_none_bs128_seed20260531,deep,seed_iv,emotion,seed_iv_emotion_codes_v1,primary,loso_stimulus_seen,primary,eegnet,none,5.0,128.0,False,none,0.0,20260531,15,seed_iv__emotion__loso_stimulus_seen.csv,cf63f42cac73056d0faa6192313b32dc38173e4f2d6bdeb215ead83683bfc83f,df19b6261fa2b66ed94f5a97001060788817eb859dffa51973019adc3b52a6a0,ab8de2bc1e80c91c58430a2684e5ffdef73b575146fe217ee9b0f1f3d1765222,0f793b83f7d549493bc488baa0b52e8a8cf28909e31adf5ed488490d976582fb,8fffe87622490f00abe20fde9751f9f3f7fe61901eb75a376e54a83a4c1b24bc
deep_stimulus_holdout/seed_iv_loso_stimulus_seen_emotion_eegnet_none_bs128_seed20260532,deep,seed_iv,emotion,seed_iv_emotion_codes_v1,primary,loso_stimulus_seen,primary,eegnet,none,5.0,128.0,False,none,0.0,20260532,15,seed_iv__emotion__loso_stimulus_seen.csv,cf63f42cac73056d0faa6192313b32dc38173e4f2d6bdeb215ead83683bfc83f,df19b6261fa2b66ed94f5a97001060788817eb859dffa51973019adc3b52a6a0,ab8de2bc1e80c91c58430a2684e5ffdef73b575146fe217ee9b0f1f3d1765222,353f0e69500e17e85b88548acd14c1f3920ed7032a5e8534834aab0cbe9037c8,8fffe87622490f00abe20fde9751f9f3f7fe61901eb75a376e54a83a4c1b24bc
deep_stimulus_holdout/seed_iv_loso_stimulus_seen_emotion_shallow_convnet_none_bs128_seed20260530,deep,seed_iv,emotion,seed_iv_emotion_codes_v1,primary,loso_stimulus_seen,primary,shallow_convnet,none,5.0,128.0,False,none,0.0,20260530,15,seed_iv__emotion__loso_stimulus_seen.csv,cf63f42cac73056d0faa6192313b32dc38173e4f2d6bdeb215ead83683bfc83f,df19b6261fa2b66ed94f5a97001060788817eb859dffa51973019adc3b52a6a0,ab8de2bc1e80c91c58430a2684e5ffdef73b575146fe217ee9b0f1f3d1765222,43b4691fc62b3791efd65bcb0db4cc08b4f2c487de499f7a2dc3fefd517187dd,7fbe9a8754e8f7fcc79af92464877c5237c07ba88793c245b56a91ed350ee3df
deep_stimulus_holdout/seed_iv_loso_stimulus_seen_emotion_shallow_convnet_none_bs128_seed20260531,deep,seed_iv,emotion,seed_iv_emotion_codes_v1,primary,loso_stimulus_seen,primary,shallow_convnet,none,5.0,128.0,False,none,0.0,20260531,15,seed_iv__emotion__loso_stimulus_seen.csv,cf63f42cac73056d0faa6192313b32dc38173e4f2d6bdeb215ead83683bfc83f,df19b6261fa2b66ed94f5a97001060788817eb859dffa51973019adc3b52a6a0,ab8de2bc1e80c91c58430a2684e5ffdef73b575146fe217ee9b0f1f3d1765222,c6f0718b29c2514a0da1908f2750e9a955e7d9edb2e085e322417ec1d3481cfa,7fbe9a8754e8f7fcc79af92464877c5237c07ba88793c245b56a91ed350ee3df
deep_stimulus_holdout/seed_iv_loso_stimulus_seen_emotion_shallow_convnet_none_bs128_seed20260532,deep,seed_iv,emotion,seed_iv_emotion_codes_v1,primary,loso_stimulus_seen,primary,shallow_convnet,none,5.0,128.0,False,none,0.0,20260532,15,seed_iv__emotion__loso_stimulus_seen.csv,cf63f42cac73056d0faa6192313b32dc38173e4f2d6bdeb215ead83683bfc83f,df19b6261fa2b66ed94f5a97001060788817eb859dffa51973019adc3b52a6a0,ab8de2bc1e80c91c58430a2684e5ffdef73b575146fe217ee9b0f1f3d1765222,6230b9c96d6f91d3a059872b4ae07c58e260855131bc98528e73c91c259d2035,7fbe9a8754e8f7fcc79af92464877c5237c07ba88793c245b56a91ed350ee3df
deep_stimulus_holdout_matched/dreamer_loso_stimulus_heldout_arousal_eegnet_none_bs128_seed20260530,deep,dreamer,arousal,dreamer_arousal_gt3_tie_low_v1,primary,loso_stimulus_heldout,class_window_matched,eegnet,none,5.0,128.0,False,none,0.0,20260530,23,dreamer__arousal__loso_stimulus_heldout.csv,387dbf9042dca28b02129d8457bc68acc20e60cccaa19a0e1e73a3f81461fa67,612c6982f3b628791bdf1178cefc26f14b20c4136d8ecfdb4379f9fefd04b4d7,190e51ac27a21ef44e9d103cc903b5c8fc3306eedbe4519efff734d6bfb9b469,c5844341eb1f319d97db71e39b5d8cbe716e9b86ad9fcad1030f819723030cbd,ada4607b76e2fceb4cc4694cc8d926ae78013e2bf27c55b6a05f862c5be71c71
deep_stimulus_holdout_matched/dreamer_loso_stimulus_heldout_valence_eegnet_none_bs128_seed20260530,deep,dreamer,valence,dreamer_valence_gt3_tie_low_v1,primary,loso_stimulus_heldout,class_window_matched,eegnet,none,5.0,128.0,False,none,0.0,20260530,22,dreamer__valence__loso_stimulus_heldout.csv,bd399c0d855e396785b2d301d5dbd474ba1a476dceb0f68ae0d9fb6091cdf593,caa967c82547497f9db3640c80eb25b6adcaa1b9f83229389d953a03d98f9db0,934aa47456a8fa7f0d2c76968044b095a91bb709b64685a428b803e17238773a,70d32f077ae64846826148045e47c716ccde6d6db7ff70fe3942a95812d5b899,2c6e869ebb0a061bd295bafeabb1ae7bdabe9d7c5754a76c4246660bda75550c
deep_stimulus_holdout_matched/dreamer_loso_stimulus_heldout_valence_eegnet_none_bs128_seed20260531,deep,dreamer,valence,dreamer_valence_gt3_tie_low_v1,primary,loso_stimulus_heldout,class_window_matched,eegnet,none,5.0,128.0,False,none,0.0,20260531,22,dreamer__valence__loso_stimulus_heldout.csv,bd399c0d855e396785b2d301d5dbd474ba1a476dceb0f68ae0d9fb6091cdf593,caa967c82547497f9db3640c80eb25b6adcaa1b9f83229389d953a03d98f9db0,934aa47456a8fa7f0d2c76968044b095a91bb709b64685a428b803e17238773a,aacb2e115cb43ca526073b931250dd32bec1dfb0bf66a255d0379bde6500ca55,2c6e869ebb0a061bd295bafeabb1ae7bdabe9d7c5754a76c4246660bda75550c
deep_stimulus_holdout_matched/dreamer_loso_stimulus_heldout_valence_eegnet_none_bs128_seed20260532,deep,dreamer,valence,dreamer_valence_gt3_tie_low_v1,primary,loso_stimulus_heldout,class_window_matched,eegnet,none,5.0,128.0,False,none,0.0,20260532,22,dreamer__valence__loso_stimulus_heldout.csv,bd399c0d855e396785b2d301d5dbd474ba1a476dceb0f68ae0d9fb6091cdf593,caa967c82547497f9db3640c80eb25b6adcaa1b9f83229389d953a03d98f9db0,934aa47456a8fa7f0d2c76968044b095a91bb709b64685a428b803e17238773a,896e5be4536c6197e52af1e8e3d8ef05a0f51e18ae9ff9e266ed65da38ebde6e,2c6e869ebb0a061bd295bafeabb1ae7bdabe9d7c5754a76c4246660bda75550c
deep_stimulus_holdout_matched/dreamer_loso_stimulus_heldout_valence_shallow_convnet_none_bs128_seed20260530,deep,dreamer,valence,dreamer_valence_gt3_tie_low_v1,primary,loso_stimulus_heldout,class_window_matched,shallow_convnet,none,5.0,128.0,False,none,0.0,20260530,22,dreamer__valence__loso_stimulus_heldout.csv,bd399c0d855e396785b2d301d5dbd474ba1a476dceb0f68ae0d9fb6091cdf593,caa967c82547497f9db3640c80eb25b6adcaa1b9f83229389d953a03d98f9db0,934aa47456a8fa7f0d2c76968044b095a91bb709b64685a428b803e17238773a,638000a09a2380cf366ae85dd86d2ace55fe35daeb0fe5066030b298cbc572d0,f6e56221d77b57185b8ef0091df724939b9c3e88818319671a98bd56c442207d
deep_stimulus_holdout_matched/dreamer_loso_stimulus_heldout_valence_shallow_convnet_none_bs128_seed20260531,deep,dreamer,valence,dreamer_valence_gt3_tie_low_v1,primary,loso_stimulus_heldout,class_window_matched,shallow_convnet,none,5.0,128.0,False,none,0.0,20260531,22,dreamer__valence__loso_stimulus_heldout.csv,bd399c0d855e396785b2d301d5dbd474ba1a476dceb0f68ae0d9fb6091cdf593,caa967c82547497f9db3640c80eb25b6adcaa1b9f83229389d953a03d98f9db0,934aa47456a8fa7f0d2c76968044b095a91bb709b64685a428b803e17238773a,cec6c039fce4a8d83d7ad7ba2188754e2318b3bd1f52d629cebb2cb6e94cef03,f6e56221d77b57185b8ef0091df724939b9c3e88818319671a98bd56c442207d
deep_stimulus_holdout_matched/dreamer_loso_stimulus_heldout_valence_shallow_convnet_none_bs128_seed20260532,deep,dreamer,valence,dreamer_valence_gt3_tie_low_v1,primary,loso_stimulus_heldout,class_window_matched,shallow_convnet,none,5.0,128.0,False,none,0.0,20260532,22,dreamer__valence__loso_stimulus_heldout.csv,bd399c0d855e396785b2d301d5dbd474ba1a476dceb0f68ae0d9fb6091cdf593,caa967c82547497f9db3640c80eb25b6adcaa1b9f83229389d953a03d98f9db0,934aa47456a8fa7f0d2c76968044b095a91bb709b64685a428b803e17238773a,4008a0e0ac58bf472aac0ddc28f47050092e4002db2f2f285e58d70a17eb44f1,f6e56221d77b57185b8ef0091df724939b9c3e88818319671a98bd56c442207d
deep_stimulus_holdout_matched/dreamer_loso_stimulus_seen_arousal_eegnet_none_bs128_seed20260530,deep,dreamer,arousal,dreamer_arousal_gt3_tie_low_v1,primary,loso_stimulus_seen,class_window_matched,eegnet,none,5.0,128.0,False,none,0.0,20260530,23,dreamer__arousal__loso_stimulus_seen.csv,647182b37205428e50209a5f88ae610203e2b22ee3b45a745e413d428665ae4a,70a67e6298ef8a61303716b8e640b4e40b7cdef49648c2b4c8bf1c31bd9bad87,190e51ac27a21ef44e9d103cc903b5c8fc3306eedbe4519efff734d6bfb9b469,1b8da0f909bf1156de71bde9ed2c33b7cf89160ddfec357545f8fc3fb53bce55,637b7a465871cfd275bde8c5195be7c38f5cd5af4f98f73611a4012a054942c8
deep_stimulus_holdout_matched/dreamer_loso_stimulus_seen_valence_eegnet_none_bs128_seed20260530,deep,dreamer,valence,dreamer_valence_gt3_tie_low_v1,primary,loso_stimulus_seen,class_window_matched,eegnet,none,5.0,128.0,False,none,0.0,20260530,22,dreamer__valence__loso_stimulus_seen.csv,31a8235405ad0112c6c7f6c59884ec704dc4be31657740e5fc9aa95b5a37b2df,10d95741706338c388684a158904ea52353da848a37d4c44012e9f0afcee9f41,934aa47456a8fa7f0d2c76968044b095a91bb709b64685a428b803e17238773a,a8dd86fb42b2ba783caef683ed1a2fa503badaaeb38fc2fed65cbb3112cd7a92,9a48923be4a559e59f726fe7fffafad3e4713f6cc17b82909f5576f8656a50a9
deep_stimulus_holdout_matched/dreamer_loso_stimulus_seen_valence_eegnet_none_bs128_seed20260531,deep,dreamer,valence,dreamer_valence_gt3_tie_low_v1,primary,loso_stimulus_seen,class_window_matched,eegnet,none,5.0,128.0,False,none,0.0,20260531,22,dreamer__valence__loso_stimulus_seen.csv,31a8235405ad0112c6c7f6c59884ec704dc4be31657740e5fc9aa95b5a37b2df,10d95741706338c388684a158904ea52353da848a37d4c44012e9f0afcee9f41,934aa47456a8fa7f0d2c76968044b095a91bb709b64685a428b803e17238773a,4a19b8b3b61e33920b0d8f1bc8b6767bdadbde52f863eb2956c1d909552fa5a5,9a48923be4a559e59f726fe7fffafad3e4713f6cc17b82909f5576f8656a50a9
deep_stimulus_holdout_matched/dreamer_loso_stimulus_seen_valence_eegnet_none_bs128_seed20260532,deep,dreamer,valence,dreamer_valence_gt3_tie_low_v1,primary,loso_stimulus_seen,class_window_matched,eegnet,none,5.0,128.0,False,none,0.0,20260532,22,dreamer__valence__loso_stimulus_seen.csv,31a8235405ad0112c6c7f6c59884ec704dc4be31657740e5fc9aa95b5a37b2df,10d95741706338c388684a158904ea52353da848a37d4c44012e9f0afcee9f41,934aa47456a8fa7f0d2c76968044b095a91bb709b64685a428b803e17238773a,49292504c1e708fc6944fd0d4977e92b3dfba05186a9e2ba68b08e4f22a03c20,9a48923be4a559e59f726fe7fffafad3e4713f6cc17b82909f5576f8656a50a9
deep_stimulus_holdout_matched/dreamer_loso_stimulus_seen_valence_shallow_convnet_none_bs128_seed20260530,deep,dreamer,valence,dreamer_valence_gt3_tie_low_v1,primary,loso_stimulus_seen,class_window_matched,shallow_convnet,none,5.0,128.0,False,none,0.0,20260530,22,dreamer__valence__loso_stimulus_seen.csv,31a8235405ad0112c6c7f6c59884ec704dc4be31657740e5fc9aa95b5a37b2df,10d95741706338c388684a158904ea52353da848a37d4c44012e9f0afcee9f41,934aa47456a8fa7f0d2c76968044b095a91bb709b64685a428b803e17238773a,7486ffe7f11999b42d210f13ebe01a1a422fe0044de40b9930274e3cfe3526ad,b0f2cb977ae11b69dee674de49af9c632c88ba21d0afa084cc28a11b7706be47
deep_stimulus_holdout_matched/dreamer_loso_stimulus_seen_valence_shallow_convnet_none_bs128_seed20260531,deep,dreamer,valence,dreamer_valence_gt3_tie_low_v1,primary,loso_stimulus_seen,class_window_matched,shallow_convnet,none,5.0,128.0,False,none,0.0,20260531,22,dreamer__valence__loso_stimulus_seen.csv,31a8235405ad0112c6c7f6c59884ec704dc4be31657740e5fc9aa95b5a37b2df,10d95741706338c388684a158904ea52353da848a37d4c44012e9f0afcee9f41,934aa47456a8fa7f0d2c76968044b095a91bb709b64685a428b803e17238773a,07cdeb92d8093f678f9d3fa37fb82ebb27aaf93e1061061f203b4f40926089a1,b0f2cb977ae11b69dee674de49af9c632c88ba21d0afa084cc28a11b7706be47
deep_stimulus_holdout_matched/dreamer_loso_stimulus_seen_valence_shallow_convnet_none_bs128_seed20260532,deep,dreamer,valence,dreamer_valence_gt3_tie_low_v1,primary,loso_stimulus_seen,class_window_matched,shallow_convnet,none,5.0,128.0,False,none,0.0,20260532,22,dreamer__valence__loso_stimulus_seen.csv,31a8235405ad0112c6c7f6c59884ec704dc4be31657740e5fc9aa95b5a37b2df,10d95741706338c388684a158904ea52353da848a37d4c44012e9f0afcee9f41,934aa47456a8fa7f0d2c76968044b095a91bb709b64685a428b803e17238773a,9d78879b95ba5a431b162a1fa0c88c1b02ff1579113dcd96d00ff0e2404227ce,b0f2cb977ae11b69dee674de49af9c632c88ba21d0afa084cc28a11b7706be47
deep_stimulus_holdout_matched/seed_iv_loso_stimulus_heldout_emotion_eegnet_none_bs128_seed20260530,deep,seed_iv,emotion,seed_iv_emotion_codes_v1,primary,loso_stimulus_heldout,class_window_matched,eegnet,none,5.0,128.0,False,none,0.0,20260530,15,seed_iv__emotion__loso_stimulus_heldout.csv,405caf473f0272874c7ab9d05c1bd45a9009d3cc75318ab69815590cdbdfac08,3d0b7f4564e420619d64edae6ac399aa1a088f79fb4202870eafa891e684d973,ab8de2bc1e80c91c58430a2684e5ffdef73b575146fe217ee9b0f1f3d1765222,8be28d1daddfe316ad0f09fcc41a700fd61ec9f8fe1d827a63a8e68c5f91d461,39654992ff09c19a7f20b76805f75b3f530f50ae2efa48743834b7fef5547fed
deep_stimulus_holdout_matched/seed_iv_loso_stimulus_heldout_emotion_eegnet_none_bs128_seed20260531,deep,seed_iv,emotion,seed_iv_emotion_codes_v1,primary,loso_stimulus_heldout,class_window_matched,eegnet,none,5.0,128.0,False,none,0.0,20260531,15,seed_iv__emotion__loso_stimulus_heldout.csv,405caf473f0272874c7ab9d05c1bd45a9009d3cc75318ab69815590cdbdfac08,3d0b7f4564e420619d64edae6ac399aa1a088f79fb4202870eafa891e684d973,ab8de2bc1e80c91c58430a2684e5ffdef73b575146fe217ee9b0f1f3d1765222,93be12332527481f3da7eda1ca7a66878827c8d4f530656f56c49b98b47a0c20,39654992ff09c19a7f20b76805f75b3f530f50ae2efa48743834b7fef5547fed
deep_stimulus_holdout_matched/seed_iv_loso_stimulus_heldout_emotion_eegnet_none_bs128_seed20260532,deep,seed_iv,emotion,seed_iv_emotion_codes_v1,primary,loso_stimulus_heldout,class_window_matched,eegnet,none,5.0,128.0,False,none,0.0,20260532,15,seed_iv__emotion__loso_stimulus_heldout.csv,405caf473f0272874c7ab9d05c1bd45a9009d3cc75318ab69815590cdbdfac08,3d0b7f4564e420619d64edae6ac399aa1a088f79fb4202870eafa891e684d973,ab8de2bc1e80c91c58430a2684e5ffdef73b575146fe217ee9b0f1f3d1765222,8adff1b9b11bc6c0ac13ceb29d9b49ec152bb0b87c92de274f3f1e44f710a953,39654992ff09c19a7f20b76805f75b3f530f50ae2efa48743834b7fef5547fed
deep_stimulus_holdout_matched/seed_iv_loso_stimulus_heldout_emotion_shallow_convnet_none_bs128_seed20260530,deep,seed_iv,emotion,seed_iv_emotion_codes_v1,primary,loso_stimulus_heldout,class_window_matched,shallow_convnet,none,5.0,128.0,False,none,0.0,20260530,15,seed_iv__emotion__loso_stimulus_heldout.csv,405caf473f0272874c7ab9d05c1bd45a9009d3cc75318ab69815590cdbdfac08,3d0b7f4564e420619d64edae6ac399aa1a088f79fb4202870eafa891e684d973,ab8de2bc1e80c91c58430a2684e5ffdef73b575146fe217ee9b0f1f3d1765222,ab98b81628138c5a448e15829b03fa8d7fa81740f6ee2aab1c2a873ed4482a1f,53286068e58e14ca1b0160e2a3bcb7a25d9c51b775bf5f5d663aa0107ea3c357
deep_stimulus_holdout_matched/seed_iv_loso_stimulus_heldout_emotion_shallow_convnet_none_bs128_seed20260531,deep,seed_iv,emotion,seed_iv_emotion_codes_v1,primary,loso_stimulus_heldout,class_window_matched,shallow_convnet,none,5.0,128.0,False,none,0.0,20260531,15,seed_iv__emotion__loso_stimulus_heldout.csv,405caf473f0272874c7ab9d05c1bd45a9009d3cc75318ab69815590cdbdfac08,3d0b7f4564e420619d64edae6ac399aa1a088f79fb4202870eafa891e684d973,ab8de2bc1e80c91c58430a2684e5ffdef73b575146fe217ee9b0f1f3d1765222,b4f881c98942e3eaab256f80944716ce5598037dd1636421709a3d97a7d9868a,53286068e58e14ca1b0160e2a3bcb7a25d9c51b775bf5f5d663aa0107ea3c357
deep_stimulus_holdout_matched/seed_iv_loso_stimulus_heldout_emotion_shallow_convnet_none_bs128_seed20260532,deep,seed_iv,emotion,seed_iv_emotion_codes_v1,primary,loso_stimulus_heldout,class_window_matched,shallow_convnet,none,5.0,128.0,False,none,0.0,20260532,15,seed_iv__emotion__loso_stimulus_heldout.csv,405caf473f0272874c7ab9d05c1bd45a9009d3cc75318ab69815590cdbdfac08,3d0b7f4564e420619d64edae6ac399aa1a088f79fb4202870eafa891e684d973,ab8de2bc1e80c91c58430a2684e5ffdef73b575146fe217ee9b0f1f3d1765222,8009725be935975c50e5609505b34a5b89ab231c5863845d291b82f650b33802,53286068e58e14ca1b0160e2a3bcb7a25d9c51b775bf5f5d663aa0107ea3c357
deep_stimulus_holdout_matched/seed_iv_loso_stimulus_seen_emotion_eegnet_none_bs128_seed20260530,deep,seed_iv,emotion,seed_iv_emotion_codes_v1,primary,loso_stimulus_seen,class_window_matched,eegnet,none,5.0,128.0,False,none,0.0,20260530,15,seed_iv__emotion__loso_stimulus_seen.csv,b5175b50822bc44ceb5f4347d111a7552aa02be32f8fbf0137c8ec455a1941c2,f9594113a7aad893db636cecdcfe2f8d5b745da8f8c0f9eaf62f9c529de0f0b4,ab8de2bc1e80c91c58430a2684e5ffdef73b575146fe217ee9b0f1f3d1765222,0ab3da087b7ff83f68da7e978985ab8d437db2487f6c4575ef75c7e2d2c97684,9af82b409fbfae6db78d2c9a1a55a842677f497f14370737cc5b0aa34e4696f9
deep_stimulus_holdout_matched/seed_iv_loso_stimulus_seen_emotion_eegnet_none_bs128_seed20260531,deep,seed_iv,emotion,seed_iv_emotion_codes_v1,primary,loso_stimulus_seen,class_window_matched,eegnet,none,5.0,128.0,False,none,0.0,20260531,15,seed_iv__emotion__loso_stimulus_seen.csv,b5175b50822bc44ceb5f4347d111a7552aa02be32f8fbf0137c8ec455a1941c2,f9594113a7aad893db636cecdcfe2f8d5b745da8f8c0f9eaf62f9c529de0f0b4,ab8de2bc1e80c91c58430a2684e5ffdef73b575146fe217ee9b0f1f3d1765222,4adbcdb0670a70e93f2f807fd7d4d88f7e1e66c33361d3b12ab53f7f25278387,9af82b409fbfae6db78d2c9a1a55a842677f497f14370737cc5b0aa34e4696f9
deep_stimulus_holdout_matched/seed_iv_loso_stimulus_seen_emotion_eegnet_none_bs128_seed20260532,deep,seed_iv,emotion,seed_iv_emotion_codes_v1,primary,loso_stimulus_seen,class_window_matched,eegnet,none,5.0,128.0,False,none,0.0,20260532,15,seed_iv__emotion__loso_stimulus_seen.csv,b5175b50822bc44ceb5f4347d111a7552aa02be32f8fbf0137c8ec455a1941c2,f9594113a7aad893db636cecdcfe2f8d5b745da8f8c0f9eaf62f9c529de0f0b4,ab8de2bc1e80c91c58430a2684e5ffdef73b575146fe217ee9b0f1f3d1765222,37a750e77e9a5b6ff65dc242497e895f87b1fff9e2bbdd6e7bd314aa44938f2a,9af82b409fbfae6db78d2c9a1a55a842677f497f14370737cc5b0aa34e4696f9
deep_stimulus_holdout_matched/seed_iv_loso_stimulus_seen_emotion_shallow_convnet_none_bs128_seed20260530,deep,seed_iv,emotion,seed_iv_emotion_codes_v1,primary,loso_stimulus_seen,class_window_matched,shallow_convnet,none,5.0,128.0,False,none,0.0,20260530,15,seed_iv__emotion__loso_stimulus_seen.csv,b5175b50822bc44ceb5f4347d111a7552aa02be32f8fbf0137c8ec455a1941c2,f9594113a7aad893db636cecdcfe2f8d5b745da8f8c0f9eaf62f9c529de0f0b4,ab8de2bc1e80c91c58430a2684e5ffdef73b575146fe217ee9b0f1f3d1765222,3cade1785ac623446c13c8ff7ce0dfebe8d39b48759f4ad0a00f70036026d103,1d2f4fba76b59bd98a52f572c6152122eca0c6d81b3fcd559ecc25d42eac9fad
deep_stimulus_holdout_matched/seed_iv_loso_stimulus_seen_emotion_shallow_convnet_none_bs128_seed20260531,deep,seed_iv,emotion,seed_iv_emotion_codes_v1,primary,loso_stimulus_seen,class_window_matched,shallow_convnet,none,5.0,128.0,False,none,0.0,20260531,15,seed_iv__emotion__loso_stimulus_seen.csv,b5175b50822bc44ceb5f4347d111a7552aa02be32f8fbf0137c8ec455a1941c2,f9594113a7aad893db636cecdcfe2f8d5b745da8f8c0f9eaf62f9c529de0f0b4,ab8de2bc1e80c91c58430a2684e5ffdef73b575146fe217ee9b0f1f3d1765222,3478ea38bfcf75c31df397d6223336b5dc18dc67e3565165768522b071df3a0d,1d2f4fba76b59bd98a52f572c6152122eca0c6d81b3fcd559ecc25d42eac9fad
deep_stimulus_holdout_matched/seed_iv_loso_stimulus_seen_emotion_shallow_convnet_none_bs128_seed20260532,deep,seed_iv,emotion,seed_iv_emotion_codes_v1,primary,loso_stimulus_seen,class_window_matched,shallow_convnet,none,5.0,128.0,False,none,0.0,20260532,15,seed_iv__emotion__loso_stimulus_seen.csv,b5175b50822bc44ceb5f4347d111a7552aa02be32f8fbf0137c8ec455a1941c2,f9594113a7aad893db636cecdcfe2f8d5b745da8f8c0f9eaf62f9c529de0f0b4,ab8de2bc1e80c91c58430a2684e5ffdef73b575146fe217ee9b0f1f3d1765222,57d04109c5a691469bbcbd2b1a8acad3908d709cc5067d11dc3b2517da37359a,1d2f4fba76b59bd98a52f572c6152122eca0c6d81b3fcd559ecc25d42eac9fad
deep_training_fit/dreamer_strict_loso_valence_eegnet_none_bs128_seed20260530_eval_train,deep,dreamer,valence,dreamer_valence_gt3_tie_low_v1,primary,strict_loso,primary,eegnet,none,5.0,128.0,False,none,0.0,20260530,23,dreamer__valence__strict_loso.csv,87e88d2b7c2776aace70bca6ad9970f80c2def226e43531e7728e071653743c8,cf8a3b229f26d6be01ca8917ff3df4eeccba264398b88f2427ca39b00a7a784d,934aa47456a8fa7f0d2c76968044b095a91bb709b64685a428b803e17238773a,bd3086af067188cc5bea232459379ea22067d86bf19c37935c3f921924c194c1,98481ed8f3d1f8ab07a8ec37f0bbad12e900b4d3b226c837b8bbb15e49b22083
deep_training_fit/seed_iv_strict_loso_emotion_shallow_convnet_none_bs128_seed20260530_eval_train,deep,seed_iv,emotion,seed_iv_emotion_codes_v1,primary,strict_loso,primary,shallow_convnet,none,5.0,128.0,False,none,0.0,20260530,15,seed_iv__emotion__strict_loso.csv,eb2bb080b7b96d6347863b0e12ecccc1029784eb1688e9822ff03a82e7deb332,404138dd3bd416252cdb0f6a9908a02e850c24bc540faec5566f70927835fa0d,ab8de2bc1e80c91c58430a2684e5ffdef73b575146fe217ee9b0f1f3d1765222,ca9e8909dff6897a78ba3153420f6efc8f49e903a407b50fe195b9c3b595dbe7,b6f5ed148bd7ddd3cdc1b086dbc9911a9000f3c75b989f2ae3ae334d8f2c3605
